station_key,date,year,month,day_of_week,public_holiday,school_holiday,daily_total,hour_00,hour_01,hour_02,hour_03,hour_04,hour_05,hour_06,hour_07,hour_08,hour_09,hour_10,hour_11,hour_12,hour_13,hour_14,hour_15,hour_16,hour_17,hour_18,hour_19,hour_20,hour_21,hour_22,hour_23
55432,2008-10-28T00:00:00Z,2008,10,2,False,False,16105,117.0,52.0,51.0,47.0,64.0,299,884,989,1049.0,935.0,987.0,999.0,865,909,902,927,951,1177.0,1130,784,728.0,547.0,434.0,278.0
55432,2008-10-30T00:00:00Z,2008,10,4,False,False,17041,157.0,91.0,46.0,47.0,80.0,308,854,1061,1029.0,939.0,930.0,955.0,997,916,952,1039,1051,1204.0,1104,961,749.0,645.0,583.0,343.0
55432,2008-11-05T00:00:00Z,2008,11,3,False,False,16418,121.0,83.0,73.0,58.0,74.0,318,919,1050,1026.0,1041.0,968.0,943.0,893,875,887,966,961,1102.0,1052,802,672.0,656.0,526.0,352.0
55432,2008-11-10T00:00:00Z,2008,11,1,False,False,15472,187.0,69.0,46.0,51.0,71.0,277,877,1033,993.0,900.0,839.0,931.0,925,866,890,877,973,1156.0,1052,697,603.0,563.0,378.0,218.0
55432,2008-11-13T00:00:00Z,2008,11,4,False,False,17448,184.0,86.0,56.0,47.0,81.0,335,866,1014,1040.0,1004.0,960.0,1009.0,1042,981,931,1008,1049,1232.0,1077,1013,737.0,675.0,617.0,404.0
55432,2008-11-15T00:00:00Z,2008,11,6,False,False,16704,364.0,195.0,140.0,87.0,94.0,175,477,642,973.0,916.0,1032.0,993.0,1136,1145,1112,1076,1004,1034.0,909,809,679.0,542.0,617.0,553.0
55432,2008-11-16T00:00:00Z,2008,11,7,False,False,15432,431.0,256.0,144.0,134.0,96.0,112,233,374,519.0,733.0,945.0,1009.0,1093,1125,1033,1076,1100,1143.0,1216,841,576.0,518.0,472.0,253.0
55432,2008-11-22T00:00:00Z,2008,11,6,False,False,18185,381.0,233.0,140.0,118.0,76.0,182,527,731,976.0,1089.0,1157.0,1172.0,1340,1217,1199,1099,1055,976.0,962,934,803.0,568.0,656.0,594.0
55432,2008-11-25T00:00:00Z,2008,11,2,False,False,17408,111.0,78.0,38.0,50.0,68.0,294,958,997,1041.0,1021.0,899.0,897.0,971,938,940,954,998,1264.0,1233,1119,856.0,673.0,633.0,377.0
55432,2008-11-29T00:00:00Z,2008,11,6,False,False,18093,512.0,251.0,189.0,140.0,101.0,170,438,695,954.0,987.0,1034.0,1141.0,1283,1243,1219,1129,1099,965.0,986,890,759.0,646.0,599.0,663.0
55432,2008-12-05T00:00:00Z,2008,12,5,False,False,18114,194.0,101.0,66.0,67.0,112.0,339,859,1012,1046.0,1006.0,1001.0,986.0,1025,1023,1055,1063,1059,1088.0,1088,1036,817.0,756.0,676.0,639.0
55432,2008-12-06T00:00:00Z,2008,12,6,False,False,18457,473.0,250.0,168.0,122.0,112.0,189,520,744,1024.0,1104.0,1146.0,1245.0,1248,1257,1157,1043,1112,1071.0,998,938,756.0,571.0,614.0,595.0
55432,2008-12-07T00:00:00Z,2008,12,7,False,False,15487,524.0,292.0,184.0,154.0,108.0,148,222,461,603.0,837.0,994.0,1167.0,1241,1094,1106,953,967,972.0,929,666,602.0,539.0,472.0,252.0
55432,2008-12-08T00:00:00Z,2008,12,1,False,False,15557,159.0,84.0,51.0,39.0,67.0,306,774,945,1017.0,987.0,905.0,902.0,857,873,884,926,928,1189.0,1099,755,575.0,537.0,451.0,247.0
55432,2008-12-09T00:00:00Z,2008,12,2,False,False,17913,128.0,87.0,61.0,45.0,72.0,326,911,981,1092.0,989.0,1016.0,1031.0,988,1034,1010,1072,1004,1188.0,1195,1182,865.0,620.0,552.0,464.0
55432,2008-12-11T00:00:00Z,2008,12,4,False,False,17260,177.0,89.0,69.0,51.0,97.0,305,868,908,1048.0,966.0,928.0,1009.0,899,994,1006,969,1061,1162.0,1191,928,750.0,677.0,628.0,480.0
55432,2008-12-15T00:00:00Z,2008,12,1,False,False,15981,180.0,86.0,50.0,69.0,74.0,287,884,885,1034.0,960.0,919.0,885.0,931,991,911,920,1004,1153.0,1095,737,620.0,553.0,505.0,248.0
55432,2008-12-21T00:00:00Z,2008,12,7,False,True,15563,379.0,254.0,138.0,141.0,109.0,136,230,391,617.0,814.0,967.0,1025.0,1193,1156,1101,1172,1298,884.0,842,761,627.0,547.0,481.0,300.0
55432,2008-12-23T00:00:00Z,2008,12,2,False,True,15611,148.0,87.0,45.0,57.0,73.0,248,725,800,898.0,942.0,1004.0,1024.0,1053,1003,1003,901,912,954.0,860,771,627.0,624.0,517.0,335.0
55432,2008-09-05T00:00:00Z,2008,9,5,False,False,16594,197.0,72.0,72.0,59.0,86.0,270,829,997,1084.0,959.0,878.0,885.0,802,907,1007,1070,1058,1135.0,1013,1006,628.0,546.0,577.0,457.0
55432,2008-09-06T00:00:00Z,2008,9,6,False,False,15462,368.0,197.0,139.0,102.0,77.0,132,386,598,765.0,899.0,971.0,1042.0,1000,983,959,983,834,887.0,929,967,577.0,514.0,574.0,579.0
55432,2008-09-07T00:00:00Z,2008,9,7,False,False,14134,382.0,228.0,144.0,113.0,86.0,104,197,297,460.0,782.0,889.0,1061.0,1171,1011,1012,928,1039,950.0,853,654,584.0,530.0,417.0,242.0
55432,2008-09-09T00:00:00Z,2008,9,2,False,False,16182,131.0,48.0,38.0,43.0,57.0,303,856,1019,967.0,987.0,928.0,872.0,902,857,947,981,1000,1111.0,1128,1014,713.0,560.0,453.0,267.0
55432,2008-09-12T00:00:00Z,2008,9,5,False,False,17654,165.0,84.0,65.0,44.0,83.0,272,884,961,1031.0,1050.0,1039.0,1019.0,986,1045,1083,1089,1094,1166.0,1105,1025,653.0,573.0,630.0,508.0
55432,2008-09-13T00:00:00Z,2008,9,6,False,False,17666,330.0,197.0,143.0,102.0,95.0,188,527,678,902.0,1146.0,1167.0,1177.0,1180,1229,1152,1192,1057,944.0,1013,921,633.0,567.0,570.0,556.0
55432,2008-09-16T00:00:00Z,2008,9,2,False,False,15976,102.0,55.0,42.0,44.0,70.0,300,897,981,977.0,949.0,941.0,901.0,949,925,907,961,1000,1134.0,1016,806,713.0,624.0,428.0,254.0
55432,2008-09-19T00:00:00Z,2008,9,5,False,False,17477,185.0,81.0,72.0,51.0,70.0,303,887,1017,1011.0,1046.0,971.0,1007.0,1017,1046,1074,1136,1016,1060.0,960,966,722.0,620.0,640.0,519.0
55432,2008-10-08T00:00:00Z,2008,10,3,False,True,16592,134.0,72.0,47.0,37.0,75.0,284,836,920,954.0,1059.0,1030.0,985.0,951,979,936,988,979,1134.0,1048,929,687.0,679.0,545.0,304.0
55432,2008-10-09T00:00:00Z,2008,10,4,False,True,16369,177.0,72.0,50.0,52.0,80.0,284,807,909,943.0,992.0,956.0,916.0,948,876,900,890,935,1152.0,1134,1007,699.0,682.0,559.0,349.0
55432,2008-10-12T00:00:00Z,2008,10,7,False,True,15857,451.0,243.0,180.0,129.0,114.0,153,230,365,595.0,818.0,926.0,1174.0,1366,1259,1158,1093,1146,940.0,846,754,635.0,546.0,415.0,321.0
55432,2008-10-25T00:00:00Z,2008,10,6,False,False,18210,327.0,193.0,146.0,114.0,82.0,183,525,730,1038.0,1093.0,1264.0,1204.0,1295,1292,1193,1187,1075,1011.0,970,802,736.0,606.0,580.0,564.0
55432,2008-10-31T00:00:00Z,2008,10,5,False,False,17253,192.0,100.0,60.0,60.0,86.0,306,873,1056,1023.0,1008.0,1097.0,1013.0,1029,1008,1011,962,999,1112.0,956,862,743.0,604.0,574.0,519.0
55432,2008-11-06T00:00:00Z,2008,11,4,False,False,16998,148.0,92.0,62.0,43.0,82.0,283,919,1041,1050.0,968.0,932.0,965.0,951,956,967,971,976,1225.0,1102,875,733.0,654.0,653.0,350.0
55432,2008-11-09T00:00:00Z,2008,11,7,False,False,14887,457.0,240.0,162.0,97.0,122.0,122,218,371,554.0,806.0,1013.0,1013.0,1088,1130,1011,976,974,1059.0,884,690,617.0,567.0,429.0,287.0
55432,2008-11-11T00:00:00Z,2008,11,2,False,False,16188,117.0,69.0,41.0,45.0,78.0,319,898,989,1044.0,968.0,893.0,873.0,916,897,916,933,996,1140.0,1121,825,669.0,648.0,498.0,295.0
55432,2008-11-12T00:00:00Z,2008,11,3,False,False,17217,141.0,73.0,66.0,61.0,93.0,314,959,1058,1029.0,985.0,890.0,980.0,1017,936,970,989,960,1224.0,1152,896,786.0,705.0,563.0,370.0
55432,2008-11-17T00:00:00Z,2008,11,1,False,False,15593,138.0,59.0,58.0,49.0,76.0,276,841,972,983.0,957.0,879.0,878.0,837,901,896,867,971,1260.0,1086,759,647.0,601.0,389.0,213.0
55432,2008-11-28T00:00:00Z,2008,11,5,False,False,17690,294.0,103.0,70.0,55.0,87.0,341,858,972,1040.0,1039.0,999.0,990.0,910,1017,1021,1034,1076,1029.0,994,1060,941.0,610.0,548.0,602.0
55432,2008-12-02T00:00:00Z,2008,12,2,False,False,16606,138.0,58.0,48.0,53.0,85.0,307,869,985,999.0,955.0,912.0,938.0,1005,931,965,920,986,1215.0,1096,945,683.0,633.0,546.0,334.0
55432,2008-12-03T00:00:00Z,2008,12,3,False,False,17426,171.0,80.0,48.0,38.0,88.0,314,874,1011,1024.0,1083.0,1005.0,1002.0,984,885,913,976,981,1224.0,1189,961,809.0,802.0,598.0,366.0
55432,2008-09-14T00:00:00Z,2008,9,7,False,False,14506,410.0,269.0,126.0,89.0,97.0,122,210,328,478.0,805.0,920.0,1182.0,1275,1211,934,902,999,940.0,864,684,539.0,489.0,392.0,241.0
55432,2008-09-17T00:00:00Z,2008,9,3,False,False,16937,126.0,58.0,37.0,43.0,68.0,304,895,984,1061.0,1046.0,1041.0,974.0,983,975,890,1012,981,1127.0,1139,952,717.0,654.0,572.0,298.0
55432,2008-09-20T00:00:00Z,2008,9,6,False,False,18708,358.0,213.0,131.0,88.0,89.0,212,535,752,1012.0,1117.0,1193.0,1238.0,1404,1389,1251,1209,1275,1040.0,954,838,692.0,540.0,595.0,583.0
55432,2008-09-21T00:00:00Z,2008,9,7,False,False,12764,440.0,237.0,151.0,121.0,124.0,17,41,36,17.0,29.0,287.0,1362.0,1359,1231,1129,1057,1036,866.0,904,646,555.0,482.0,396.0,241.0
55432,2008-09-24T00:00:00Z,2008,9,3,False,False,16911,130.0,72.0,63.0,38.0,79.0,296,913,1062,1050.0,1018.0,931.0,967.0,951,901,958,1046,1021,1105.0,1058,974,715.0,702.0,546.0,315.0
55432,2008-09-25T00:00:00Z,2008,9,4,False,False,17453,162.0,66.0,55.0,45.0,92.0,318,919,988,1015.0,1114.0,952.0,938.0,1015,1019,989,994,1042,1148.0,1106,1073,719.0,663.0,655.0,366.0
55432,2008-09-29T00:00:00Z,2008,9,1,False,True,15023,120.0,52.0,28.0,50.0,74.0,307,889,908,880.0,975.0,953.0,950.0,928,841,845,901,906,1052.0,987,707,585.0,482.0,373.0,230.0
55432,2008-10-07T00:00:00Z,2008,10,2,False,True,15839,122.0,54.0,40.0,36.0,65.0,243,763,940,938.0,974.0,893.0,991.0,964,968,913,859,965,1145.0,1110,860,632.0,634.0,450.0,280.0
55432,2008-10-10T00:00:00Z,2008,10,5,False,True,17367,168.0,105.0,52.0,56.0,77.0,259,841,878,926.0,1074.0,1016.0,1026.0,1090,1057,1018,1126,966,1148.0,1026,1054,724.0,607.0,590.0,483.0
55432,2008-10-16T00:00:00Z,2008,10,4,False,False,17203,157.0,88.0,55.0,46.0,80.0,289,869,970,966.0,1017.0,975.0,960.0,992,935,1002,970,1087,1232.0,1084,1015,747.0,736.0,548.0,383.0
55432,2008-10-17T00:00:00Z,2008,10,5,False,False,17176,234.0,97.0,54.0,50.0,76.0,290,900,979,1059.0,1076.0,1001.0,1020.0,1020,1000,1036,987,967,1040.0,961,839,727.0,647.0,598.0,518.0
55432,2008-10-18T00:00:00Z,2008,10,6,False,False,18719,360.0,209.0,136.0,89.0,104.0,190,515,740,1030.0,1081.0,1155.0,1273.0,1375,1326,1317,1094,1084,1053.0,1076,881,732.0,635.0,591.0,673.0
55432,2008-10-20T00:00:00Z,2008,10,1,False,False,15745,116.0,83.0,57.0,40.0,61.0,288,864,1004,1055.0,951.0,905.0,894.0,858,930,840,996,1046,1178.0,993,770,647.0,573.0,389.0,207.0
55432,2008-10-21T00:00:00Z,2008,10,2,False,False,16255,116.0,50.0,24.0,48.0,66.0,295,841,965,1039.0,995.0,969.0,862.0,857,907,903,967,1019,1162.0,1240,841,697.0,611.0,520.0,261.0
55432,2008-09-10T00:00:00Z,2008,9,3,False,False,16855,136.0,76.0,43.0,40.0,74.0,278,896,1027,1050.0,1072.0,976.0,980.0,898,908,910,929,1006,1108.0,1176,1017,791.0,587.0,555.0,322.0
55432,2008-09-11T00:00:00Z,2008,9,4,False,False,16960,161.0,71.0,69.0,54.0,79.0,280,851,1006,1104.0,1026.0,933.0,929.0,913,902,1017,1005,1046,1104.0,1028,1048,739.0,671.0,601.0,323.0
55432,2008-09-15T00:00:00Z,2008,9,1,False,False,15859,217.0,120.0,87.0,80.0,87.0,308,817,999,1004.0,932.0,940.0,924.0,920,977,907,931,979,1099.0,1003,756,627.0,551.0,373.0,221.0
55432,2008-09-22T00:00:00Z,2008,9,1,False,False,15483,126.0,77.0,29.0,34.0,78.0,301,867,1048,968.0,964.0,936.0,930.0,987,909,875,914,988,1179.0,931,707,604.0,478.0,349.0,204.0
55432,2008-09-23T00:00:00Z,2008,9,2,False,False,16295,99.0,58.0,45.0,55.0,72.0,274,852,1019,959.0,895.0,958.0,992.0,865,923,926,980,997,1178.0,992,927,708.0,679.0,531.0,311.0
55432,2008-09-26T00:00:00Z,2008,9,5,False,False,18043,217.0,108.0,66.0,51.0,102.0,321,902,989,1018.0,1103.0,970.0,1064.0,1018,1118,1110,1023,1136,1251.0,1020,1089,671.0,594.0,613.0,489.0
55432,2008-09-27T00:00:00Z,2008,9,6,False,True,18681,335.0,204.0,155.0,118.0,95.0,228,592,701,857.0,1126.0,1275.0,1328.0,1174,1257,1232,1162,1080,1169.0,1124,998,669.0,598.0,608.0,596.0
55432,2008-10-02T00:00:00Z,2008,10,4,False,True,17514,176.0,84.0,62.0,50.0,92.0,332,894,932,957.0,966.0,1060.0,1095.0,1019,952,967,956,975,1273.0,1160,1081,705.0,727.0,587.0,412.0
55432,2008-10-06T00:00:00Z,2008,10,1,True,True,12907,293.0,181.0,131.0,97.0,95.0,127,227,301,399.0,525.0,752.0,861.0,987,1040,1029,1000,890,852.0,755,638,513.0,515.0,411.0,288.0
55432,2008-12-19T00:00:00Z,2008,12,5,False,False,18203,240.0,115.0,73.0,56.0,88.0,328,823,999,994.0,1041.0,1013.0,1166.0,1086,1097,1023,1061,1019,1053.0,983,937,735.0,742.0,806.0,725.0
55432,2008-12-20T00:00:00Z,2008,12,6,False,True,16791,424.0,238.0,192.0,125.0,156.0,256,557,680,926.0,969.0,988.0,1085.0,1220,1106,1024,1053,921,877.0,913,843,668.0,528.0,552.0,490.0
55432,2008-12-22T00:00:00Z,2008,12,1,False,True,15647,139.0,71.0,64.0,47.0,79.0,255,778,835,799.0,907.0,993.0,1110.0,991,983,1017,959,946,985.0,897,777,663.0,600.0,468.0,284.0
55432,2008-12-31T00:00:00Z,2008,12,3,False,True,14072,204.0,114.0,76.0,67.0,74.0,166,366,528,652.0,778.0,936.0,1052.0,1027,1013,919,831,812,808.0,726,761,731.0,552.0,485.0,394.0
55432,2008-10-22T00:00:00Z,2008,10,3,False,False,15883,122.0,81.0,42.0,46.0,69.0,263,752,931,1043.0,981.0,920.0,917.0,911,898,883,899,969,1097.0,1020,835,706.0,630.0,523.0,345.0
55432,2008-10-29T00:00:00Z,2008,10,3,False,False,15844,128.0,80.0,38.0,42.0,67.0,255,819,977,1012.0,974.0,848.0,961.0,999,883,894,892,894,1042.0,1049,850,668.0,666.0,516.0,290.0
55432,2008-11-01T00:00:00Z,2008,11,6,False,False,17611,378.0,247.0,148.0,114.0,109.0,205,475,704,976.0,1057.0,1088.0,1102.0,1148,1118,1035,1126,1109,1150.0,1093,881,677.0,539.0,575.0,557.0
55432,2008-11-18T00:00:00Z,2008,11,2,False,False,16594,127.0,57.0,45.0,53.0,74.0,296,884,1031,1021.0,1029.0,942.0,909.0,955,913,900,972,1048,1192.0,1045,931,706.0,655.0,509.0,300.0
55432,2008-11-20T00:00:00Z,2008,11,4,False,False,17220,206.0,106.0,56.0,62.0,78.0,280,917,956,1021.0,986.0,926.0,949.0,952,930,887,993,1025,1229.0,1163,963,754.0,747.0,633.0,401.0
55432,2008-11-21T00:00:00Z,2008,11,5,False,False,18069,202.0,99.0,74.0,66.0,94.0,320,872,1041,1055.0,1117.0,1057.0,1090.0,1031,1048,999,1021,1029,1052.0,1076,1039,768.0,694.0,649.0,576.0
55432,2008-11-23T00:00:00Z,2008,11,7,False,False,14364,458.0,289.0,177.0,120.0,112.0,110,229,341,485.0,700.0,842.0,935.0,1080,1049,1016,1053,981,960.0,904,705,562.0,513.0,467.0,276.0
55432,2008-11-24T00:00:00Z,2008,11,1,False,False,16071,107.0,60.0,47.0,42.0,75.0,307,869,1010,994.0,1016.0,919.0,904.0,863,901,918,979,940,1258.0,1171,755,619.0,625.0,433.0,259.0
55432,2008-12-01T00:00:00Z,2008,12,1,False,False,15731,140.0,78.0,54.0,54.0,83.0,278,775,960,1009.0,951.0,942.0,961.0,886,861,989,954,950,1122.0,1032,765,624.0,568.0,451.0,244.0
55432,2008-12-10T00:00:00Z,2008,12,3,False,False,17210,218.0,93.0,72.0,52.0,83.0,307,900,1002,1005.0,1127.0,1019.0,1017.0,967,975,914,964,1044,1126.0,1064,940,733.0,666.0,602.0,320.0
55432,2008-12-17T00:00:00Z,2008,12,3,False,False,17059,194.0,86.0,49.0,60.0,82.0,316,871,987,994.0,1012.0,1052.0,1029.0,1022,998,1044,987,920,1081.0,1016,906,682.0,684.0,561.0,426.0
55432,2008-12-24T00:00:00Z,2008,12,3,False,True,13117,214.0,93.0,76.0,74.0,87.0,228,510,762,786.0,835.0,861.0,883.0,926,958,909,824,751,685.0,560,513,438.0,407.0,407.0,330.0
55432,2008-12-29T00:00:00Z,2008,12,1,False,True,12698,167.0,84.0,50.0,63.0,78.0,161,380,506,595.0,696.0,916.0,972.0,997,880,846,749,777,764.0,738,627,527.0,479.0,392.0,254.0
55432,2008-12-30T00:00:00Z,2008,12,2,False,True,14207,151.0,79.0,71.0,55.0,56.0,167,392,525,625.0,752.0,875.0,1011.0,1074,1157,1020,949,894,844.0,811,718,643.0,568.0,455.0,315.0
55432,2008-10-04T00:00:00Z,2008,10,6,False,True,16787,329.0,189.0,126.0,101.0,90.0,167,372,522,680.0,959.0,1020.0,1022.0,1098,1004,1067,1086,1047,1082.0,1119,936,673.0,636.0,809.0,653.0
55432,2008-10-14T00:00:00Z,2008,10,2,False,False,15951,97.0,56.0,34.0,42.0,80.0,290,892,956,1014.0,957.0,886.0,884.0,889,885,894,915,1000,1104.0,1050,817,709.0,705.0,458.0,337.0
55432,2008-10-19T00:00:00Z,2008,10,7,False,False,16420,465.0,265.0,142.0,108.0,107.0,143,255,474,765.0,1006.0,1222.0,1247.0,1306,1423,1271,1105,1007,857.0,785,647,644.0,546.0,383.0,247.0
55432,2008-10-23T00:00:00Z,2008,10,4,False,False,17163,239.0,71.0,51.0,41.0,68.0,278,797,999,1042.0,987.0,972.0,947.0,914,911,996,1004,1021,1168.0,1251,965,720.0,648.0,597.0,476.0
55432,2008-10-24T00:00:00Z,2008,10,5,False,False,17816,226.0,108.0,56.0,50.0,81.0,308,825,1067,1088.0,1038.0,970.0,997.0,1008,1019,1036,1050,984,1235.0,1165,983,796.0,651.0,591.0,484.0
55432,2008-10-26T00:00:00Z,2008,10,7,False,False,16434,440.0,254.0,169.0,133.0,90.0,145,274,442,721.0,974.0,1216.0,1216.0,1349,1353,1298,1121,655,966.0,772,857,610.0,602.0,486.0,291.0
55432,2008-10-27T00:00:00Z,2008,10,1,False,False,15916,155.0,77.0,52.0,53.0,70.0,307,874,1019,1091.0,939.0,944.0,977.0,960,922,998,821,957,1193.0,1035,724,612.0,572.0,364.0,200.0
55432,2008-11-07T00:00:00Z,2008,11,5,False,False,17169,164.0,91.0,53.0,58.0,100.0,288,933,968,1022.0,1014.0,879.0,987.0,957,986,944,942,939,1123.0,1111,1180,707.0,638.0,601.0,484.0
55432,2008-11-08T00:00:00Z,2008,11,6,False,False,17409,335.0,193.0,130.0,94.0,91.0,206,493,761,1043.0,1020.0,1202.0,1224.0,1100,1221,1067,1041,1121,983.0,928,768,685.0,577.0,584.0,542.0
55432,2008-11-14T00:00:00Z,2008,11,5,False,False,17421,194.0,109.0,73.0,67.0,79.0,316,882,1030,1006.0,1022.0,1020.0,1024.0,1035,987,998,1035,1076,1088.0,1030,938,688.0,615.0,599.0,510.0
55432,2008-11-19T00:00:00Z,2008,11,3,False,False,16928,134.0,71.0,50.0,42.0,71.0,272,782,975,959.0,1016.0,997.0,1024.0,932,918,941,957,1026,1207.0,1127,904,810.0,751.0,619.0,343.0
55432,2008-11-26T00:00:00Z,2008,11,3,False,False,17739,182.0,78.0,51.0,46.0,85.0,327,893,1068,1069.0,1066.0,890.0,943.0,939,865,989,973,1032,1186.0,1210,1201,879.0,733.0,619.0,415.0
55432,2008-11-27T00:00:00Z,2008,11,4,False,False,17608,183.0,114.0,66.0,48.0,90.0,344,943,959,1079.0,1055.0,948.0,981.0,938,991,999,979,1021,1141.0,1161,982,744.0,728.0,650.0,464.0
55432,2008-11-30T00:00:00Z,2008,11,7,False,False,16874,519.0,263.0,185.0,138.0,99.0,133,262,382,658.0,957.0,1026.0,1098.0,1187,1333,1287,1207,1105,1020.0,950,818,678.0,703.0,537.0,329.0
55432,2008-12-14T00:00:00Z,2008,12,7,False,False,16092,480.0,289.0,182.0,149.0,106.0,158,264,417,557.0,846.0,1113.0,1199.0,1220,1225,1053,980,997,985.0,918,774,623.0,674.0,516.0,367.0
55432,2008-10-05T00:00:00Z,2008,10,7,False,True,14720,418.0,216.0,,167.0,175.0,229,354,426,440.0,625.0,779.0,1030.0,1077,1166,1140,1044,947,802.0,674,629,729.0,625.0,600.0,428.0
55432,2008-09-08T00:00:00Z,2008,9,1,False,False,15123,102.0,59.0,38.0,36.0,72.0,281,820,1007,1007.0,965.0,853.0,895.0,815,804,940,899,959,1136.0,1006,747,571.0,534.0,348.0,229.0
55432,2008-09-18T00:00:00Z,2008,9,4,False,False,17512,150.0,81.0,52.0,51.0,72.0,317,888,1034,1026.0,1018.0,1014.0,1006.0,999,948,1045,1002,1095,1209.0,1166,989,693.0,694.0,603.0,360.0
55432,2008-09-28T00:00:00Z,2008,9,7,False,True,15770,452.0,278.0,146.0,146.0,113.0,142,239,376,594.0,927.0,1133.0,1257.0,1264,1167,1196,1072,1104,943.0,874,634,559.0,494.0,380.0,280.0
55432,2008-09-30T00:00:00Z,2008,9,2,False,True,15601,113.0,56.0,40.0,30.0,65.0,296,899,916,918.0,898.0,928.0,935.0,919,913,837,832,930,1035.0,1099,976,617.0,593.0,488.0,268.0
55432,2008-10-01T00:00:00Z,2008,10,3,False,True,16440,157.0,66.0,48.0,54.0,76.0,324,931,980,942.0,984.0,959.0,984.0,918,969,887,871,952,1121.0,1059,945,685.0,616.0,565.0,347.0
55432,2008-10-03T00:00:00Z,2008,10,5,False,True,16928,167.0,78.0,73.0,57.0,84.0,314,854,916,964.0,1007.0,957.0,1098.0,1078,1035,943,892,996,1069.0,973,998,713.0,635.0,582.0,445.0
55432,2008-10-11T00:00:00Z,2008,10,6,False,True,17295,331.0,192.0,129.0,102.0,106.0,184,463,688,809.0,964.0,1014.0,1032.0,1073,1078,1179,1158,1035,1052.0,1117,1030,749.0,551.0,656.0,603.0
55432,2008-10-13T00:00:00Z,2008,10,1,False,False,15994,128.0,69.0,31.0,43.0,64.0,294,847,1015,1021.0,981.0,914.0,926.0,890,866,902,920,1059,1218.0,1064,821,694.0,577.0,428.0,222.0
55432,2008-10-15T00:00:00Z,2008,10,3,False,False,16723,165.0,69.0,50.0,45.0,82.0,306,922,1026,1029.0,1067.0,967.0,948.0,901,883,968,945,1021,1153.0,1061,881,668.0,707.0,510.0,349.0
55432,2008-12-04T00:00:00Z,2008,12,4,False,False,17361,175.0,95.0,48.0,50.0,91.0,317,902,1006,1011.0,1028.0,895.0,1029.0,913,912,981,945,1059,1124.0,1104,1105,822.0,696.0,609.0,444.0
55432,2008-12-12T00:00:00Z,2008,12,5,False,False,17504,232.0,103.0,85.0,73.0,106.0,301,810,920,925.0,1007.0,961.0,1005.0,1041,1021,1026,1077,1087,1078.0,1048,931,857.0,654.0,586.0,570.0
55432,2008-12-13T00:00:00Z,2008,12,6,False,False,18260,424.0,236.0,148.0,114.0,101.0,192,514,695,870.0,1084.0,1077.0,1142.0,1237,1228,1204,1166,1143,988.0,981,937,830.0,627.0,651.0,671.0
55432,2008-12-16T00:00:00Z,2008,12,2,False,False,17049,139.0,89.0,51.0,45.0,73.0,292,877,964,983.0,1004.0,957.0,1011.0,1102,1015,994,1060,999,1146.0,1113,893,687.0,580.0,538.0,437.0
55432,2008-12-18T00:00:00Z,2008,12,4,False,False,18093,245.0,101.0,84.0,62.0,100.0,326,910,976,998.0,1069.0,1061.0,1064.0,1072,1144,1020,1074,1111,1140.0,1103,986,685.0,693.0,618.0,451.0
55432,2008-12-28T00:00:00Z,2008,12,7,False,True,13647,224.0,133.0,104.0,59.0,73.0,100,232,312,448.0,737.0,920.0,1083.0,1195,1191,1088,945,749,755.0,798,664,571.0,544.0,437.0,285.0
55432,2009-10-04T00:00:00Z,2009,10,7,False,True,14210,445.0,213.0,,191.0,199.0,249,293,356,443.0,655.0,722.0,879.0,938,1132,1020,973,911,720.0,601,646,795.0,735.0,604.0,490.0
55432,2009-05-31T00:00:00Z,2009,5,7,False,False,13579,,,,,,100,201,319,518.0,773.0,815.0,987.0,1115,1079,1027,979,971,1026.0,978,702,630.0,551.0,447.0,361.0
55432,2009-04-05T00:00:00Z,2009,4,7,False,False,14150,,,,,49.0,119,269,440,614.0,943.0,1043.0,1105.0,1137,1137,1182,1054,981,1024.0,871,598,536.0,524.0,323.0,201.0
55432,2009-03-14T00:00:00Z,2009,3,6,False,False,17494,357.0,209.0,115.0,95.0,64.0,164,430,717,1128.0,1316.0,1143.0,1005.0,1010,1192,1022,938,1145,971.0,942,893,729.0,688.0,641.0,580.0
55432,2009-01-01T00:00:00Z,2009,1,4,True,True,13081,283.0,534.0,490.0,320.0,239.0,216,202,229,306.0,462.0,633.0,885.0,1036,1075,1002,928,720,748.0,702,540,516.0,443.0,337.0,235.0
55432,2009-01-07T00:00:00Z,2009,1,3,False,True,15566,148.0,71.0,49.0,52.0,96.0,266,628,811,952.0,948.0,1036.0,1074.0,1099,984,980,859,928,950.0,924,800,559.0,597.0,474.0,281.0
55432,2009-01-08T00:00:00Z,2009,1,4,False,True,14384,140.0,66.0,60.0,56.0,70.0,254,625,738,884.0,821.0,816.0,888.0,883,863,854,849,960,1048.0,963,724,527.0,579.0,444.0,272.0
55432,2009-01-09T00:00:00Z,2009,1,5,False,True,15453,149.0,61.0,67.0,54.0,82.0,254,645,750,863.0,854.0,868.0,976.0,956,954,947,929,961,1055.0,955,810,714.0,612.0,553.0,384.0
55432,2009-01-10T00:00:00Z,2009,1,6,False,True,15412,290.0,184.0,128.0,84.0,107.0,168,392,581,765.0,781.0,968.0,1039.0,1105,1114,1087,1000,954,940.0,886,745,614.0,494.0,493.0,493.0
55432,2009-01-16T00:00:00Z,2009,1,5,False,True,16574,190.0,90.0,57.0,40.0,76.0,259,786,842,931.0,990.0,948.0,979.0,1001,1029,993,974,1050,1052.0,1077,880,741.0,538.0,600.0,451.0
55432,2009-01-20T00:00:00Z,2009,1,2,False,True,16098,103.0,53.0,53.0,44.0,80.0,292,754,862,970.0,980.0,971.0,960.0,956,938,955,931,942,1154.0,1141,887,690.0,572.0,501.0,309.0
55432,2009-01-25T00:00:00Z,2009,1,7,False,True,15272,382.0,209.0,151.0,120.0,88.0,134,223,340,512.0,732.0,843.0,971.0,1131,1126,1107,1151,1196,981.0,864,791,711.0,580.0,494.0,435.0
55432,2009-01-26T00:00:00Z,2009,1,1,True,True,13155,338.0,217.0,131.0,95.0,76.0,138,232,285,454.0,660.0,756.0,1026.0,1123,1061,944,858,785,798.0,693,595,526.0,613.0,482.0,269.0
55432,2009-01-30T00:00:00Z,2009,1,5,False,False,17567,189.0,82.0,44.0,68.0,108.0,309,830,964,1050.0,1061.0,977.0,994.0,977,1007,1019,1081,1022,1177.0,1009,1052,802.0,713.0,556.0,476.0
55432,2009-02-03T00:00:00Z,2009,2,2,False,False,16925,105.0,64.0,57.0,47.0,82.0,307,868,995,981.0,950.0,915.0,944.0,1018,991,1037,1080,1051,1240.0,1147,951,677.0,591.0,516.0,311.0
55432,2009-02-04T00:00:00Z,2009,2,3,False,False,17096,155.0,65.0,60.0,42.0,82.0,330,834,1003,1047.0,934.0,868.0,1068.0,1030,901,968,999,982,1211.0,1139,1005,781.0,717.0,543.0,332.0
55432,2009-02-06T00:00:00Z,2009,2,5,False,False,17608,201.0,89.0,60.0,56.0,79.0,328,828,1007,967.0,1110.0,1043.0,1018.0,953,996,1023,1089,1081,1100.0,995,1058,757.0,643.0,631.0,496.0
55432,2009-02-14T00:00:00Z,2009,2,6,False,False,17981,389.0,205.0,111.0,103.0,74.0,159,379,605,886.0,1038.0,1181.0,1195.0,1225,1213,1242,1119,1144,1101.0,1067,855,808.0,656.0,711.0,515.0
55432,2009-02-18T00:00:00Z,2009,2,3,False,False,16716,142.0,60.0,38.0,38.0,76.0,286,716,958,1037.0,998.0,943.0,945.0,941,957,960,986,1006,1194.0,1148,972,746.0,710.0,559.0,300.0
55432,2009-02-19T00:00:00Z,2009,2,4,False,False,17748,179.0,87.0,56.0,55.0,85.0,326,814,968,1067.0,1030.0,1038.0,1009.0,1110,996,987,1087,1043,1164.0,1179,1053,826.0,695.0,572.0,322.0
55432,2009-02-23T00:00:00Z,2009,2,1,False,False,16379,147.0,62.0,33.0,48.0,77.0,287,769,1050,1007.0,1000.0,923.0,940.0,905,916,989,993,1019,1168.0,1188,893,660.0,578.0,448.0,279.0
55432,2009-02-27T00:00:00Z,2009,2,5,False,False,18134,191.0,103.0,64.0,59.0,84.0,327,802,987,1047.0,1025.0,952.0,962.0,912,1047,1049,1095,1090,1276.0,1203,1241,771.0,642.0,638.0,567.0
55432,2009-03-02T00:00:00Z,2009,3,1,False,False,15941,115.0,70.0,50.0,49.0,68.0,310,803,972,1002.0,940.0,870.0,895.0,882,902,976,1025,988,1147.0,1133,892,634.0,578.0,391.0,249.0
55432,2009-03-07T00:00:00Z,2009,3,6,False,False,20343,404.0,198.0,128.0,104.0,105.0,173,492,770,1024.0,1141.0,1192.0,1272.0,1270,1295,1274,1239,1093,1178.0,1290,1018,878.0,857.0,975.0,973.0
55432,2009-03-08T00:00:00Z,2009,3,7,False,False,17585,1028.0,853.0,511.0,379.0,244.0,363,566,609,743.0,875.0,875.0,998.0,1098,1187,1064,1009,955,933.0,876,618,580.0,537.0,454.0,230.0
55432,2009-03-09T00:00:00Z,2009,3,1,False,False,15891,122.0,48.0,33.0,45.0,64.0,288,733,954,1025.0,904.0,903.0,859.0,917,870,933,1140,1096,1150.0,1153,820,620.0,603.0,404.0,207.0
55432,2009-03-11T00:00:00Z,2009,3,3,False,False,17330,152.0,81.0,51.0,44.0,78.0,322,834,983,1046.0,1068.0,983.0,944.0,950,963,967,1028,1124,1241.0,1064,949,789.0,720.0,561.0,388.0
55432,2009-01-19T00:00:00Z,2009,1,1,False,True,15203,133.0,74.0,34.0,49.0,81.0,295,776,863,923.0,943.0,898.0,964.0,932,963,905,893,942,1188.0,998,739,542.0,469.0,389.0,210.0
55432,2009-03-23T00:00:00Z,2009,3,1,False,False,15913,125.0,53.0,42.0,32.0,71.0,311,789,1001,1061.0,928.0,916.0,905.0,858,876,892,997,1046,1189.0,1074,839,675.0,580.0,404.0,249.0
55432,2009-03-24T00:00:00Z,2009,3,2,False,False,17475,117.0,54.0,35.0,33.0,76.0,322,787,1037,1073.0,1000.0,950.0,886.0,929,965,970,989,1031,1293.0,1290,1133,852.0,697.0,582.0,374.0
55432,2009-03-26T00:00:00Z,2009,3,4,False,False,16906,175.0,75.0,56.0,48.0,88.0,314,894,1008,1123.0,772.0,880.0,765.0,982,924,986,1076,1024,1191.0,1172,1003,723.0,695.0,595.0,337.0
55432,2009-03-28T00:00:00Z,2009,3,6,False,False,18374,387.0,184.0,127.0,96.0,83.0,167,432,783,984.0,1107.0,1095.0,1151.0,1225,1343,1242,1128,1069,1112.0,1057,922,814.0,692.0,629.0,545.0
55432,2009-04-08T00:00:00Z,2009,4,3,False,False,17616,139.0,73.0,49.0,39.0,83.0,359,846,1021,1166.0,1083.0,997.0,1025.0,986,1039,966,1114,1109,1183.0,1151,898,715.0,653.0,583.0,339.0
55432,2009-04-09T00:00:00Z,2009,4,4,False,False,17869,164.0,80.0,68.0,72.0,94.0,331,819,1052,1020.0,1041.0,1023.0,947.0,979,1021,1003,1033,1067,1110.0,1052,992,841.0,843.0,767.0,450.0
55432,2009-04-11T00:00:00Z,2009,4,6,True,True,14921,218.0,131.0,97.0,68.0,66.0,144,328,478,664.0,888.0,1096.0,1127.0,1082,992,959,890,935,996.0,1064,771,597.0,467.0,487.0,376.0
55432,2009-04-13T00:00:00Z,2009,4,1,True,True,12114,182.0,85.0,75.0,58.0,59.0,115,231,360,456.0,601.0,792.0,961.0,970,959,885,882,690,732.0,776,611,553.0,474.0,371.0,236.0
55432,2009-04-16T00:00:00Z,2009,4,4,False,True,16832,152.0,69.0,49.0,56.0,83.0,307,827,919,1013.0,950.0,962.0,955.0,947,961,934,923,1034,1138.0,1149,959,756.0,682.0,610.0,397.0
55432,2009-04-17T00:00:00Z,2009,4,5,False,True,16598,238.0,82.0,77.0,49.0,74.0,316,823,901,955.0,924.0,979.0,987.0,974,984,982,920,994,1106.0,971,921,710.0,532.0,615.0,484.0
55432,2009-04-21T00:00:00Z,2009,4,2,False,True,16072,132.0,71.0,36.0,34.0,65.0,329,808,933,993.0,934.0,923.0,913.0,931,968,922,979,995,1196.0,1118,906,629.0,578.0,425.0,254.0
55432,2009-06-01T00:00:00Z,2009,6,1,False,False,15473,122.0,49.0,37.0,49.0,84.0,290,749,949,853.0,984.0,822.0,831.0,825,856,892,915,1014,1136.0,1178,886,681.0,559.0,439.0,273.0
55432,2009-06-02T00:00:00Z,2009,6,2,False,False,16060,110.0,54.0,44.0,47.0,68.0,316,788,1053,1113.0,935.0,938.0,848.0,855,849,942,976,1073,1136.0,1085,822,739.0,584.0,449.0,236.0
55432,2009-06-10T00:00:00Z,2009,6,3,False,False,16671,121.0,54.0,36.0,35.0,84.0,316,778,1011,1014.0,993.0,887.0,863.0,867,947,870,1018,1026,1080.0,1123,1008,822.0,633.0,708.0,377.0
55432,2009-06-19T00:00:00Z,2009,6,5,False,False,17030,172.0,81.0,46.0,44.0,80.0,273,691,1051,1012.0,1149.0,1076.0,1037.0,1045,987,1082,1011,947,1027.0,985,876,691.0,618.0,597.0,452.0
55432,2009-06-20T00:00:00Z,2009,6,6,False,False,16618,312.0,199.0,129.0,99.0,71.0,185,415,618,882.0,1140.0,1173.0,1056.0,1107,1040,1084,982,1058,981.0,923,758,639.0,559.0,613.0,595.0
55432,2009-06-22T00:00:00Z,2009,6,1,False,False,14701,107.0,52.0,31.0,38.0,74.0,259,667,928,978.0,967.0,860.0,784.0,863,857,805,940,947,1026.0,1063,728,618.0,548.0,386.0,175.0
55432,2009-07-03T00:00:00Z,2009,7,5,False,False,16144,182.0,95.0,69.0,44.0,97.0,301,738,924,1036.0,941.0,883.0,912.0,904,958,949,1010,973,1059.0,985,849,637.0,578.0,598.0,422.0
55432,2009-07-04T00:00:00Z,2009,7,6,False,False,16347,377.0,178.0,122.0,97.0,88.0,168,386,675,835.0,918.0,1026.0,1038.0,1177,1098,1042,1086,981,971.0,968,849,710.0,525.0,502.0,530.0
55432,2009-07-06T00:00:00Z,2009,7,1,False,False,14562,109.0,67.0,38.0,41.0,59.0,291,730,914,1035.0,938.0,868.0,857.0,861,788,862,915,924,1036.0,959,674,481.0,493.0,416.0,206.0
55432,2009-06-26T00:00:00Z,2009,6,5,False,False,17514,206.0,97.0,67.0,61.0,82.0,301,715,995,1017.0,928.0,939.0,965.0,1069,1028,993,1056,1050,1157.0,1196,1136,759.0,625.0,582.0,490.0
55432,2009-07-05T00:00:00Z,2009,7,7,False,False,14910,399.0,246.0,140.0,114.0,87.0,127,255,387,545.0,866.0,978.0,1258.0,1391,1249,1047,1009,897,826.0,843,626,517.0,492.0,402.0,209.0
55432,2009-07-10T00:00:00Z,2009,7,5,False,False,15511,156.0,66.0,46.0,54.0,75.0,285,680,825,997.0,909.0,922.0,889.0,917,929,880,997,907,979.0,982,844,638.0,545.0,539.0,450.0
55432,2009-07-11T00:00:00Z,2009,7,6,False,True,16083,304.0,171.0,102.0,115.0,83.0,161,395,618,779.0,919.0,1045.0,1212.0,1338,1119,1247,910,908,807.0,869,799,604.0,502.0,561.0,515.0
55432,2009-07-13T00:00:00Z,2009,7,1,False,True,13821,115.0,64.0,30.0,39.0,83.0,275,695,811,885.0,842.0,830.0,791.0,832,829,793,852,943,1037.0,906,674,559.0,441.0,318.0,177.0
55432,2009-08-30T00:00:00Z,2009,8,7,False,False,15556,447.0,236.0,185.0,121.0,95.0,150,240,362,548.0,791.0,1009.0,1155.0,1238,1254,1195,1236,1194,946.0,895,674,557.0,466.0,353.0,209.0
55432,2009-09-04T00:00:00Z,2009,9,5,False,False,17265,149.0,77.0,50.0,39.0,89.0,324,724,1089,1102.0,976.0,920.0,917.0,987,1003,996,1025,1060,1176.0,1132,1131,655.0,571.0,578.0,495.0
55432,2009-09-09T00:00:00Z,2009,9,3,False,False,16775,153.0,60.0,36.0,53.0,74.0,363,824,1058,1067.0,1036.0,903.0,1006.0,1051,950,1015,986,982,1075.0,993,876,716.0,634.0,547.0,317.0
55432,2009-09-10T00:00:00Z,2009,9,4,False,False,16798,149.0,84.0,59.0,46.0,79.0,349,796,999,1077.0,958.0,938.0,950.0,874,954,1010,1003,1040,1092.0,1063,958,746.0,709.0,551.0,314.0
55432,2009-09-11T00:00:00Z,2009,9,5,False,False,17120,151.0,100.0,46.0,60.0,88.0,319,843,1053,1075.0,986.0,974.0,1014.0,975,956,994,1002,1016,1080.0,1034,981,722.0,583.0,591.0,477.0
55432,2009-09-13T00:00:00Z,2009,9,7,False,False,15979,400.0,232.0,154.0,117.0,98.0,171,267,454,648.0,995.0,1209.0,1358.0,1419,1363,1061,1070,936,827.0,841,669,577.0,493.0,364.0,256.0
55432,2009-09-19T00:00:00Z,2009,9,6,False,False,17461,389.0,173.0,128.0,104.0,83.0,194,480,749,1012.0,1150.0,1210.0,1231.0,1193,1221,1115,1060,985,941.0,913,822,623.0,563.0,536.0,586.0
55432,2009-09-20T00:00:00Z,2009,9,7,False,False,12327,411.0,231.0,163.0,109.0,119.0,10,23,12,14.0,24.0,284.0,1211.0,1363,1283,1236,1047,902,768.0,857,644,569.0,515.0,343.0,189.0
55432,2009-09-21T00:00:00Z,2009,9,1,False,False,15438,126.0,63.0,52.0,51.0,78.0,351,785,1047,1066.0,892.0,830.0,889.0,885,851,918,967,1010,1104.0,1028,693,663.0,507.0,381.0,201.0
55432,2009-09-23T00:00:00Z,2009,9,3,False,False,16095,107.0,72.0,45.0,44.0,75.0,326,759,1018,1047.0,995.0,933.0,831.0,931,854,927,939,993,1098.0,1017,861,699.0,702.0,521.0,301.0
55432,2009-09-25T00:00:00Z,2009,9,5,False,False,17179,181.0,101.0,64.0,51.0,87.0,370,837,1047,1080.0,999.0,993.0,999.0,952,1040,1054,1005,1130,1118.0,899,912,580.0,498.0,640.0,542.0
55432,2009-10-03T00:00:00Z,2009,10,6,False,True,16187,364.0,182.0,126.0,114.0,95.0,156,378,519,747.0,941.0,1050.0,1145.0,1118,1060,982,931,914,975.0,923,816,645.0,588.0,716.0,702.0
55432,2009-10-11T00:00:00Z,2009,10,7,False,True,14425,400.0,239.0,163.0,113.0,117.0,130,234,331,525.0,695.0,835.0,947.0,1102,1086,1035,1022,1054,958.0,857,704,607.0,539.0,466.0,266.0
55432,2009-10-15T00:00:00Z,2009,10,4,False,True,17133,175.0,85.0,45.0,45.0,79.0,262,763,885,925.0,1002.0,1039.0,984.0,1001,935,906,961,1083,1226.0,1117,1034,794.0,711.0,669.0,407.0
55432,2009-10-16T00:00:00Z,2009,10,5,False,True,17267,174.0,110.0,47.0,56.0,82.0,287,767,904,912.0,1137.0,1009.0,1114.0,1103,1060,1038,989,1146,1091.0,940,928,696.0,603.0,572.0,502.0
55432,2009-10-17T00:00:00Z,2009,10,6,False,True,17679,324.0,208.0,146.0,126.0,92.0,187,419,646,910.0,1028.0,1188.0,1252.0,1264,1357,1100,1085,1062,1009.0,887,826,769.0,592.0,609.0,593.0
55432,2009-10-20T00:00:00Z,2009,10,2,False,False,16454,106.0,48.0,37.0,44.0,67.0,287,830,1010,1047.0,928.0,981.0,964.0,904,939,904,1058,1034,1158.0,1108,881,729.0,627.0,508.0,255.0
55432,2009-10-24T00:00:00Z,2009,10,6,False,False,17705,322.0,190.0,127.0,97.0,91.0,187,520,751,1003.0,1056.0,1119.0,1210.0,1238,1316,1135,1144,975,1016.0,960,789,720.0,608.0,588.0,543.0
55432,2009-11-02T00:00:00Z,2009,11,1,False,False,15718,127.0,57.0,40.0,49.0,79.0,318,740,1044,1033.0,974.0,907.0,944.0,938,920,938,975,954,1199.0,1030,741,594.0,511.0,401.0,205.0
55432,2009-11-03T00:00:00Z,2009,11,2,False,False,16617,109.0,56.0,43.0,66.0,85.0,283,812,995,1123.0,988.0,1073.0,1189.0,1138,1029,898,894,1006,1158.0,958,781,662.0,578.0,440.0,253.0
55432,2009-01-31T00:00:00Z,2009,1,6,False,False,18275,339.0,176.0,132.0,99.0,229.0,377,447,750,1002.0,1049.0,1126.0,1220.0,1319,1312,1188,1126,1072,994.0,991,883,718.0,634.0,572.0,520.0
55432,2009-02-02T00:00:00Z,2009,2,1,False,False,15461,170.0,91.0,52.0,41.0,80.0,330,768,966,958.0,913.0,862.0,868.0,870,875,926,932,976,1166.0,1115,735,585.0,551.0,414.0,217.0
55432,2009-02-05T00:00:00Z,2009,2,4,False,False,17730,173.0,78.0,62.0,49.0,92.0,326,778,999,1035.0,996.0,943.0,983.0,968,973,1068,1047,1079,1224.0,1312,1181,739.0,646.0,594.0,385.0
55432,2009-02-07T00:00:00Z,2009,2,6,False,False,18483,335.0,174.0,115.0,110.0,96.0,177,476,792,1170.0,1107.0,1191.0,1220.0,1258,1302,1204,1094,1066,1011.0,993,890,817.0,655.0,670.0,560.0
55432,2009-02-13T00:00:00Z,2009,2,5,False,False,16644,163.0,80.0,54.0,55.0,85.0,293,799,992,968.0,1010.0,943.0,872.0,926,914,971,1078,968,1064.0,936,880,808.0,639.0,607.0,539.0
55432,2009-02-15T00:00:00Z,2009,2,7,False,False,15267,448.0,212.0,166.0,124.0,102.0,107,195,292,447.0,654.0,854.0,927.0,1058,1039,1057,1116,1132,1233.0,1213,894,609.0,534.0,499.0,355.0
55432,2009-02-17T00:00:00Z,2009,2,2,False,False,15985,129.0,52.0,32.0,49.0,80.0,285,760,922,1007.0,1050.0,944.0,855.0,850,847,910,987,990,1146.0,1068,888,759.0,596.0,519.0,260.0
55432,2009-02-21T00:00:00Z,2009,2,6,False,False,18341,388.0,213.0,129.0,95.0,99.0,199,453,717,1133.0,1150.0,1156.0,1094.0,1158,1224,1145,1166,1158,1132.0,1141,884,761.0,595.0,586.0,565.0
55432,2009-02-22T00:00:00Z,2009,2,7,False,False,15991,441.0,293.0,151.0,117.0,90.0,126,265,384,652.0,852.0,973.0,1020.0,1110,1141,1164,1252,1261,1057.0,916,682,642.0,618.0,476.0,308.0
55432,2009-02-25T00:00:00Z,2009,2,3,False,False,17187,248.0,85.0,44.0,48.0,76.0,343,838,1001,1037.0,995.0,941.0,912.0,900,912,964,922,1070,1142.0,1200,1077,853.0,690.0,549.0,340.0
55432,2009-02-28T00:00:00Z,2009,2,6,False,False,19149,387.0,201.0,113.0,111.0,86.0,198,459,729,1028.0,1156.0,1226.0,1247.0,1252,1317,1307,1199,1171,1112.0,1026,903,833.0,709.0,727.0,652.0
55432,2009-03-05T00:00:00Z,2009,3,4,False,False,17815,176.0,97.0,66.0,60.0,83.0,334,817,938,1055.0,1005.0,1012.0,983.0,965,987,1045,992,1105,1176.0,1142,1172,852.0,776.0,615.0,362.0
55432,2009-03-06T00:00:00Z,2009,3,5,False,False,18423,204.0,87.0,66.0,58.0,82.0,333,790,987,1091.0,1007.0,1010.0,1080.0,1087,1122,1022,1078,1197,1196.0,1216,1165,769.0,640.0,603.0,533.0
55432,2009-03-10T00:00:00Z,2009,3,2,False,False,16835,128.0,56.0,44.0,43.0,73.0,312,834,1033,1082.0,1035.0,874.0,914.0,984,959,945,987,1021,1197.0,1167,910,788.0,647.0,536.0,266.0
55432,2009-04-10T00:00:00Z,2009,4,5,True,True,12985,271.0,150.0,131.0,106.0,116.0,196,342,339,495.0,610.0,753.0,879.0,870,858,793,839,858,909.0,1081,656,514.0,471.0,444.0,304.0
55432,2009-12-05T00:00:00Z,2009,12,6,False,False,18745,382.0,225.0,162.0,120.0,78.0,191,525,731,971.0,1135.0,1086.0,1154.0,1170,1196,1181,1140,1166,1215.0,1230,1021,782.0,608.0,658.0,618.0
55432,2009-12-06T00:00:00Z,2009,12,7,False,False,16368,486.0,271.0,182.0,143.0,115.0,159,288,652,713.0,916.0,994.0,1167.0,1247,1254,1147,1045,1017,1006.0,883,737,662.0,587.0,442.0,255.0
55432,2009-12-12T00:00:00Z,2009,12,6,False,False,17945,387.0,227.0,149.0,133.0,115.0,200,513,795,1009.0,1069.0,1022.0,1162.0,1212,1218,1161,1070,945,1009.0,970,901,777.0,629.0,651.0,621.0
55432,2009-12-19T00:00:00Z,2009,12,6,False,True,17904,362.0,223.0,147.0,136.0,102.0,230,504,695,931.0,1036.0,1087.0,1143.0,1258,1271,1102,1065,1023,964.0,973,939,737.0,678.0,684.0,614.0
55432,2009-12-23T00:00:00Z,2009,12,3,False,True,17084,195.0,89.0,73.0,47.0,95.0,285,651,840,907.0,970.0,1015.0,1090.0,1112,1052,1109,1023,1032,1079.0,1100,939,689.0,662.0,594.0,436.0
55432,2009-12-24T00:00:00Z,2009,12,4,False,True,13542,229.0,133.0,90.0,75.0,105.0,241,562,713,824.0,860.0,947.0,965.0,1034,983,940,778,767,641.0,582,457,431.0,427.0,427.0,331.0
55432,2009-12-29T00:00:00Z,2009,12,2,False,True,13547,143.0,81.0,54.0,56.0,69.0,167,366,506,560.0,694.0,907.0,1001.0,1061,957,941,807,909,901.0,739,747,637.0,522.0,439.0,283.0
55432,2009-07-07T00:00:00Z,2009,7,2,False,False,14969,96.0,40.0,40.0,34.0,58.0,280,709,889,1013.0,976.0,919.0,884.0,867,813,858,886,961,1043.0,1001,777,597.0,549.0,433.0,246.0
55432,2009-07-09T00:00:00Z,2009,7,4,False,False,15428,146.0,75.0,47.0,55.0,89.0,279,715,867,992.0,836.0,887.0,877.0,812,893,923,897,978,1140.0,1030,841,657.0,576.0,482.0,334.0
55432,2009-07-19T00:00:00Z,2009,7,7,False,True,14785,416.0,228.0,133.0,115.0,86.0,115,217,314,495.0,817.0,948.0,1165.0,1217,1264,1159,1033,917,983.0,881,643,522.0,470.0,425.0,222.0
55432,2009-07-23T00:00:00Z,2009,7,4,False,True,15922,126.0,68.0,54.0,49.0,86.0,285,691,844,1007.0,948.0,891.0,984.0,923,878,906,924,961,1129.0,1087,902,686.0,630.0,560.0,303.0
55432,2009-07-28T00:00:00Z,2009,7,2,False,False,16732,115.0,54.0,38.0,39.0,76.0,288,697,963,1016.0,980.0,920.0,919.0,981,877,932,1021,992,1080.0,1098,1177,950.0,600.0,525.0,394.0
55432,2009-11-04T00:00:00Z,2009,11,3,False,False,16224,129.0,64.0,50.0,38.0,87.0,289,812,918,1082.0,994.0,976.0,915.0,884,864,872,980,971,1078.0,1098,919,707.0,703.0,518.0,276.0
55432,2009-11-05T00:00:00Z,2009,11,4,False,False,16750,136.0,80.0,48.0,40.0,96.0,291,823,1079,969.0,972.0,962.0,890.0,909,872,1036,964,1089,1121.0,1200,923,688.0,689.0,594.0,279.0
55432,2009-11-10T00:00:00Z,2009,11,2,False,False,16562,112.0,64.0,28.0,37.0,88.0,316,823,1045,1014.0,1009.0,942.0,953.0,982,942,983,969,977,1226.0,1059,935,680.0,680.0,456.0,242.0
55432,2009-11-11T00:00:00Z,2009,11,3,False,False,17615,124.0,62.0,48.0,44.0,83.0,334,861,1055,1071.0,1027.0,1004.0,994.0,1001,1005,1034,1019,1032,1264.0,1200,868,782.0,751.0,615.0,337.0
55432,2009-11-25T00:00:00Z,2009,11,3,False,False,17174,157.0,68.0,50.0,53.0,97.0,331,891,1018,1062.0,1072.0,986.0,956.0,1043,930,932,1035,1055,987.0,1167,930,764.0,652.0,605.0,333.0
55432,2009-12-04T00:00:00Z,2009,12,5,False,False,17639,171.0,99.0,73.0,67.0,101.0,339,841,1033,1014.0,970.0,937.0,1002.0,1078,1035,1039,1022,1036,1086.0,1039,954,749.0,673.0,680.0,601.0
55432,2009-12-08T00:00:00Z,2009,12,2,False,False,16912,149.0,73.0,39.0,55.0,88.0,315,818,1003,1000.0,987.0,945.0,1044.0,1017,996,1043,1012,1050,1165.0,1091,913,731.0,551.0,501.0,326.0
55432,2009-12-10T00:00:00Z,2009,12,4,False,False,16923,154.0,76.0,69.0,63.0,97.0,295,857,1002,1070.0,905.0,932.0,917.0,939,925,997,1041,1099,1167.0,1124,922,659.0,657.0,585.0,371.0
55432,2009-12-11T00:00:00Z,2009,12,5,False,False,17666,212.0,112.0,74.0,73.0,115.0,325,818,928,1037.0,1012.0,1053.0,986.0,1078,1084,1019,1134,1095,1093.0,934,987,730.0,581.0,636.0,550.0
55432,2009-12-13T00:00:00Z,2009,12,7,False,False,15821,490.0,270.0,187.0,148.0,109.0,160,265,431,634.0,886.0,1083.0,1161.0,1229,1180,1075,1066,1024,953.0,857,754,612.0,538.0,448.0,261.0
55432,2009-12-15T00:00:00Z,2009,12,2,False,False,16478,106.0,72.0,43.0,48.0,96.0,294,858,965,1071.0,1047.0,958.0,916.0,987,908,978,951,995,1159.0,1093,863,586.0,583.0,572.0,329.0
55432,2009-12-17T00:00:00Z,2009,12,4,False,False,17689,172.0,106.0,69.0,55.0,108.0,318,831,875,956.0,1016.0,985.0,1053.0,1116,1103,939,968,1137,1283.0,1186,920,782.0,694.0,588.0,429.0
55432,2009-12-20T00:00:00Z,2009,12,7,False,True,14927,444.0,231.0,180.0,137.0,117.0,214,357,405,578.0,800.0,934.0,1052.0,1151,1018,1009,1011,910,886.0,832,683,614.0,643.0,427.0,294.0
55432,2009-12-21T00:00:00Z,2009,12,1,False,True,15474,170.0,84.0,51.0,55.0,70.0,277,763,843,890.0,848.0,1009.0,1042.0,967,1023,976,925,914,1043.0,1002,736,611.0,492.0,451.0,232.0
55432,2009-12-31T00:00:00Z,2009,12,4,False,True,13008,200.0,122.0,73.0,57.0,79.0,172,341,470,544.0,649.0,813.0,890.0,948,887,900,785,796,737.0,686,772,647.0,525.0,526.0,389.0
55432,2009-07-15T00:00:00Z,2009,7,3,False,True,15469,112.0,71.0,34.0,36.0,77.0,300,701,880,917.0,986.0,987.0,971.0,933,917,861,923,909,1124.0,993,775,644.0,561.0,468.0,289.0
55432,2009-07-18T00:00:00Z,2009,7,6,False,True,15993,281.0,167.0,117.0,107.0,80.0,163,404,628,698.0,877.0,1030.0,1081.0,1159,1162,1131,1098,946,953.0,872,826,660.0,510.0,582.0,461.0
55432,2009-07-24T00:00:00Z,2009,7,5,False,True,16011,174.0,78.0,53.0,52.0,99.0,248,696,874,939.0,911.0,926.0,976.0,959,959,961,949,1012,1082.0,955,897,616.0,582.0,567.0,446.0
55432,2009-07-25T00:00:00Z,2009,7,6,False,True,16333,366.0,179.0,113.0,112.0,88.0,159,422,620,816.0,955.0,1067.0,1047.0,1093,1205,1095,1062,961,928.0,906,780,658.0,583.0,564.0,554.0
55432,2009-07-26T00:00:00Z,2009,7,7,False,True,13808,442.0,217.0,146.0,118.0,102.0,134,206,354,571.0,780.0,915.0,957.0,1110,1156,982,906,913,861.0,740,652,510.0,449.0,333.0,254.0
55432,2009-07-27T00:00:00Z,2009,7,1,False,False,15024,103.0,65.0,34.0,45.0,66.0,284,692,893,949.0,952.0,858.0,856.0,831,892,843,982,1005,1090.0,976,760,609.0,601.0,418.0,220.0
55432,2009-08-10T00:00:00Z,2009,8,1,False,False,16551,108.0,54.0,42.0,37.0,63.0,296,735,1026,1131.0,1030.0,947.0,895.0,936,935,965,1068,1072,1153.0,997,781,749.0,766.0,517.0,248.0
55432,2009-08-12T00:00:00Z,2009,8,3,False,False,17574,125.0,61.0,29.0,45.0,77.0,316,756,1023,1103.0,1054.0,980.0,916.0,902,945,991,1015,1033,1171.0,1163,967,889.0,965.0,676.0,372.0
55432,2009-08-15T00:00:00Z,2009,8,6,False,False,18379,279.0,192.0,117.0,97.0,90.0,171,465,777,1034.0,1174.0,1204.0,1247.0,1141,1276,1269,1194,1191,1045.0,938,848,759.0,587.0,680.0,604.0
55432,2009-08-21T00:00:00Z,2009,8,5,False,False,17673,167.0,74.0,72.0,44.0,90.0,333,793,1021,982.0,1028.0,1067.0,949.0,974,964,1033,1077,1172,1248.0,1143,1058,703.0,547.0,553.0,581.0
55432,2009-08-22T00:00:00Z,2009,8,6,False,False,17251,350.0,209.0,129.0,102.0,90.0,202,423,757,921.0,1010.0,1101.0,1200.0,1220,1255,1183,1036,969,976.0,925,817,653.0,479.0,588.0,656.0
55432,2009-08-23T00:00:00Z,2009,8,7,False,False,15690,444.0,234.0,185.0,109.0,125.0,141,266,400,582.0,857.0,1073.0,1220.0,1341,1333,1198,1068,962,993.0,837,627,563.0,542.0,373.0,217.0
55432,2009-08-24T00:00:00Z,2009,8,1,False,False,15212,129.0,45.0,30.0,37.0,76.0,298,735,1024,1035.0,1018.0,906.0,835.0,878,838,917,919,968,1119.0,956,709,644.0,515.0,389.0,192.0
55432,2009-08-25T00:00:00Z,2009,8,2,False,False,16270,80.0,47.0,47.0,46.0,68.0,313,784,998,1085.0,976.0,942.0,882.0,927,909,947,988,984,1187.0,1098,902,752.0,622.0,478.0,208.0
55432,2009-08-27T00:00:00Z,2009,8,4,False,False,17140,134.0,68.0,42.0,50.0,84.0,323,814,1021,1075.0,1046.0,954.0,976.0,979,970,992,997,1031,1172.0,1165,933,727.0,724.0,562.0,301.0
55432,2009-09-05T00:00:00Z,2009,9,6,False,False,17621,337.0,188.0,112.0,114.0,82.0,185,431,763,1042.0,1203.0,1341.0,1222.0,1238,1120,1178,1059,975,1048.0,905,742,681.0,574.0,552.0,529.0
55432,2009-09-14T00:00:00Z,2009,9,1,False,False,15206,108.0,44.0,46.0,38.0,61.0,341,833,1018,1049.0,930.0,937.0,889.0,828,827,916,936,1084,1066.0,939,744,569.0,477.0,351.0,175.0
55432,2009-09-27T00:00:00Z,2009,9,7,False,False,14793,402.0,216.0,164.0,120.0,104.0,145,258,407,597.0,860.0,977.0,1142.0,1188,1129,1228,1044,931,915.0,763,577,532.0,509.0,359.0,226.0
55432,2009-09-28T00:00:00Z,2009,9,1,False,False,14598,107.0,43.0,30.0,57.0,57.0,315,825,977,1009.0,844.0,906.0,843.0,850,861,879,875,902,1046.0,845,722,586.0,458.0,348.0,213.0
55432,2009-10-05T00:00:00Z,2009,10,1,True,True,13332,349.0,187.0,146.0,148.0,164.0,236,335,322,393.0,544.0,781.0,990.0,1122,1157,1062,966,820,675.0,801,552,493.0,476.0,367.0,246.0
55432,2009-10-09T00:00:00Z,2009,10,5,False,True,16172,191.0,97.0,66.0,51.0,75.0,287,706,881,897.0,943.0,937.0,957.0,989,1019,891,953,1052,1010.0,908,886,745.0,610.0,571.0,450.0
55432,2009-10-10T00:00:00Z,2009,10,6,False,True,16881,337.0,180.0,129.0,95.0,105.0,163,434,559,780.0,964.0,1005.0,1084.0,1072,1104,1080,1122,1249,1305.0,819,898,730.0,589.0,520.0,558.0
55432,2009-07-31T00:00:00Z,2009,7,5,False,False,17015,171.0,75.0,63.0,51.0,82.0,311,734,1019,1115.0,1018.0,955.0,916.0,984,1025,1009,1066,1092,1050.0,961,993,685.0,588.0,592.0,460.0
55432,2009-08-05T00:00:00Z,2009,8,3,False,False,16650,109.0,63.0,41.0,47.0,90.0,318,793,1046,1099.0,1035.0,956.0,1009.0,950,919,922,954,1043,1118.0,993,865,713.0,674.0,545.0,348.0
55432,2009-08-06T00:00:00Z,2009,8,4,False,False,16882,158.0,75.0,70.0,51.0,65.0,305,785,1017,1075.0,958.0,967.0,894.0,934,956,1005,985,1086,1128.0,1083,936,751.0,676.0,551.0,371.0
55432,2009-08-11T00:00:00Z,2009,8,2,False,False,16466,115.0,74.0,49.0,42.0,70.0,329,768,965,1087.0,1072.0,975.0,911.0,938,897,979,1022,1021,1178.0,1048,961,682.0,634.0,420.0,229.0
55432,2009-08-16T00:00:00Z,2009,8,7,False,False,16342,450.0,230.0,193.0,136.0,82.0,156,268,378,592.0,978.0,921.0,1283.0,1417,1418,1285,1138,1212,953.0,861,736,561.0,518.0,345.0,231.0
55432,2009-08-20T00:00:00Z,2009,8,4,False,False,17243,148.0,65.0,65.0,49.0,83.0,321,775,1051,1067.0,1054.0,922.0,938.0,926,988,1003,1085,1095,1201.0,1101,911,752.0,740.0,568.0,335.0
55432,2009-08-29T00:00:00Z,2009,8,6,False,False,18971,352.0,181.0,141.0,104.0,93.0,185,445,922,1089.0,1097.0,1207.0,1123.0,1240,1230,1154,1233,1241,1245.0,1295,965,705.0,624.0,540.0,560.0
55432,2009-10-12T00:00:00Z,2009,10,1,False,True,15096,114.0,59.0,61.0,42.0,75.0,277,700,823,926.0,1021.0,946.0,985.0,927,895,866,879,1015,1068.0,964,779,595.0,499.0,415.0,165.0
55432,2009-10-19T00:00:00Z,2009,10,1,False,False,15477,175.0,70.0,45.0,36.0,67.0,277,802,985,931.0,987.0,939.0,863.0,945,879,903,959,1006,1158.0,999,730,614.0,556.0,380.0,171.0
55432,2009-10-21T00:00:00Z,2009,10,3,False,False,17273,117.0,72.0,52.0,41.0,82.0,320,821,1022,1043.0,1076.0,1039.0,992.0,1025,950,1060,1018,1049,1148.0,1077,923,759.0,726.0,557.0,304.0
55432,2009-10-31T00:00:00Z,2009,10,6,False,False,19559,361.0,204.0,172.0,124.0,100.0,183,512,809,1038.0,1020.0,1234.0,1213.0,1169,1293,1368,1169,1149,1110.0,1148,1075,1045.0,805.0,638.0,620.0
55432,2009-11-06T00:00:00Z,2009,11,5,False,False,17628,151.0,70.0,53.0,57.0,99.0,292,853,1022,1005.0,1011.0,1043.0,932.0,941,983,1001,998,1160,1307.0,1194,1033,696.0,623.0,580.0,524.0
55432,2009-11-13T00:00:00Z,2009,11,5,False,False,17774,171.0,87.0,69.0,48.0,104.0,341,854,1034,1006.0,980.0,955.0,1002.0,1074,1042,1091,1080,1125,1208.0,1046,939,759.0,647.0,599.0,513.0
55432,2009-11-17T00:00:00Z,2009,11,2,False,False,16612,134.0,61.0,44.0,50.0,71.0,330,854,983,983.0,912.0,998.0,935.0,940,920,929,975,1106,1180.0,1084,880,735.0,641.0,510.0,357.0
55432,2009-11-18T00:00:00Z,2009,11,3,False,False,17729,159.0,80.0,61.0,48.0,93.0,337,835,1007,1041.0,1025.0,985.0,977.0,972,973,1000,1051,1225,1197.0,1171,940,800.0,707.0,648.0,397.0
55432,2009-11-19T00:00:00Z,2009,11,4,False,False,18006,197.0,87.0,103.0,72.0,91.0,346,850,979,1059.0,989.0,1018.0,957.0,1063,1003,1004,1049,1080,1203.0,1241,996,790.0,720.0,627.0,482.0
55432,2009-11-23T00:00:00Z,2009,11,1,False,False,15618,190.0,87.0,40.0,38.0,82.0,324,819,986,972.0,940.0,866.0,882.0,872,909,922,930,984,1166.0,1038,761,593.0,539.0,415.0,263.0
55432,2009-11-29T00:00:00Z,2009,11,7,False,False,16147,503.0,249.0,153.0,157.0,99.0,135,277,493,716.0,974.0,1079.0,1020.0,1225,1209,1092,1149,1182,945.0,845,759,620.0,581.0,444.0,241.0
55432,2009-11-30T00:00:00Z,2009,11,1,False,False,15600,133.0,55.0,36.0,48.0,93.0,325,817,958,1009.0,1008.0,890.0,897.0,914,881,938,899,996,1120.0,975,799,582.0,549.0,459.0,219.0
55432,2009-10-23T00:00:00Z,2009,10,5,False,False,17879,189.0,116.0,64.0,44.0,89.0,312,861,993,1052.0,1037.0,1065.0,988.0,1014,1085,1068,1034,1094,1145.0,1107,992,802.0,643.0,556.0,529.0
55432,2009-10-26T00:00:00Z,2009,10,1,False,False,14544,112.0,54.0,47.0,61.0,61.0,269,654,877,895.0,867.0,874.0,806.0,857,839,864,927,1005,1191.0,965,706,543.0,501.0,362.0,207.0
55432,2009-10-27T00:00:00Z,2009,10,2,False,False,15915,89.0,46.0,43.0,44.0,74.0,279,792,973,997.0,992.0,872.0,827.0,857,868,885,996,990,1205.0,1156,897,728.0,591.0,449.0,265.0
55432,2009-01-03T00:00:00Z,2009,1,6,False,True,14471,225.0,112.0,98.0,102.0,104.0,233,434,581,741.0,872.0,818.0,1045.0,1011,1013,941,887,881,724.0,773,787,646.0,537.0,497.0,409.0
55432,2009-01-05T00:00:00Z,2009,1,1,False,True,15877,162.0,86.0,56.0,64.0,102.0,284,642,848,898.0,1039.0,1057.0,1038.0,1060,989,944,917,977,1073.0,947,837,585.0,480.0,494.0,298.0
55432,2009-01-13T00:00:00Z,2009,1,2,False,True,15805,113.0,65.0,49.0,55.0,89.0,287,750,873,925.0,930.0,950.0,953.0,954,994,912,912,960,1136.0,1188,792,570.0,507.0,468.0,373.0
55432,2009-04-18T00:00:00Z,2009,4,6,False,True,17545,332.0,197.0,121.0,89.0,90.0,205,528,685,901.0,1111.0,1210.0,1242.0,1329,1107,1194,1053,935,777.0,1077,948,728.0,537.0,638.0,511.0
55432,2009-04-20T00:00:00Z,2009,4,1,False,True,15217,90.0,77.0,40.0,34.0,63.0,330,757,883,969.0,950.0,901.0,866.0,911,862,854,988,953,1084.0,1002,830,599.0,528.0,416.0,230.0
55432,2009-04-22T00:00:00Z,2009,4,3,False,True,16698,131.0,58.0,49.0,45.0,72.0,312,772,921,953.0,1032.0,1011.0,969.0,968,1033,995,925,980,1116.0,1128,928,759.0,688.0,575.0,278.0
55432,2009-04-23T00:00:00Z,2009,4,4,False,True,16856,155.0,79.0,50.0,56.0,80.0,307,807,894,1036.0,972.0,991.0,997.0,1003,946,873,1000,1074,1128.0,1196,948,707.0,650.0,598.0,309.0
55432,2009-06-04T00:00:00Z,2009,6,4,False,False,16470,131.0,87.0,55.0,54.0,87.0,324,723,979,1087.0,980.0,894.0,910.0,952,932,948,950,1003,1145.0,1048,914,795.0,603.0,520.0,349.0
55432,2009-06-06T00:00:00Z,2009,6,6,False,False,17040,320.0,191.0,127.0,93.0,104.0,150,356,587,811.0,940.0,1102.0,1142.0,1137,1289,1183,1223,1153,1099.0,1005,841,644.0,584.0,528.0,431.0
55432,2009-06-09T00:00:00Z,2009,6,2,False,False,16171,67.0,51.0,35.0,43.0,71.0,263,791,966,1075.0,884.0,885.0,849.0,879,906,966,974,993,1166.0,1176,1046,758.0,559.0,485.0,283.0
55432,2009-06-11T00:00:00Z,2009,6,4,False,False,15668,153.0,73.0,48.0,51.0,95.0,321,764,982,990.0,986.0,890.0,926.0,839,838,905,843,970,921.0,1042,844,730.0,635.0,530.0,292.0
55432,2009-06-17T00:00:00Z,2009,6,3,False,False,15757,115.0,65.0,39.0,46.0,72.0,270,672,923,1039.0,1037.0,886.0,956.0,905,913,982,967,918,1042.0,1078,767,638.0,626.0,515.0,286.0
55432,2009-06-18T00:00:00Z,2009,6,4,False,False,15886,136.0,71.0,42.0,53.0,73.0,275,732,947,1037.0,977.0,970.0,860.0,900,887,916,973,922,1091.0,967,896,759.0,586.0,499.0,317.0
55432,2009-06-23T00:00:00Z,2009,6,2,False,False,15838,139.0,54.0,44.0,39.0,66.0,309,739,962,1020.0,976.0,865.0,937.0,941,883,871,962,1064,1100.0,1000,839,677.0,562.0,443.0,346.0
55432,2009-06-25T00:00:00Z,2009,6,4,False,False,16983,224.0,139.0,68.0,54.0,96.0,286,705,966,1074.0,1008.0,900.0,933.0,940,894,1062,1015,1075,1095.0,1135,976,751.0,661.0,607.0,319.0
55432,2009-08-09T00:00:00Z,2009,8,7,False,False,16093,372.0,225.0,175.0,126.0,111.0,192,345,602,939.0,946.0,1026.0,1209.0,1325,1346,1070,975,1054,920.0,813,652,550.0,499.0,393.0,228.0
55432,2009-08-13T00:00:00Z,2009,8,4,False,False,17590,191.0,83.0,80.0,64.0,73.0,333,754,1052,1064.0,992.0,1084.0,915.0,1001,983,1052,1032,1081,1185.0,1142,1009,826.0,719.0,555.0,320.0
55432,2009-09-01T00:00:00Z,2009,9,2,False,False,16286,86.0,48.0,41.0,33.0,80.0,330,821,1012,1085.0,1030.0,895.0,942.0,870,856,954,977,1034,1145.0,1119,859,731.0,640.0,449.0,249.0
55432,2009-09-02T00:00:00Z,2009,9,3,False,False,16571,133.0,71.0,30.0,49.0,68.0,332,775,1036,1064.0,1053.0,973.0,916.0,957,977,939,957,1036,1141.0,1002,865,699.0,681.0,519.0,298.0
55432,2009-09-06T00:00:00Z,2009,9,7,False,False,15015,425.0,224.0,159.0,99.0,93.0,153,249,385,574.0,882.0,1000.0,1134.0,1225,1257,893,1058,940,977.0,930,623,610.0,531.0,398.0,196.0
55432,2009-09-12T00:00:00Z,2009,9,6,False,False,17959,326.0,165.0,108.0,85.0,107.0,187,502,701,898.0,1106.0,1086.0,1138.0,1219,1241,1146,1172,1059,1089.0,1155,1003,669.0,579.0,674.0,544.0
55432,2009-09-17T00:00:00Z,2009,9,4,False,False,17493,162.0,77.0,37.0,39.0,92.0,324,819,1002,1076.0,1048.0,998.0,998.0,1054,960,989,1063,1016,1211.0,1074,983,775.0,718.0,582.0,396.0
55432,2009-09-18T00:00:00Z,2009,9,5,False,False,17900,186.0,89.0,64.0,44.0,90.0,330,777,984,1127.0,1113.0,1000.0,1091.0,956,992,1043,1109,1128,1219.0,1188,1045,715.0,564.0,536.0,510.0
55432,2009-09-22T00:00:00Z,2009,9,2,False,False,16396,113.0,63.0,51.0,41.0,76.0,333,828,1054,1079.0,1016.0,975.0,969.0,899,893,986,1037,1048,1103.0,1017,839,721.0,556.0,441.0,258.0
55432,2009-09-26T00:00:00Z,2009,9,6,False,False,16858,345.0,201.0,127.0,90.0,88.0,208,484,698,929.0,996.0,1085.0,1112.0,1310,1190,1022,997,947,994.0,950,796,629.0,521.0,598.0,541.0
55432,2009-09-29T00:00:00Z,2009,9,2,False,False,16418,110.0,66.0,38.0,47.0,78.0,329,829,1029,1022.0,894.0,908.0,903.0,879,953,958,1082,1070,1087.0,1076,934,726.0,599.0,494.0,307.0
55432,2009-10-13T00:00:00Z,2009,10,2,False,True,16097,126.0,56.0,52.0,37.0,64.0,293,792,892,980.0,942.0,929.0,968.0,924,919,891,924,1009,1188.0,1143,842,719.0,589.0,515.0,303.0
55432,2009-01-24T00:00:00Z,2009,1,6,False,True,17624,404.0,347.0,188.0,125.0,94.0,191,404,680,793.0,1017.0,1183.0,1203.0,1275,1211,1182,991,955,904.0,967,942,836.0,654.0,525.0,553.0
55432,2009-04-24T00:00:00Z,2009,4,5,False,True,17015,178.0,71.0,69.0,52.0,79.0,305,772,955,1074.0,949.0,977.0,994.0,1061,981,1012,1094,1067,1008.0,1016,858,784.0,593.0,583.0,483.0
55432,2009-04-25T00:00:00Z,2009,4,6,True,True,15826,348.0,245.0,122.0,96.0,98.0,161,331,447,555.0,826.0,1025.0,1231.0,1485,1323,1118,1021,867,681.0,952,723,599.0,540.0,538.0,494.0
55432,2009-06-05T00:00:00Z,2009,6,5,False,False,16322,180.0,80.0,46.0,46.0,103.0,330,759,960,1107.0,968.0,983.0,935.0,937,909,969,970,1010,999.0,967,866,633.0,608.0,512.0,445.0
55432,2009-06-12T00:00:00Z,2009,6,5,False,False,16153,178.0,74.0,54.0,48.0,79.0,313,782,967,898.0,903.0,941.0,976.0,945,953,1020,989,1013,1030.0,904,881,682.0,536.0,524.0,463.0
55432,2009-06-13T00:00:00Z,2009,6,6,False,False,16788,311.0,152.0,118.0,106.0,82.0,159,438,812,910.0,1014.0,1066.0,1116.0,1159,1150,1105,992,1004,947.0,935,870,701.0,551.0,574.0,516.0
55432,2009-06-27T00:00:00Z,2009,6,6,False,False,17374,345.0,191.0,150.0,117.0,87.0,153,437,673,802.0,996.0,1071.0,1101.0,1173,1139,1074,1143,1124,1033.0,1136,942,707.0,593.0,625.0,562.0
55432,2009-06-29T00:00:00Z,2009,6,1,False,False,14445,120.0,55.0,25.0,39.0,85.0,284,699,896,993.0,920.0,807.0,823.0,848,877,858,960,895,1039.0,924,705,528.0,492.0,356.0,217.0
55432,2009-07-01T00:00:00Z,2009,7,3,False,False,15747,156.0,62.0,44.0,38.0,88.0,288,735,978,977.0,970.0,843.0,912.0,916,879,934,920,949,1058.0,1030,877,678.0,623.0,503.0,289.0
55432,2009-07-02T00:00:00Z,2009,7,4,False,False,16008,145.0,62.0,48.0,53.0,87.0,280,772,933,1004.0,921.0,974.0,893.0,890,842,885,926,1139,1032.0,1040,936,648.0,633.0,546.0,319.0
55432,2009-07-14T00:00:00Z,2009,7,2,False,True,14987,102.0,48.0,45.0,40.0,60.0,303,733,870,909.0,983.0,880.0,912.0,874,875,870,950,863,1011.0,1082,785,627.0,521.0,402.0,242.0
55432,2009-07-22T00:00:00Z,2009,7,3,False,True,15969,128.0,82.0,36.0,49.0,84.0,294,712,921,983.0,1006.0,1029.0,1007.0,1002,961,911,958,939,1024.0,998,808,675.0,586.0,499.0,277.0
55432,2009-07-29T00:00:00Z,2009,7,3,False,False,16599,179.0,79.0,36.0,45.0,75.0,284,721,1011,1035.0,1110.0,947.0,959.0,948,929,984,964,1018,1080.0,1062,905,749.0,676.0,522.0,281.0
55432,2009-08-03T00:00:00Z,2009,8,1,False,False,15781,120.0,49.0,35.0,58.0,69.0,290,705,961,1020.0,978.0,879.0,912.0,883,910,977,1044,1066,1202.0,1031,884,577.0,590.0,372.0,169.0
55432,2009-08-04T00:00:00Z,2009,8,2,False,False,15971,90.0,71.0,37.0,35.0,75.0,316,773,1007,1051.0,1014.0,878.0,874.0,875,910,926,966,1013,1183.0,1060,839,718.0,589.0,441.0,230.0
55432,2009-01-11T00:00:00Z,2009,1,7,False,True,15253,365.0,247.0,146.0,127.0,108.0,135,231,379,499.0,777.0,861.0,976.0,1119,1197,1147,1140,1178,1122.0,931,699,563.0,552.0,456.0,298.0
55432,2009-01-12T00:00:00Z,2009,1,1,False,True,14348,127.0,62.0,35.0,45.0,76.0,268,713,795,878.0,931.0,885.0,889.0,877,856,893,860,905,1113.0,971,701,495.0,420.0,348.0,205.0
55432,2009-01-14T00:00:00Z,2009,1,3,False,True,17339,141.0,69.0,47.0,53.0,71.0,272,748,824,959.0,983.0,1051.0,1090.0,1059,1061,965,1013,997,1231.0,1090,840,647.0,990.0,829.0,309.0
55432,2009-01-15T00:00:00Z,2009,1,4,False,True,16223,0.0,0.0,50.0,51.0,96.0,283,782,866,893.0,1085.0,1030.0,1065.0,1011,1065,999,924,930,1066.0,1072,838,698.0,551.0,509.0,359.0
55432,2009-01-17T00:00:00Z,2009,1,6,False,True,16507,322.0,158.0,140.0,92.0,121.0,191,424,627,836.0,967.0,948.0,1071.0,1156,1104,1057,1102,1061,985.0,943,865,680.0,594.0,541.0,522.0
55432,2009-01-22T00:00:00Z,2009,1,4,False,True,17683,166.0,84.0,59.0,55.0,87.0,299,733,987,944.0,978.0,974.0,1021.0,984,973,929,998,1000,1229.0,1353,1198,873.0,735.0,612.0,412.0
55432,2009-01-27T00:00:00Z,2009,1,2,False,False,14853,151.0,74.0,46.0,46.0,82.0,230,679,839,946.0,860.0,799.0,884.0,855,822,904,861,923,1110.0,1114,813,621.0,518.0,413.0,263.0
55432,2009-11-07T00:00:00Z,2009,11,6,False,False,18203,314.0,166.0,107.0,85.0,100.0,174,501,811,1040.0,1149.0,1185.0,1168.0,1185,1321,1238,1145,1169,1058.0,1013,859,719.0,578.0,587.0,531.0
55432,2009-11-08T00:00:00Z,2009,11,7,False,False,15212,398.0,244.0,169.0,118.0,98.0,117,239,424,612.0,915.0,983.0,1000.0,1210,1165,1072,991,988,999.0,866,681,620.0,609.0,439.0,255.0
55432,2009-11-12T00:00:00Z,2009,11,4,False,False,17827,159.0,72.0,58.0,49.0,84.0,307,837,1011,1018.0,1072.0,973.0,1072.0,1039,1037,1053,1042,1187,1133.0,1157,975,727.0,785.0,616.0,364.0
55432,2009-11-21T00:00:00Z,2009,11,6,False,False,18797,383.0,207.0,151.0,120.0,91.0,210,525,823,1104.0,1206.0,1206.0,1264.0,1311,1285,1257,1115,1052,1026.0,1015,882,723.0,652.0,629.0,560.0
55432,2009-11-26T00:00:00Z,2009,11,4,False,False,16620,211.0,70.0,66.0,49.0,94.0,331,882,969,989.0,995.0,914.0,964.0,952,1050,939,845,903,891.0,996,1007,783.0,662.0,657.0,401.0
55432,2009-11-27T00:00:00Z,2009,11,5,False,False,17837,195.0,112.0,59.0,62.0,97.0,348,856,985,1079.0,1005.0,1019.0,983.0,1036,1097,1036,1098,1122,1100.0,976,936,783.0,689.0,584.0,580.0
55432,2009-11-28T00:00:00Z,2009,11,6,False,False,18636,407.0,247.0,152.0,103.0,96.0,208,555,809,1021.0,1217.0,1262.0,1278.0,1236,1157,1090,1221,1029,918.0,919,859,822.0,725.0,684.0,621.0
55432,2009-12-01T00:00:00Z,2009,12,2,False,False,16250,111.0,81.0,41.0,44.0,99.0,313,872,986,1001.0,985.0,979.0,939.0,870,887,939,913,1009,1113.0,1070,921,687.0,595.0,504.0,291.0
55432,2009-12-07T00:00:00Z,2009,12,1,False,False,16243,142.0,67.0,29.0,42.0,107.0,319,779,938,988.0,947.0,920.0,991.0,1022,954,957,1000,1010,1186.0,1053,800,691.0,554.0,420.0,327.0
55432,2009-12-14T00:00:00Z,2009,12,1,False,False,15354,131.0,77.0,40.0,50.0,86.0,285,798,954,989.0,984.0,898.0,867.0,870,901,890,924,985,1126.0,1001,770,555.0,530.0,418.0,225.0
55432,2009-12-16T00:00:00Z,2009,12,3,False,False,17227,172.0,68.0,56.0,66.0,92.0,323,820,988,1016.0,1068.0,1046.0,1032.0,975,1033,963,985,1013,1153.0,1048,911,740.0,652.0,594.0,413.0
55432,2009-12-18T00:00:00Z,2009,12,5,False,False,17604,220.0,143.0,71.0,67.0,103.0,334,855,1020,930.0,1008.0,1024.0,972.0,931,1059,1086,1039,1092,1145.0,1015,968,776.0,630.0,617.0,499.0
55432,2009-12-30T00:00:00Z,2009,12,3,False,True,14268,165.0,92.0,56.0,76.0,72.0,170,381,531,613.0,773.0,947.0,1041.0,1088,1001,1006,864,845,892.0,783,752,677.0,565.0,515.0,363.0
55432,2009-01-28T00:00:00Z,2009,1,3,False,False,16619,115.0,59.0,44.0,36.0,86.0,273,801,955,1032.0,1039.0,987.0,951.0,988,925,921,1014,1045,1153.0,1123,897,677.0,644.0,512.0,342.0
55432,2009-01-29T00:00:00Z,2009,1,4,False,False,16909,170.0,82.0,49.0,39.0,84.0,295,788,940,990.0,1054.0,993.0,998.0,943,911,987,1060,1023,1191.0,1177,925,707.0,652.0,494.0,357.0
55432,2009-02-01T00:00:00Z,2009,2,7,False,False,15665,451.0,231.0,183.0,129.0,78.0,144,268,438,712.0,873.0,994.0,1118.0,1327,1237,1158,995,993,979.0,827,733,583.0,537.0,451.0,226.0
55432,2009-02-09T00:00:00Z,2009,2,1,False,False,15142,149.0,79.0,48.0,51.0,75.0,313,739,1007,1033.0,946.0,895.0,861.0,814,827,873,911,926,1138.0,1091,718,556.0,484.0,374.0,234.0
55432,2009-02-10T00:00:00Z,2009,2,2,False,False,15631,117.0,66.0,38.0,47.0,70.0,298,763,897,1015.0,932.0,818.0,950.0,856,873,937,903,983,1140.0,1124,849,711.0,537.0,446.0,261.0
55432,2009-02-11T00:00:00Z,2009,2,3,False,False,16324,135.0,64.0,39.0,39.0,103.0,300,794,977,950.0,1023.0,944.0,899.0,862,878,950,936,996,1133.0,1127,914,727.0,681.0,488.0,365.0
55432,2009-02-26T00:00:00Z,2009,2,4,False,False,17455,159.0,89.0,50.0,37.0,89.0,321,883,1014,955.0,1001.0,937.0,942.0,941,875,1026,998,1141,1260.0,1200,1014,807.0,760.0,556.0,400.0
55432,2009-03-01T00:00:00Z,2009,3,7,False,False,15440,445.0,278.0,156.0,132.0,134.0,146,237,372,627.0,783.0,926.0,1050.0,1127,1184,1094,1075,1064,998.0,955,718,646.0,638.0,406.0,249.0
55432,2009-03-04T00:00:00Z,2009,3,3,False,False,17550,156.0,75.0,63.0,41.0,60.0,282,773,980,1018.0,1018.0,908.0,930.0,912,867,987,964,984,1195.0,1274,1239,986.0,810.0,550.0,478.0
55432,2009-03-12T00:00:00Z,2009,3,4,False,False,18039,263.0,79.0,47.0,47.0,77.0,319,840,1014,1071.0,964.0,984.0,949.0,952,1011,1024,1087,1134,1256.0,1277,1067,824.0,714.0,629.0,410.0
55432,2009-03-13T00:00:00Z,2009,3,5,False,False,18001,255.0,134.0,94.0,59.0,94.0,307,844,1068,1049.0,1001.0,1037.0,1001.0,1056,966,991,1044,1093,1198.0,1135,1042,780.0,627.0,611.0,515.0
55432,2009-03-15T00:00:00Z,2009,3,7,False,False,16328,455.0,266.0,197.0,135.0,102.0,150,225,372,605.0,844.0,1053.0,1163.0,1392,1366,1268,1206,987,831.0,953,758,650.0,566.0,455.0,329.0
55432,2009-03-17T00:00:00Z,2009,3,2,False,False,17051,111.0,59.0,43.0,36.0,71.0,308,846,1024,1013.0,1071.0,960.0,975.0,967,941,981,981,1073,1233.0,1126,933,792.0,657.0,568.0,282.0
55432,2009-03-18T00:00:00Z,2009,3,3,False,False,17731,171.0,74.0,47.0,46.0,81.0,329,859,1069,1114.0,1024.0,957.0,898.0,980,921,921,997,1044,1265.0,1176,1181,817.0,711.0,645.0,404.0
55432,2009-03-20T00:00:00Z,2009,3,5,False,False,17525,161.0,88.0,61.0,44.0,84.0,322,856,1035,1060.0,991.0,979.0,976.0,1020,1008,1008,1091,1046,1117.0,1011,934,780.0,671.0,667.0,515.0
55432,2009-03-21T00:00:00Z,2009,3,6,False,False,19052,350.0,192.0,146.0,98.0,94.0,167,457,772,1095.0,1238.0,1268.0,1332.0,1276,1278,1151,1100,1057,1013.0,1006,928,805.0,678.0,777.0,774.0
55432,2009-04-06T00:00:00Z,2009,4,1,False,False,15852,102.0,64.0,43.0,35.0,89.0,333,813,1042,1140.0,904.0,893.0,922.0,892,888,992,951,1010,1091.0,1017,837,611.0,558.0,399.0,226.0
55432,2009-04-07T00:00:00Z,2009,4,2,False,False,16881,88.0,58.0,47.0,39.0,79.0,347,894,1043,1066.0,991.0,974.0,974.0,942,990,948,1033,992,1219.0,1106,898,723.0,683.0,449.0,298.0
55432,2009-04-14T00:00:00Z,2009,4,2,False,True,14875,97.0,53.0,39.0,47.0,62.0,249,717,852,937.0,866.0,962.0,896.0,923,901,882,872,1005,1072.0,966,702,591.0,522.0,430.0,232.0
55432,2009-04-19T00:00:00Z,2009,4,7,False,True,13922,412.0,222.0,169.0,116.0,74.0,133,221,330,495.0,679.0,813.0,965.0,1056,1098,954,1002,956,968.0,912,683,596.0,505.0,362.0,201.0
55432,2009-03-16T00:00:00Z,2009,3,1,False,False,16408,237.0,81.0,48.0,45.0,71.0,317,827,959,1067.0,1001.0,926.0,897.0,956,848,930,1010,1022,1308.0,1112,866,658.0,555.0,444.0,223.0
55432,2009-01-02T00:00:00Z,2009,1,5,False,True,12940,149.0,92.0,55.0,59.0,68.0,170,294,430,578.0,691.0,830.0,988.0,1066,999,959,839,759,770.0,732,670,554.0,495.0,380.0,313.0
55432,2009-01-04T00:00:00Z,2009,1,7,False,True,16074,305.0,150.0,116.0,114.0,98.0,189,327,500,694.0,1143.0,1115.0,1170.0,1313,1321,1174,1109,952,858.0,844,672,584.0,543.0,496.0,287.0
55432,2009-01-06T00:00:00Z,2009,1,2,False,True,17123,129.0,72.0,48.0,60.0,87.0,276,633,844,981.0,1105.0,1134.0,1264.0,1184,1177,1012,989,1077,1177.0,1073,803,604.0,565.0,448.0,381.0
55432,2009-01-18T00:00:00Z,2009,1,7,False,True,15548,368.0,231.0,172.0,109.0,115.0,156,238,398,548.0,842.0,1041.0,1102.0,1271,1307,1161,1032,966,932.0,931,686,628.0,610.0,444.0,260.0
55432,2009-01-21T00:00:00Z,2009,1,3,False,True,16127,144.0,70.0,45.0,50.0,85.0,293,758,796,837.0,1116.0,986.0,943.0,985,965,960,900,1024,1023.0,1051,907,637.0,656.0,508.0,388.0
55432,2009-01-23T00:00:00Z,2009,1,5,False,True,18223,223.0,111.0,61.0,63.0,88.0,292,766,914,952.0,1084.0,1082.0,1170.0,1249,1065,1282,1095,1079,1232.0,1034,908,752.0,658.0,553.0,510.0
55432,2009-02-08T00:00:00Z,2009,2,7,False,False,16924,404.0,236.0,165.0,115.0,103.0,139,286,517,745.0,1007.0,1110.0,1202.0,1384,1292,1251,1132,1073,962.0,927,822,676.0,618.0,515.0,243.0
55432,2009-12-09T00:00:00Z,2009,12,3,False,False,16896,142.0,67.0,53.0,56.0,85.0,318,815,958,1069.0,1002.0,1028.0,982.0,927,881,961,949,1073,1133.0,1127,895,730.0,682.0,616.0,347.0
55432,2009-12-22T00:00:00Z,2009,12,2,False,True,16353,153.0,83.0,49.0,47.0,100.0,296,781,844,909.0,909.0,1059.0,994.0,1043,998,1033,893,983,1105.0,1080,837,665.0,606.0,535.0,351.0
55432,2009-12-27T00:00:00Z,2009,12,7,False,True,12614,184.0,107.0,88.0,72.0,66.0,124,191,253,399.0,557.0,712.0,834.0,923,1003,829,845,948,1027.0,977,643,600.0,519.0,416.0,297.0
55432,2009-02-12T00:00:00Z,2009,2,4,False,False,16840,179.0,96.0,62.0,60.0,84.0,288,757,984,982.0,1018.0,978.0,876.0,883,916,943,982,1027,1177.0,1173,980,767.0,721.0,591.0,316.0
55432,2009-02-16T00:00:00Z,2009,2,1,False,False,15212,140.0,81.0,45.0,42.0,74.0,268,735,966,987.0,910.0,867.0,904.0,854,950,914,933,915,1082.0,1081,744,623.0,509.0,396.0,192.0
55432,2009-02-20T00:00:00Z,2009,2,5,False,False,18463,189.0,94.0,61.0,42.0,82.0,359,810,1004,1060.0,1083.0,1095.0,1031.0,996,1039,1085,1101,1081,1182.0,1176,1175,821.0,710.0,676.0,511.0
55432,2009-02-24T00:00:00Z,2009,2,2,False,False,17508,136.0,57.0,49.0,50.0,72.0,325,787,982,1052.0,964.0,944.0,962.0,932,969,949,947,1112,1149.0,1298,1252,966.0,689.0,515.0,350.0
55432,2009-03-03T00:00:00Z,2009,3,2,False,False,16606,113.0,68.0,41.0,35.0,73.0,326,838,960,1006.0,986.0,935.0,974.0,942,923,970,995,998,1224.0,1159,912,728.0,605.0,488.0,307.0
55432,2009-03-19T00:00:00Z,2009,3,4,False,False,17762,168.0,68.0,53.0,56.0,85.0,323,843,1046,1079.0,1050.0,1012.0,952.0,947,1054,981,1040,1113,1170.0,1170,1019,779.0,766.0,612.0,376.0
55432,2009-03-22T00:00:00Z,2009,3,7,False,False,15932,583.0,292.0,225.0,160.0,134.0,218,276,392,654.0,808.0,1005.0,1207.0,1268,1169,1172,1045,992,918.0,891,688,645.0,551.0,418.0,221.0
55432,2009-03-25T00:00:00Z,2009,3,3,False,False,17189,142.0,65.0,46.0,40.0,86.0,323,810,964,997.0,1084.0,990.0,1057.0,976,1006,1000,1011,1034,1200.0,1096,966,763.0,688.0,545.0,300.0
55432,2009-03-27T00:00:00Z,2009,3,5,False,False,17677,180.0,79.0,72.0,75.0,90.0,332,790,991,1141.0,1032.0,966.0,936.0,941,989,949,1005,1114,1240.0,1125,1090,793.0,577.0,657.0,513.0
55432,2009-04-12T00:00:00Z,2009,4,7,True,True,11701,275.0,188.0,145.0,100.0,92.0,101,204,304,338.0,567.0,651.0,847.0,941,813,749,765,756,766.0,801,576,583.0,484.0,398.0,257.0
55432,2009-04-15T00:00:00Z,2009,4,3,False,True,16861,111.0,49.0,46.0,38.0,85.0,311,818,860,1036.0,970.0,1047.0,999.0,988,989,912,922,1007,1125.0,1147,1067,735.0,630.0,602.0,367.0
55432,2009-06-03T00:00:00Z,2009,6,3,False,False,15565,118.0,59.0,51.0,38.0,66.0,309,673,937,1038.0,873.0,963.0,937.0,948,913,939,917,994,1042.0,1027,780,615.0,510.0,554.0,264.0
55432,2009-06-07T00:00:00Z,2009,6,7,False,False,13410,387.0,219.0,134.0,111.0,94.0,118,205,316,469.0,650.0,732.0,1014.0,1122,1046,984,991,811,814.0,788,622,505.0,494.0,433.0,351.0
55432,2009-06-08T00:00:00Z,2009,6,1,True,False,12223,225.0,150.0,75.0,63.0,60.0,101,208,319,383.0,552.0,746.0,904.0,991,1042,1034,933,824,834.0,718,574,531.0,447.0,347.0,162.0
55432,2009-06-16T00:00:00Z,2009,6,2,False,False,15424,96.0,41.0,35.0,48.0,68.0,287,745,952,1014.0,954.0,852.0,860.0,910,743,844,992,1060,1126.0,1071,799,685.0,568.0,412.0,262.0
55432,2009-06-21T00:00:00Z,2009,6,7,False,False,14484,414.0,259.0,180.0,141.0,92.0,111,191,316,536.0,881.0,1036.0,1069.0,1137,1201,1131,1005,897,896.0,792,592,523.0,487.0,342.0,255.0
55432,2009-06-24T00:00:00Z,2009,6,3,False,False,16824,142.0,82.0,67.0,47.0,71.0,324,700,980,1097.0,1065.0,937.0,925.0,954,938,913,979,1016,1034.0,1053,1028,745.0,621.0,637.0,469.0
55432,2009-06-28T00:00:00Z,2009,6,7,False,False,15202,450.0,277.0,155.0,119.0,71.0,137,223,365,580.0,830.0,985.0,1131.0,1266,1268,1156,1072,943,912.0,920,680,597.0,471.0,361.0,233.0
55432,2009-06-30T00:00:00Z,2009,6,2,False,False,15348,117.0,63.0,33.0,46.0,83.0,311,715,967,1022.0,921.0,851.0,892.0,839,823,867,938,886,1036.0,1074,881,718.0,564.0,431.0,270.0
55432,2009-07-08T00:00:00Z,2009,7,3,False,False,15663,122.0,58.0,39.0,33.0,89.0,285,695,831,1019.0,979.0,997.0,939.0,900,878,869,907,904,1086.0,1142,827,689.0,597.0,507.0,271.0
55432,2009-07-12T00:00:00Z,2009,7,7,False,True,13393,370.0,207.0,178.0,113.0,85.0,126,192,298,477.0,690.0,781.0,939.0,1021,974,1000,996,927,878.0,883,633,571.0,474.0,364.0,216.0
55432,2009-07-16T00:00:00Z,2009,7,4,False,True,15338,177.0,60.0,53.0,52.0,77.0,302,687,866,923.0,859.0,895.0,902.0,887,867,852,942,937,1059.0,1063,873,640.0,601.0,479.0,285.0
55432,2009-10-01T00:00:00Z,2009,10,4,False,False,17093,196.0,83.0,59.0,54.0,93.0,339,791,1024,1061.0,1070.0,969.0,1033.0,1036,1019,1014,1020,1012,1131.0,1031,929,695.0,622.0,478.0,334.0
55432,2009-10-02T00:00:00Z,2009,10,5,False,False,16451,184.0,104.0,61.0,51.0,81.0,306,812,1007,1049.0,922.0,976.0,942.0,993,955,967,1018,989,1082.0,953,840,662.0,520.0,551.0,426.0
55432,2009-10-06T00:00:00Z,2009,10,2,False,True,15255,96.0,52.0,45.0,43.0,75.0,230,688,861,913.0,915.0,919.0,946.0,921,899,915,887,999,1105.0,1049,837,615.0,565.0,429.0,251.0
55432,2009-10-07T00:00:00Z,2009,10,3,False,True,16110,124.0,64.0,49.0,39.0,75.0,278,727,924,950.0,1029.0,1007.0,1000.0,947,951,903,944,1021,1066.0,988,878,694.0,634.0,525.0,293.0
55432,2009-10-08T00:00:00Z,2009,10,4,False,True,17004,136.0,65.0,42.0,43.0,76.0,261,692,905,975.0,983.0,902.0,890.0,927,944,948,936,1030,1146.0,1210,1202,908.0,695.0,587.0,501.0
55432,2009-10-14T00:00:00Z,2009,10,3,False,True,17339,131.0,77.0,48.0,42.0,74.0,307,800,899,945.0,1021.0,1073.0,975.0,973,947,980,937,955,1201.0,1106,1130,885.0,737.0,637.0,459.0
55432,2009-10-18T00:00:00Z,2009,10,7,False,True,14798,451.0,267.0,169.0,127.0,108.0,138,213,363,559.0,789.0,849.0,929.0,1120,1082,952,1071,1046,1044.0,936,688,642.0,560.0,436.0,259.0
55432,2009-10-22T00:00:00Z,2009,10,4,False,False,17380,182.0,81.0,47.0,51.0,91.0,299,803,1034,1079.0,1025.0,949.0,966.0,949,932,1003,1021,1067,1252.0,1163,973,795.0,676.0,584.0,358.0
55432,2009-10-25T00:00:00Z,2009,10,7,False,False,14530,408.0,248.0,169.0,137.0,116.0,147,240,384,595.0,780.0,987.0,986.0,1018,1137,1049,1076,1162,846.0,740,636,546.0,502.0,381.0,240.0
55432,2009-10-28T00:00:00Z,2009,10,3,False,False,17183,180.0,78.0,55.0,48.0,74.0,330,804,1018,986.0,1060.0,959.0,887.0,969,890,1093,1041,1075,1116.0,1215,935,751.0,733.0,546.0,340.0
55432,2009-10-29T00:00:00Z,2009,10,4,False,False,17828,171.0,72.0,51.0,56.0,93.0,297,820,1004,1031.0,979.0,1013.0,983.0,970,987,1003,1106,1101,1241.0,1234,1036,820.0,763.0,604.0,393.0
55432,2009-10-30T00:00:00Z,2009,10,5,False,False,18693,178.0,97.0,48.0,52.0,92.0,315,847,1069,1045.0,995.0,1077.0,1118.0,1079,1055,1091,1068,1101,1228.0,1227,1042,874.0,762.0,635.0,598.0
55432,2009-11-01T00:00:00Z,2009,11,7,False,False,17071,453.0,281.0,230.0,167.0,115.0,171,258,454,710.0,895.0,1261.0,1391.0,1442,1233,1303,1111,918,900.0,1005,778,715.0,593.0,448.0,239.0
55432,2009-11-09T00:00:00Z,2009,11,1,False,False,15751,132.0,68.0,31.0,40.0,77.0,311,814,1085,988.0,972.0,908.0,946.0,921,932,959,958,1013,1078.0,1023,714,630.0,561.0,392.0,198.0
55432,2009-11-14T00:00:00Z,2009,11,6,False,False,18625,342.0,222.0,130.0,110.0,115.0,183,490,841,1072.0,1260.0,1236.0,1272.0,1284,1347,1145,1164,1095,1047.0,961,813,734.0,587.0,627.0,548.0
55432,2009-11-15T00:00:00Z,2009,11,7,False,False,16736,428.0,239.0,166.0,121.0,101.0,152,295,489,766.0,1033.0,1222.0,1319.0,1327,1351,1169,1036,1137,1052.0,967,693,555.0,448.0,433.0,237.0
55432,2009-11-16T00:00:00Z,2009,11,1,False,False,15903,102.0,65.0,39.0,51.0,73.0,305,824,978,963.0,948.0,991.0,1007.0,964,918,998,932,975,1179.0,1087,681,573.0,528.0,397.0,325.0
55432,2009-11-20T00:00:00Z,2009,11,5,False,False,18309,240.0,101.0,75.0,57.0,91.0,346,871,1027,1028.0,1110.0,1045.0,1119.0,1091,1065,1041,1055,1000,1193.0,1051,939,840.0,692.0,615.0,617.0
55432,2009-11-22T00:00:00Z,2009,11,7,False,False,17928,450.0,245.0,187.0,115.0,106.0,152,313,506,684.0,948.0,1096.0,1198.0,1391,1310,1275,1281,1104,1191.0,1179,885,711.0,595.0,646.0,360.0
55432,2009-11-24T00:00:00Z,2009,11,2,False,False,16469,136.0,60.0,57.0,44.0,78.0,312,844,956,1004.0,933.0,871.0,957.0,840,904,954,1008,961,1205.0,1236,929,758.0,600.0,528.0,294.0
55432,2009-12-02T00:00:00Z,2009,12,3,False,False,17113,159.0,81.0,57.0,43.0,81.0,305,788,1034,1028.0,1063.0,918.0,995.0,942,918,997,1009,947,1157.0,1055,998,762.0,695.0,636.0,445.0
55432,2009-12-03T00:00:00Z,2009,12,4,False,False,17525,194.0,88.0,61.0,72.0,98.0,342,843,1016,1033.0,1004.0,942.0,965.0,964,925,1017,1085,1022,1176.0,1124,1069,837.0,712.0,583.0,353.0
55432,2009-07-17T00:00:00Z,2009,7,5,False,True,15387,180.0,92.0,63.0,41.0,83.0,249,669,867,914.0,887.0,901.0,910.0,908,942,954,905,925,967.0,982,869,618.0,483.0,524.0,454.0
55432,2009-07-20T00:00:00Z,2009,7,1,False,True,14377,96.0,53.0,32.0,44.0,59.0,277,710,824,914.0,930.0,873.0,895.0,845,864,885,841,916,1086.0,982,678,540.0,459.0,363.0,211.0
55432,2009-07-21T00:00:00Z,2009,7,2,False,True,15486,109.0,53.0,42.0,37.0,60.0,278,711,840,946.0,888.0,904.0,948.0,881,898,900,970,987,1118.0,1080,855,718.0,544.0,439.0,280.0
55432,2009-07-30T00:00:00Z,2009,7,4,False,False,17388,147.0,89.0,45.0,44.0,86.0,323,745,1023,985.0,1071.0,942.0,940.0,927,1004,1009,1023,1050,1166.0,1201,1119,813.0,659.0,612.0,365.0
55432,2009-08-01T00:00:00Z,2009,8,6,False,False,17821,311.0,184.0,122.0,94.0,69.0,185,447,745,961.0,1121.0,1119.0,1115.0,1217,1159,1152,1108,1116,1170.0,1217,889,722.0,553.0,509.0,536.0
55432,2009-08-02T00:00:00Z,2009,8,7,False,False,14970,435.0,225.0,166.0,132.0,80.0,121,262,412,571.0,827.0,1035.0,1087.0,1187,1233,1124,985,993,918.0,868,646,562.0,495.0,389.0,217.0
55432,2009-08-07T00:00:00Z,2009,8,5,False,False,16517,176.0,88.0,77.0,52.0,74.0,286,754,1037,1036.0,970.0,859.0,912.0,971,912,1041,1047,1010,1053.0,1023,888,680.0,562.0,545.0,464.0
55432,2009-08-08T00:00:00Z,2009,8,6,False,False,18076,319.0,168.0,122.0,102.0,95.0,174,422,790,954.0,1184.0,1320.0,1237.0,1305,1205,1204,1232,1005,998.0,955,862,700.0,601.0,572.0,550.0
55432,2009-08-14T00:00:00Z,2009,8,5,False,False,16790,150.0,76.0,47.0,50.0,76.0,345,721,1025,1068.0,968.0,900.0,968.0,960,835,1053,1104,1062,1100.0,974,943,707.0,594.0,628.0,436.0
55432,2009-08-17T00:00:00Z,2009,8,1,False,False,15600,111.0,63.0,47.0,42.0,69.0,323,759,971,1002.0,991.0,918.0,888.0,840,895,913,1045,1014,1171.0,1016,814,643.0,573.0,334.0,158.0
55432,2009-08-18T00:00:00Z,2009,8,2,False,False,16788,101.0,59.0,34.0,46.0,74.0,301,790,996,1116.0,980.0,986.0,885.0,994,918,942,984,1091,1131.0,1136,983,729.0,701.0,519.0,292.0
55432,2009-08-19T00:00:00Z,2009,8,3,False,False,17031,133.0,67.0,36.0,46.0,77.0,325,782,1030,1103.0,1068.0,1022.0,930.0,959,985,961,977,1044,1141.0,1122,950,734.0,728.0,541.0,270.0
55432,2009-08-26T00:00:00Z,2009,8,3,False,False,16560,102.0,67.0,42.0,49.0,89.0,315,795,1021,1040.0,1024.0,941.0,947.0,952,922,1024,975,976,1221.0,997,881,711.0,653.0,524.0,292.0
55432,2009-08-28T00:00:00Z,2009,8,5,False,False,17146,160.0,84.0,57.0,52.0,92.0,316,837,1044,1096.0,1000.0,1051.0,966.0,959,1013,982,1011,1013,1106.0,1017,969,743.0,559.0,593.0,426.0
55432,2009-08-31T00:00:00Z,2009,8,1,False,False,15320,107.0,52.0,34.0,41.0,76.0,325,769,997,1079.0,922.0,850.0,841.0,865,909,943,874,1012,1207.0,1028,750,610.0,502.0,355.0,172.0
55432,2009-09-03T00:00:00Z,2009,9,4,False,False,16788,143.0,65.0,69.0,50.0,76.0,318,793,1066,1134.0,988.0,890.0,951.0,935,925,997,938,1020,1191.0,1016,995,707.0,664.0,552.0,305.0
55432,2009-09-07T00:00:00Z,2009,9,1,False,False,14662,129.0,47.0,55.0,45.0,68.0,326,782,962,1014.0,897.0,777.0,854.0,816,827,848,935,981,1108.0,899,664,579.0,487.0,369.0,193.0
55432,2009-09-08T00:00:00Z,2009,9,2,False,False,15903,79.0,56.0,44.0,45.0,83.0,319,782,944,1037.0,962.0,838.0,870.0,910,902,901,986,954,1110.0,1065,930,699.0,671.0,434.0,282.0
55432,2009-09-15T00:00:00Z,2009,9,2,False,False,15867,108.0,49.0,39.0,47.0,69.0,343,851,958,1020.0,918.0,908.0,844.0,874,885,940,955,996,1137.0,996,872,717.0,669.0,433.0,239.0
55432,2009-09-16T00:00:00Z,2009,9,3,False,False,16697,113.0,55.0,43.0,43.0,77.0,329,832,1027,1118.0,990.0,957.0,937.0,876,896,938,1000,1044,1153.0,1051,968,765.0,657.0,519.0,309.0
55432,2009-09-24T00:00:00Z,2009,9,4,False,False,17338,169.0,85.0,57.0,65.0,82.0,362,846,1002,1061.0,996.0,1033.0,911.0,999,1015,969,1035,1026,1144.0,1089,981,749.0,700.0,577.0,385.0
55432,2009-09-30T00:00:00Z,2009,9,3,False,False,17660,138.0,68.0,43.0,53.0,79.0,367,842,962,1047.0,1045.0,1000.0,987.0,1061,979,952,980,970,1091.0,1120,1202,874.0,692.0,640.0,468.0
55432,2010-01-07T00:00:00Z,2010,1,4,False,True,14499,157.0,74.0,56.0,49.0,73.0,234,600,714,831.0,778.0,855.0,918.0,932,928,852,860,919,1074.0,940,726,619.0,570.0,456.0,284.0
55432,2010-02-19T00:00:00Z,2010,2,5,False,False,16885,285.0,110.0,67.0,61.0,81.0,282,796,1015,1027.0,974.0,927.0,915.0,959,880,963,1047,1012,1065.0,985,901,796.0,628.0,576.0,533.0
55432,2010-02-25T00:00:00Z,2010,2,4,False,False,17302,195.0,96.0,73.0,59.0,90.0,298,826,990,1041.0,961.0,1115.0,1064.0,973,961,971,1013,1014,1023.0,1189,1056,764.0,678.0,534.0,318.0
55432,2010-03-02T00:00:00Z,2010,3,2,False,False,16956,100.0,48.0,42.0,54.0,75.0,290,774,989,1090.0,898.0,888.0,839.0,883,919,903,1002,1088,1197.0,1260,1137,972.0,657.0,538.0,313.0
55432,2010-03-06T00:00:00Z,2010,3,6,False,False,19423,316.0,174.0,123.0,104.0,106.0,172,426,673,1165.0,1152.0,1133.0,1131.0,1341,1236,1217,1162,1230,1124.0,1128,951,832.0,796.0,893.0,838.0
55432,2010-03-12T00:00:00Z,2010,3,5,False,False,18267,196.0,97.0,66.0,65.0,86.0,322,845,959,1090.0,965.0,1054.0,1025.0,1009,1001,1053,1079,1165,1263.0,1182,1134,858.0,591.0,664.0,498.0
55432,2010-03-15T00:00:00Z,2010,3,1,False,False,16881,115.0,68.0,32.0,54.0,75.0,302,760,1012,1010.0,947.0,931.0,868.0,903,905,888,1083,1190,1268.0,1018,1149,915.0,630.0,462.0,296.0
55432,2010-03-22T00:00:00Z,2010,3,1,False,False,15764,118.0,55.0,40.0,58.0,85.0,339,789,1034,950.0,961.0,910.0,876.0,858,866,919,939,1059,1111.0,1072,814,689.0,599.0,426.0,197.0
55432,2010-03-23T00:00:00Z,2010,3,2,False,False,16671,84.0,43.0,40.0,49.0,95.0,286,799,1040,1027.0,1009.0,891.0,881.0,914,939,976,1019,1051,1200.0,1179,938,816.0,629.0,521.0,245.0
55432,2010-03-27T00:00:00Z,2010,3,6,False,False,17782,340.0,220.0,160.0,108.0,89.0,193,446,758,995.0,990.0,1069.0,1086.0,1098,1174,1195,1101,1072,1148.0,1075,905,703.0,570.0,651.0,636.0
55432,2010-04-05T00:00:00Z,2010,4,1,True,True,13643,136.0,110.0,69.0,61.0,73.0,145,230,354,510.0,974.0,1021.0,889.0,1060,1104,1021,977,865,816.0,763,640,564.0,567.0,443.0,251.0
55432,2010-04-07T00:00:00Z,2010,4,3,False,True,15735,104.0,67.0,38.0,50.0,71.0,284,747,826,902.0,941.0,938.0,967.0,952,889,958,876,943,1109.0,1038,803,661.0,684.0,528.0,359.0
55432,2010-04-10T00:00:00Z,2010,4,6,False,True,18712,318.0,213.0,150.0,124.0,103.0,219,520,680,944.0,1093.0,1247.0,1216.0,1278,1217,1186,1179,1164,1309.0,1177,982,702.0,624.0,558.0,509.0
55432,2010-04-14T00:00:00Z,2010,4,3,False,True,16692,166.0,72.0,69.0,50.0,83.0,344,887,964,1002.0,1026.0,1019.0,924.0,1010,973,933,964,999,1098.0,1040,914,683.0,679.0,493.0,300.0
55432,2010-04-18T00:00:00Z,2010,4,7,False,True,14643,429.0,221.0,183.0,142.0,93.0,159,247,413,609.0,840.0,877.0,1135.0,1187,1163,1062,977,928,896.0,892,659,508.0,447.0,327.0,249.0
55432,2010-04-19T00:00:00Z,2010,4,1,False,False,15205,121.0,48.0,43.0,50.0,69.0,307,834,959,964.0,952.0,886.0,891.0,869,837,854,966,1045,1102.0,933,743,627.0,516.0,373.0,216.0
55432,2010-04-20T00:00:00Z,2010,4,2,False,False,16062,97.0,58.0,39.0,51.0,77.0,324,868,1008,1018.0,953.0,896.0,879.0,854,897,859,1029,1015,1150.0,1078,845,722.0,656.0,430.0,259.0
55432,2010-04-23T00:00:00Z,2010,4,5,False,False,17026,148.0,82.0,74.0,65.0,92.0,328,827,1017,1018.0,928.0,1030.0,997.0,1036,931,966,1119,1148,1016.0,969,869,720.0,598.0,574.0,474.0
55432,2010-04-27T00:00:00Z,2010,4,2,False,False,15681,86.0,51.0,41.0,34.0,62.0,332,817,1006,1013.0,959.0,847.0,884.0,852,898,929,973,1040,1094.0,1028,854,694.0,593.0,384.0,210.0
55432,2010-05-03T00:00:00Z,2010,5,1,False,False,15493,117.0,60.0,46.0,44.0,74.0,332,804,1014,1010.0,994.0,930.0,824.0,815,884,875,992,980,1166.0,974,751,609.0,630.0,383.0,185.0
55432,2010-05-05T00:00:00Z,2010,5,3,False,False,16492,120.0,57.0,57.0,48.0,89.0,333,922,995,1128.0,930.0,920.0,872.0,885,905,985,931,991,1170.0,986,854,763.0,660.0,607.0,284.0
55432,2010-05-07T00:00:00Z,2010,5,5,False,False,17102,161.0,83.0,67.0,69.0,75.0,354,812,1052,1043.0,978.0,970.0,927.0,989,981,1013,1025,1060,1016.0,940,909,739.0,656.0,656.0,527.0
55432,2010-06-24T00:00:00Z,2010,6,4,False,False,16579,142.0,76.0,71.0,68.0,90.0,274,797,1057,1057.0,909.0,907.0,902.0,959,985,922,979,1088,1080.0,1030,956,706.0,608.0,588.0,328.0
55432,2010-06-25T00:00:00Z,2010,6,5,False,False,16499,144.0,83.0,80.0,48.0,91.0,294,781,972,1064.0,925.0,903.0,938.0,1013,963,977,988,1000,1084.0,937,845,674.0,588.0,605.0,502.0
55432,2010-07-01T00:00:00Z,2010,7,4,False,False,16006,160.0,68.0,58.0,54.0,79.0,302,804,927,1009.0,911.0,905.0,907.0,882,847,966,926,982,1120.0,1097,869,716.0,621.0,477.0,319.0
55432,2010-07-04T00:00:00Z,2010,7,7,False,True,14168,305.0,197.0,233.0,104.0,94.0,117,222,392,496.0,749.0,831.0,1051.0,1185,1147,1083,1059,1001,912.0,823,608,555.0,467.0,344.0,193.0
55432,2010-07-05T00:00:00Z,2010,7,1,False,True,13801,102.0,46.0,46.0,62.0,56.0,298,774,852,922.0,847.0,876.0,803.0,829,817,834,828,836,1015.0,911,632,521.0,423.0,322.0,149.0
55432,2010-07-07T00:00:00Z,2010,7,3,False,True,15272,109.0,44.0,43.0,64.0,86.0,291,806,869,905.0,911.0,923.0,908.0,933,858,791,829,1009,1006.0,962,849,607.0,541.0,560.0,368.0
55432,2010-07-10T00:00:00Z,2010,7,6,False,True,15992,302.0,148.0,98.0,107.0,86.0,174,476,677,778.0,924.0,968.0,1080.0,1103,1111,1098,1025,979,956.0,889,851,556.0,536.0,556.0,514.0
55432,2010-07-13T00:00:00Z,2010,7,2,False,True,14627,92.0,42.0,44.0,46.0,78.0,294,782,832,902.0,832.0,874.0,905.0,873,918,791,841,924,1012.0,1013,724,592.0,555.0,416.0,245.0
55432,2010-07-14T00:00:00Z,2010,7,3,False,True,15529,100.0,63.0,39.0,46.0,67.0,289,782,856,928.0,959.0,904.0,933.0,937,909,872,943,974,1106.0,1000,793,648.0,609.0,510.0,262.0
55432,2010-07-16T00:00:00Z,2010,7,5,False,True,15959,132.0,75.0,53.0,54.0,71.0,295,842,856,974.0,903.0,929.0,946.0,903,886,966,957,1101,1025.0,928,818,629.0,566.0,578.0,472.0
55432,2010-07-19T00:00:00Z,2010,7,1,False,False,14326,97.0,41.0,45.0,52.0,66.0,274,819,921,969.0,841.0,866.0,875.0,780,832,789,913,893,1060.0,958,689,591.0,469.0,316.0,170.0
55432,2010-07-25T00:00:00Z,2010,7,7,False,False,14770,403.0,253.0,169.0,114.0,100.0,152,268,394,589.0,831.0,1004.0,1184.0,1201,1205,1087,967,970,868.0,845,583,479.0,448.0,412.0,244.0
55432,2010-07-26T00:00:00Z,2010,7,1,False,False,15939,114.0,48.0,39.0,44.0,71.0,298,714,999,1050.0,933.0,940.0,892.0,857,870,932,922,1022,1100.0,1093,1037,716.0,550.0,394.0,304.0
55432,2010-07-27T00:00:00Z,2010,7,2,False,False,16690,120.0,51.0,46.0,60.0,86.0,307,824,987,1051.0,1007.0,909.0,942.0,923,901,924,936,994,1111.0,1181,1073,850.0,592.0,516.0,299.0
55432,2010-07-28T00:00:00Z,2010,7,3,False,False,15961,119.0,56.0,50.0,52.0,69.0,314,779,942,991.0,963.0,914.0,954.0,900,845,913,900,1045,1151.0,1045,849,670.0,596.0,528.0,316.0
55432,2010-07-29T00:00:00Z,2010,7,4,False,False,17144,164.0,69.0,43.0,59.0,77.0,281,776,999,1044.0,975.0,972.0,908.0,916,910,914,922,1159,1149.0,1128,1106,945.0,667.0,523.0,438.0
55432,2010-08-03T00:00:00Z,2010,8,2,False,False,15582,130.0,56.0,42.0,51.0,75.0,265,712,979,903.0,965.0,923.0,888.0,845,862,931,949,1003,1152.0,1099,839,628.0,570.0,410.0,305.0
55432,2010-08-04T00:00:00Z,2010,8,3,False,False,16979,122.0,67.0,39.0,54.0,75.0,325,834,990,1055.0,1058.0,922.0,949.0,943,938,979,974,1073,1172.0,1131,878,833.0,753.0,490.0,325.0
55432,2010-08-06T00:00:00Z,2010,8,5,False,False,16694,148.0,66.0,51.0,74.0,93.0,297,804,979,1051.0,980.0,977.0,967.0,964,949,1043,996,1025,1093.0,973,778,662.0,622.0,601.0,501.0
55432,2010-08-14T00:00:00Z,2010,8,6,False,False,17345,346.0,197.0,148.0,112.0,108.0,144,443,705,979.0,1061.0,1130.0,1167.0,1163,1143,1127,1037,1018,984.0,897,903,738.0,616.0,624.0,555.0
55432,2010-08-27T00:00:00Z,2010,8,5,False,False,16510,171.0,76.0,67.0,65.0,68.0,291,768,1000,1055.0,755.0,1015.0,974.0,924,939,939,1049,1082,1084.0,932,787,717.0,600.0,648.0,504.0
55432,2010-08-29T00:00:00Z,2010,8,7,False,False,16132,391.0,235.0,192.0,139.0,103.0,127,241,525,644.0,922.0,1152.0,1211.0,1267,1239,1289,1030,917,849.0,1044,787,634.0,475.0,393.0,326.0
55432,2010-04-04T00:00:00Z,2010,4,7,True,True,11649,,,,,39.0,109,193,322,408.0,669.0,809.0,962.0,999,795,841,752,858,789.0,813,618,595.0,453.0,378.0,247.0
55432,2010-07-18T00:00:00Z,2010,7,7,False,True,14898,381.0,218.0,153.0,138.0,88.0,127,235,354,554.0,840.0,973.0,1112.0,1265,1158,1274,1052,942,862.0,891,652,577.0,489.0,344.0,219.0
55432,2010-08-02T00:00:00Z,2010,8,1,False,False,15427,99.0,44.0,35.0,48.0,67.0,283,775,989,1024.0,896.0,859.0,864.0,883,888,929,1015,1019,1056.0,1078,793,662.0,488.0,371.0,262.0
55432,2010-08-08T00:00:00Z,2010,8,7,False,False,15654,367.0,191.0,133.0,134.0,111.0,232,398,662,728.0,930.0,1032.0,1196.0,1172,1122,1081,947,808,609.0,1081,831,647.0,482.0,430.0,330.0
55432,2010-08-12T00:00:00Z,2010,8,4,False,False,16513,179.0,81.0,58.0,62.0,67.0,264,757,938,1077.0,969.0,914.0,907.0,920,945,895,940,1071,1130.0,1154,855,703.0,719.0,554.0,354.0
55432,2010-08-15T00:00:00Z,2010,8,7,False,False,14680,411.0,246.0,176.0,141.0,149.0,155,299,356,588.0,802.0,896.0,1067.0,1190,1068,1018,987,961,955.0,863,622,579.0,483.0,417.0,251.0
55432,2010-08-16T00:00:00Z,2010,8,1,False,False,15865,112.0,66.0,36.0,47.0,71.0,268,767,971,1030.0,885.0,927.0,860.0,858,803,870,994,1040,1208.0,1200,941,675.0,547.0,418.0,271.0
55432,2010-08-17T00:00:00Z,2010,8,2,False,False,16524,143.0,66.0,55.0,67.0,57.0,276,817,1004,1085.0,943.0,913.0,897.0,930,862,962,993,1054,1214.0,1080,959,757.0,675.0,471.0,244.0
55432,2010-08-19T00:00:00Z,2010,8,4,False,False,16731,150.0,80.0,57.0,70.0,64.0,277,717,982,1083.0,1066.0,912.0,924.0,908,950,928,969,1118,1102.0,1099,923,718.0,687.0,599.0,348.0
55432,2010-08-28T00:00:00Z,2010,8,6,False,False,16973,317.0,177.0,122.0,108.0,80.0,138,459,700,890.0,1044.0,1101.0,1102.0,1043,1126,1152,1028,1039,1013.0,1076,913,655.0,570.0,556.0,564.0
55432,2010-09-02T00:00:00Z,2010,9,4,False,False,16346,160.0,77.0,50.0,61.0,74.0,280,721,949,1046.0,992.0,943.0,879.0,917,878,996,980,1061,1092.0,915,989,768.0,670.0,524.0,324.0
55432,2010-09-05T00:00:00Z,2010,9,7,False,False,14203,399.0,244.0,165.0,135.0,131.0,158,243,306,576.0,769.0,826.0,950.0,1123,1035,936,930,933,851.0,941,734,609.0,588.0,400.0,221.0
55432,2010-09-10T00:00:00Z,2010,9,5,False,False,16732,183.0,85.0,51.0,60.0,71.0,280,768,906,959.0,943.0,904.0,948.0,946,899,920,1035,958,1134.0,1079,1018,728.0,620.0,676.0,561.0
55432,2010-09-11T00:00:00Z,2010,9,6,False,False,17404,376.0,189.0,167.0,130.0,102.0,188,429,720,986.0,1047.0,1072.0,1105.0,1123,1207,1096,1185,1126,929.0,1029,758,657.0,522.0,628.0,633.0
55432,2010-09-16T00:00:00Z,2010,9,4,False,False,16511,155.0,80.0,47.0,61.0,75.0,301,849,979,1025.0,946.0,877.0,903.0,930,906,855,956,1040,1127.0,1053,949,819.0,678.0,570.0,330.0
55432,2010-04-28T00:00:00Z,2010,4,3,False,False,16691,107.0,49.0,34.0,47.0,80.0,338,856,1011,1081.0,967.0,952.0,919.0,938,925,1023,998,1027,1129.0,1041,937,783.0,713.0,481.0,255.0
55432,2010-05-08T00:00:00Z,2010,5,6,False,False,17532,307.0,212.0,138.0,115.0,87.0,200,524,687,1007.0,1129.0,1143.0,1123.0,1156,1189,1096,1107,1020,969.0,1026,814,652.0,633.0,649.0,549.0
55432,2010-05-10T00:00:00Z,2010,5,1,False,False,15445,97.0,52.0,36.0,49.0,83.0,327,829,1014,974.0,975.0,785.0,874.0,835,865,907,977,1023,1208.0,1098,773,655.0,494.0,335.0,180.0
55432,2010-05-14T00:00:00Z,2010,5,5,False,False,17684,158.0,95.0,59.0,53.0,91.0,333,867,981,979.0,962.0,931.0,982.0,922,1069,973,1125,1187,1182.0,1195,1091,678.0,576.0,629.0,566.0
55432,2010-05-18T00:00:00Z,2010,5,2,False,False,15156,82.0,44.0,43.0,59.0,78.0,274,760,1010,978.0,929.0,902.0,878.0,816,915,882,941,927,1015.0,936,852,667.0,525.0,426.0,217.0
55432,2010-05-19T00:00:00Z,2010,5,3,False,False,16063,104.0,47.0,36.0,45.0,75.0,293,740,1021,985.0,861.0,908.0,944.0,976,854,970,970,1030,1138.0,1071,878,686.0,673.0,516.0,242.0
55432,2010-05-21T00:00:00Z,2010,5,5,False,False,16800,176.0,83.0,63.0,61.0,91.0,316,819,1038,1035.0,1070.0,965.0,955.0,921,941,971,987,1001,1037.0,964,896,744.0,594.0,584.0,488.0
55432,2010-05-27T00:00:00Z,2010,5,4,False,False,17207,169.0,67.0,61.0,58.0,97.0,300,824,1034,1074.0,1014.0,911.0,957.0,928,1024,1049,1057,1093,1182.0,1033,959,765.0,652.0,576.0,323.0
55432,2010-11-01T00:00:00Z,2010,11,1,False,False,15536,131.0,60.0,41.0,43.0,70.0,275,797,1003,994.0,992.0,953.0,887.0,861,913,878,960,1016,1158.0,1011,828,624.0,512.0,338.0,191.0
55432,2010-11-05T00:00:00Z,2010,11,5,False,False,18032,180.0,91.0,57.0,49.0,77.0,308,693,973,996.0,999.0,987.0,1079.0,1094,1119,1178,1098,1066,1155.0,1086,1028,946.0,574.0,676.0,523.0
55432,2010-11-10T00:00:00Z,2010,11,3,False,False,17539,194.0,83.0,41.0,60.0,86.0,301,847,1056,1073.0,965.0,1034.0,1011.0,999,949,939,990,986,1117.0,1252,977,814.0,730.0,689.0,346.0
55432,2010-11-15T00:00:00Z,2010,11,1,False,False,15055,128.0,64.0,44.0,63.0,58.0,325,811,973,1014.0,866.0,858.0,851.0,888,903,887,879,897,1085.0,957,743,596.0,527.0,425.0,213.0
55432,2010-11-16T00:00:00Z,2010,11,2,False,False,16672,134.0,75.0,58.0,46.0,70.0,278,834,994,999.0,947.0,893.0,913.0,974,979,862,961,958,1119.0,1151,967,837.0,686.0,584.0,353.0
55432,2010-11-17T00:00:00Z,2010,11,3,False,False,16774,162.0,92.0,56.0,66.0,74.0,314,831,927,1019.0,980.0,921.0,940.0,936,869,938,972,931,1186.0,1168,886,782.0,748.0,589.0,387.0
55432,2010-11-18T00:00:00Z,2010,11,4,False,False,18010,193.0,89.0,75.0,59.0,92.0,347,827,1050,974.0,996.0,1049.0,950.0,1033,940,1069,1049,1048,1208.0,1272,1096,849.0,709.0,603.0,433.0
55432,2010-11-24T00:00:00Z,2010,11,3,False,False,17434,132.0,62.0,53.0,55.0,79.0,326,887,1059,1016.0,914.0,989.0,973.0,973,998,944,1086,1036,1187.0,1222,996,757.0,744.0,595.0,351.0
55432,2010-11-26T00:00:00Z,2010,11,5,False,False,17885,245.0,128.0,66.0,59.0,102.0,338,865,1017,1054.0,971.0,1002.0,1087.0,1153,1018,1129,1002,933,1091.0,1038,964,758.0,656.0,615.0,594.0
55432,2010-11-28T00:00:00Z,2010,11,7,False,False,14845,511.0,305.0,192.0,160.0,110.0,164,239,385,603.0,807.0,920.0,1056.0,1037,1058,1002,987,988,922.0,857,677,626.0,520.0,476.0,243.0
55432,2010-12-05T00:00:00Z,2010,12,7,False,False,15249,472.0,270.0,186.0,166.0,125.0,152,260,385,667.0,797.0,901.0,991.0,1153,1195,1084,1019,942,942.0,890,711,649.0,576.0,452.0,264.0
55432,2010-12-06T00:00:00Z,2010,12,1,False,False,15706,183.0,70.0,49.0,54.0,98.0,315,794,981,971.0,933.0,886.0,946.0,950,836,907,913,933,1118.0,1129,787,617.0,514.0,484.0,238.0
55432,2010-10-03T00:00:00Z,2010,10,7,False,True,14403,464.0,258.0,,179.0,181.0,233,276,367,381.0,618.0,759.0,882.0,1001,1115,1014,1027,917,744.0,631,630,789.0,736.0,662.0,539.0
55432,2010-08-26T00:00:00Z,2010,8,4,False,False,16469,,,,44.0,68.0,283,795,977,1034.0,946.0,1016.0,952.0,880,914,1005,1024,1031,1140.0,1048,931,749.0,733.0,531.0,368.0
55432,2010-09-12T00:00:00Z,2010,9,7,False,False,14668,451.0,246.0,187.0,156.0,124.0,140,256,369,584.0,847.0,962.0,1168.0,1214,1191,1051,1047,926,874.0,787,661,566.0,532.0,329.0,
55432,2010-09-20T00:00:00Z,2010,9,1,False,False,15580,132.0,63.0,52.0,67.0,73.0,315,791,951,1053.0,983.0,950.0,854.0,919,803,909,875,967,1208.0,1041,790,597.0,589.0,375.0,223.0
55432,2010-10-06T00:00:00Z,2010,10,3,False,True,16534,122.0,57.0,47.0,48.0,71.0,252,815,919,905.0,969.0,1043.0,1013.0,924,999,937,927,1108,1271.0,982,887,728.0,648.0,545.0,317.0
55432,2010-10-10T00:00:00Z,2010,10,7,False,True,14954,414.0,273.0,181.0,138.0,109.0,148,248,342,539.0,815.0,894.0,1060.0,1177,1201,1090,1067,1030,908.0,817,650,641.0,554.0,420.0,238.0
55432,2010-10-13T00:00:00Z,2010,10,3,False,False,16671,129.0,70.0,55.0,51.0,74.0,311,818,1034,1105.0,1043.0,930.0,976.0,922,909,957,961,1072,1136.0,976,851,711.0,709.0,551.0,320.0
55432,2010-10-19T00:00:00Z,2010,10,2,False,False,16122,108.0,58.0,49.0,50.0,78.0,281,763,966,1021.0,940.0,899.0,954.0,919,872,910,946,1019,1181.0,1080,882,743.0,672.0,487.0,244.0
55432,2010-10-21T00:00:00Z,2010,10,4,False,False,17314,157.0,63.0,65.0,69.0,87.0,298,864,1030,957.0,997.0,936.0,991.0,1006,980,978,1040,1022,1186.0,1111,1027,795.0,690.0,598.0,367.0
55432,2010-10-28T00:00:00Z,2010,10,4,False,False,17243,179.0,88.0,66.0,60.0,72.0,288,787,1036,1041.0,908.0,932.0,961.0,977,921,947,1020,1098,1166.0,1204,1025,754.0,762.0,557.0,394.0
55432,2010-10-30T00:00:00Z,2010,10,6,False,False,18772,346.0,214.0,149.0,111.0,105.0,190,479,792,1147.0,1055.0,1233.0,1251.0,1343,1283,1186,1195,1174,1086.0,936,828,738.0,621.0,733.0,577.0
55432,2010-11-06T00:00:00Z,2010,11,6,False,False,17923,411.0,177.0,129.0,100.0,82.0,188,441,751,1032.0,949.0,1110.0,1134.0,1260,1087,1200,1038,1047,1099.0,1136,984,785.0,576.0,635.0,572.0
55432,2010-11-09T00:00:00Z,2010,11,2,False,False,16908,217.0,57.0,54.0,49.0,70.0,307,806,992,1069.0,931.0,909.0,931.0,893,905,845,1023,1024,1202.0,1119,1151,743.0,735.0,601.0,275.0
55432,2010-11-12T00:00:00Z,2010,11,5,False,False,18486,292.0,102.0,64.0,72.0,75.0,330,861,1017,989.0,1051.0,1199.0,1124.0,1123,1045,1028,1136,1080,1164.0,1061,969,819.0,693.0,678.0,514.0
55432,2010-11-21T00:00:00Z,2010,11,7,False,False,16297,463.0,262.0,150.0,142.0,108.0,158,264,425,645.0,1008.0,1064.0,1112.0,1265,1253,1225,1076,1018,1040.0,946,720,604.0,564.0,471.0,314.0
55432,2010-12-01T00:00:00Z,2010,12,3,False,False,16226,160.0,84.0,45.0,60.0,90.0,256,726,913,939.0,784.0,930.0,898.0,909,858,900,1047,961,1087.0,1271,938,709.0,756.0,580.0,325.0
55432,2010-12-02T00:00:00Z,2010,12,4,False,False,17149,181.0,101.0,66.0,70.0,89.0,285,801,997,1029.0,889.0,929.0,986.0,937,968,952,992,1042,1196.0,1100,947,787.0,749.0,596.0,460.0
55432,2010-12-03T00:00:00Z,2010,12,5,False,False,17498,227.0,116.0,70.0,69.0,90.0,315,805,1010,1002.0,933.0,982.0,991.0,1038,890,967,1066,1139,1176.0,1055,907,744.0,644.0,666.0,596.0
55432,2010-12-13T00:00:00Z,2010,12,1,False,False,15572,151.0,61.0,61.0,60.0,79.0,304,840,958,882.0,897.0,912.0,952.0,917,950,899,971,959,1148.0,892,746,631.0,492.0,431.0,379.0
55432,2010-12-17T00:00:00Z,2010,12,5,False,False,18418,266.0,125.0,77.0,74.0,101.0,307,833,864,999.0,910.0,976.0,1067.0,1107,1030,1025,1067,1221,1074.0,1197,1101,1033.0,648.0,704.0,612.0
55432,2010-12-18T00:00:00Z,2010,12,6,False,True,18741,470.0,277.0,153.0,137.0,125.0,199,518,688,889.0,926.0,1080.0,1246.0,1168,1262,1308,1213,1306,1241.0,844,1037,754.0,654.0,664.0,582.0
55432,2010-12-21T00:00:00Z,2010,12,2,False,True,15911,125.0,67.0,53.0,62.0,83.0,281,793,886,902.0,909.0,1012.0,918.0,994,986,934,933,924,1101.0,1016,815,668.0,571.0,538.0,340.0
55432,2010-08-30T00:00:00Z,2010,8,1,False,False,15092,161.0,56.0,49.0,50.0,62.0,280,763,975,985.0,939.0,888.0,879.0,818,850,878,956,937,1130.0,964,768,608.0,526.0,374.0,196.0
55432,2010-08-31T00:00:00Z,2010,8,2,False,False,16235,100.0,47.0,34.0,36.0,64.0,282,769,990,1090.0,966.0,923.0,945.0,921,859,885,949,1051,1209.0,1164,890,734.0,660.0,440.0,227.0
55432,2010-09-01T00:00:00Z,2010,9,3,False,False,16524,141.0,59.0,35.0,61.0,68.0,301,817,1022,1056.0,985.0,964.0,921.0,963,893,921,969,990,1180.0,1102,866,714.0,690.0,529.0,277.0
55432,2010-09-04T00:00:00Z,2010,9,6,False,False,16966,372.0,230.0,134.0,94.0,84.0,143,373,588,897.0,1049.0,1018.0,1140.0,1048,1150,1044,1056,1019,1064.0,1145,959,630.0,575.0,624.0,530.0
55432,2010-09-07T00:00:00Z,2010,9,2,False,False,15908,109.0,42.0,34.0,51.0,76.0,302,789,965,1003.0,915.0,851.0,897.0,829,899,969,989,1077,1125.0,1034,940,736.0,639.0,413.0,224.0
55432,2010-09-09T00:00:00Z,2010,9,4,False,False,15782,134.0,72.0,49.0,64.0,88.0,289,769,954,1026.0,869.0,933.0,860.0,866,873,891,911,984,1099.0,940,861,690.0,714.0,526.0,320.0
55432,2010-09-28T00:00:00Z,2010,9,2,False,True,16223,121.0,73.0,56.0,50.0,72.0,304,840,922,963.0,933.0,1032.0,973.0,1031,953,924,935,1007,1106.0,1048,893,641.0,610.0,467.0,269.0
55432,2010-10-02T00:00:00Z,2010,10,6,False,True,15926,323.0,188.0,121.0,100.0,95.0,183,429,610,814.0,943.0,1107.0,1154.0,1141,1149,956,903,881,863.0,800,750,640.0,516.0,636.0,624.0
55432,2010-10-04T00:00:00Z,2010,10,1,True,True,13490,374.0,216.0,154.0,132.0,165.0,240,325,312,386.0,547.0,665.0,808.0,1000,1046,984,1009,1148,827.0,786,624,602.0,531.0,391.0,218.0
55432,2010-10-07T00:00:00Z,2010,10,4,False,True,16686,155.0,87.0,55.0,56.0,74.0,253,746,955,987.0,946.0,955.0,974.0,956,982,920,928,1057,1149.0,1214,953,747.0,660.0,579.0,298.0
55432,2010-10-08T00:00:00Z,2010,10,5,False,True,17077,182.0,87.0,65.0,60.0,78.0,276,782,934,861.0,958.0,991.0,1010.0,994,975,982,984,1037,1128.0,1002,1046,829.0,647.0,630.0,539.0
55432,2010-10-09T00:00:00Z,2010,10,6,False,True,17629,312.0,194.0,144.0,91.0,83.0,182,470,688,865.0,904.0,1078.0,1084.0,1118,1137,1077,1050,1138,1183.0,1185,1059,859.0,587.0,558.0,583.0
55432,2010-10-12T00:00:00Z,2010,10,2,False,False,16192,113.0,55.0,39.0,43.0,51.0,295,805,993,1040.0,943.0,903.0,939.0,896,937,872,977,972,1137.0,1134,871,718.0,728.0,465.0,266.0
55432,2010-10-22T00:00:00Z,2010,10,5,False,False,17299,196.0,69.0,65.0,56.0,80.0,300,805,962,1052.0,960.0,984.0,989.0,1031,1036,1055,1033,1120,1090.0,1016,877,734.0,581.0,601.0,607.0
55432,2010-11-14T00:00:00Z,2010,11,7,False,False,17266,472.0,268.0,196.0,137.0,123.0,154,299,519,811.0,1079.0,1300.0,1357.0,1418,1356,1177,1080,1044,1025.0,999,717,672.0,586.0,477.0,
55432,2010-05-12T00:00:00Z,2010,5,3,False,False,16784,106.0,58.0,39.0,43.0,77.0,360,869,1100,995.0,952.0,968.0,945.0,977,929,938,1001,1121,1103.0,1102,888,745.0,695.0,454.0,319.0
55432,2010-05-17T00:00:00Z,2010,5,1,False,False,14969,93.0,59.0,39.0,49.0,79.0,335,819,1034,1020.0,876.0,847.0,829.0,885,861,848,945,956,1089.0,953,704,585.0,521.0,348.0,195.0
55432,2010-05-20T00:00:00Z,2010,5,4,False,False,16733,123.0,58.0,64.0,64.0,85.0,318,836,998,1019.0,971.0,888.0,897.0,947,946,949,993,1076,1076.0,1060,951,819.0,682.0,535.0,378.0
55432,2010-05-23T00:00:00Z,2010,5,7,False,False,13618,383.0,220.0,168.0,114.0,108.0,136,189,341,493.0,660.0,805.0,962.0,1018,1034,1027,949,1042,939.0,795,651,519.0,450.0,408.0,207.0
55432,2010-06-03T00:00:00Z,2010,6,4,False,False,16229,160.0,69.0,53.0,63.0,81.0,285,754,955,1016.0,946.0,905.0,893.0,950,962,970,961,1021,1075.0,1066,899,716.0,633.0,510.0,286.0
55432,2010-06-04T00:00:00Z,2010,6,5,False,False,16235,171.0,84.0,62.0,58.0,87.0,315,834,986,1040.0,952.0,918.0,979.0,935,855,912,992,997,1030.0,915,933,743.0,479.0,536.0,422.0
55432,2010-06-11T00:00:00Z,2010,6,5,False,False,16479,142.0,61.0,48.0,72.0,98.0,319,836,1036,1098.0,936.0,885.0,957.0,981,886,1004,1005,1152,1110.0,962,753,648.0,517.0,530.0,443.0
55432,2010-06-13T00:00:00Z,2010,6,7,False,False,13344,313.0,160.0,133.0,110.0,96.0,134,267,386,453.0,686.0,846.0,948.0,1076,1022,928,916,821,849.0,731,702,559.0,486.0,411.0,311.0
55432,2010-06-16T00:00:00Z,2010,6,3,False,False,15965,93.0,52.0,37.0,54.0,86.0,312,879,1097,1064.0,934.0,874.0,884.0,940,891,923,959,1034,1089.0,1028,791,640.0,558.0,477.0,269.0
55432,2010-06-21T00:00:00Z,2010,6,1,False,False,14638,98.0,55.0,61.0,43.0,74.0,285,770,1022,995.0,868.0,814.0,901.0,843,832,847,913,923,1069.0,914,673,570.0,464.0,371.0,233.0
55432,2010-10-18T00:00:00Z,2010,10,1,False,False,15796,,73.0,50.0,57.0,65.0,285,864,926,1028.0,1011.0,919.0,908.0,904,954,939,957,998,1218.0,984,770,641.0,601.0,450.0,194.0
55432,2010-08-11T00:00:00Z,2010,8,3,False,False,15714,114.0,61.0,42.0,44.0,73.0,330,862,1025,1058.0,962.0,924.0,897.0,960,902,953,888,811,,1154,1048,915.0,775.0,539.0,377.0
55432,2010-12-29T00:00:00Z,2010,12,3,False,True,13784,188.0,71.0,60.0,54.0,87.0,180,409,514,570.0,726.0,928.0,1109.0,1107,1042,952,833,782,793.0,736,687,570.0,525.0,497.0,364.0
55432,2010-02-10T00:00:00Z,2010,2,3,False,False,17463,138.0,66.0,43.0,56.0,107.0,351,810,1070,1081.0,967.0,1010.0,1071.0,980,1013,1013,1014,1073,1231.0,1168,928,702.0,667.0,559.0,345.0
55432,2010-02-11T00:00:00Z,2010,2,4,False,False,16601,149.0,74.0,54.0,46.0,88.0,306,785,1031,1107.0,971.0,931.0,887.0,1008,925,1041,1021,1042,1114.0,1159,1009,545.0,471.0,503.0,334.0
55432,2010-02-12T00:00:00Z,2010,2,5,False,False,17644,146.0,63.0,70.0,45.0,91.0,320,771,967,1049.0,935.0,941.0,961.0,1148,1207,1117,1083,1168,1152.0,1015,929,703.0,617.0,555.0,591.0
55432,2010-02-16T00:00:00Z,2010,2,2,False,False,15677,102.0,41.0,42.0,49.0,79.0,326,802,1039,1006.0,892.0,815.0,901.0,900,888,926,849,903,1093.0,1069,873,730.0,603.0,462.0,287.0
55432,2010-02-17T00:00:00Z,2010,2,3,False,False,16751,106.0,64.0,45.0,52.0,77.0,304,855,978,1017.0,952.0,1022.0,963.0,989,875,957,975,1001,1183.0,1104,952,756.0,662.0,522.0,340.0
55432,2010-02-18T00:00:00Z,2010,2,4,False,False,16591,147.0,84.0,55.0,51.0,87.0,307,828,963,1050.0,865.0,795.0,968.0,954,913,968,969,1091,1145.0,1165,945,672.0,640.0,511.0,418.0
55432,2010-02-20T00:00:00Z,2010,2,6,False,False,17784,333.0,182.0,122.0,100.0,102.0,171,431,724,1125.0,1169.0,1098.0,1223.0,1216,1185,1199,1089,1009,998.0,953,868,721.0,605.0,583.0,578.0
55432,2010-02-27T00:00:00Z,2010,2,6,False,False,18748,352.0,214.0,118.0,116.0,88.0,188,502,783,1093.0,1079.0,1116.0,1146.0,1196,1230,1069,1081,1020,1115.0,1121,861,813.0,734.0,848.0,865.0
55432,2010-03-04T00:00:00Z,2010,3,4,False,False,17332,182.0,89.0,64.0,59.0,97.0,304,812,935,1086.0,1051.0,962.0,877.0,956,994,1052,990,1047,1220.0,1121,992,774.0,725.0,543.0,400.0
55432,2010-03-07T00:00:00Z,2010,3,7,False,False,17165,607.0,246.0,194.0,220.0,250.0,406,516,558,715.0,939.0,1026.0,1078.0,1171,1198,1135,1138,1228,966.0,875,763,720.0,562.0,398.0,256.0
55432,2010-03-08T00:00:00Z,2010,3,1,False,False,15953,119.0,69.0,34.0,49.0,82.0,385,789,975,1029.0,987.0,962.0,840.0,917,871,910,1032,1028,1124.0,1118,743,679.0,584.0,404.0,223.0
55432,2010-03-13T00:00:00Z,2010,3,6,False,False,18541,347.0,216.0,135.0,133.0,91.0,191,493,795,1087.0,1132.0,1199.0,1227.0,1186,1198,1138,1026,1105,1180.0,1167,981,745.0,644.0,588.0,537.0
55432,2010-03-25T00:00:00Z,2010,3,4,False,False,17058,118.0,82.0,55.0,59.0,80.0,318,814,1009,1090.0,980.0,941.0,909.0,1004,934,960,973,1036,1193.0,1056,993,776.0,758.0,559.0,361.0
55432,2010-04-08T00:00:00Z,2010,4,4,False,True,16618,155.0,90.0,45.0,51.0,77.0,302,820,909,1001.0,1050.0,1037.0,973.0,1060,951,930,914,979,1096.0,1096,851,759.0,643.0,518.0,311.0
55432,2010-04-13T00:00:00Z,2010,4,2,False,True,16597,111.0,63.0,69.0,44.0,88.0,317,864,923,964.0,960.0,1062.0,1044.0,961,998,907,907,1015,1164.0,1086,903,687.0,617.0,523.0,320.0
55432,2010-04-16T00:00:00Z,2010,4,5,False,True,17224,222.0,116.0,64.0,64.0,87.0,303,827,922,971.0,958.0,951.0,964.0,927,1008,1006,979,1070,1187.0,1186,1050,726.0,566.0,608.0,462.0
55432,2010-04-17T00:00:00Z,2010,4,6,False,True,17493,409.0,230.0,123.0,112.0,97.0,197,511,705,918.0,983.0,1142.0,1177.0,1195,1266,1069,1038,1045,1008.0,1036,892,685.0,537.0,554.0,564.0
55432,2010-04-22T00:00:00Z,2010,4,4,False,False,16968,168.0,95.0,51.0,66.0,89.0,326,876,1105,1073.0,974.0,982.0,905.0,958,926,957,1014,1032,1132.0,1045,964,760.0,710.0,477.0,283.0
55432,2010-04-25T00:00:00Z,2010,4,7,True,False,14095,435.0,324.0,197.0,162.0,122.0,163,228,337,400.0,589.0,687.0,897.0,1340,1335,1008,1034,801,800.0,760,668,563.0,488.0,422.0,335.0
55432,2010-12-08T00:00:00Z,2010,12,3,False,False,17007,191.0,90.0,58.0,50.0,90.0,313,881,987,1068.0,974.0,958.0,976.0,915,961,888,979,1017,1041.0,1059,909,754.0,717.0,679.0,452.0
55432,2010-12-12T00:00:00Z,2010,12,7,False,False,17392,488.0,259.0,190.0,160.0,113.0,153,260,480,716.0,1058.0,1158.0,1369.0,1360,1095,1292,1213,1269,1004.0,871,761,659.0,629.0,521.0,314.0
55432,2010-12-19T00:00:00Z,2010,12,7,False,True,15378,482.0,269.0,175.0,140.0,111.0,164,211,332,518.0,789.0,890.0,1025.0,1137,1087,1105,1106,1115,858.0,716,635,731.0,615.0,692.0,475.0
55432,2010-12-23T00:00:00Z,2010,12,4,False,True,15816,241.0,125.0,81.0,65.0,94.0,272,694,789,793.0,859.0,898.0,997.0,1018,995,977,929,978,1060.0,971,804,638.0,595.0,540.0,403.0
55432,2010-12-31T00:00:00Z,2010,12,5,False,True,13575,238.0,121.0,75.0,66.0,86.0,168,390,500,591.0,773.0,929.0,1002.0,938,1002,940,802,735,715.0,742,685,645.0,544.0,508.0,380.0
55432,2010-06-06T00:00:00Z,2010,6,7,False,False,14316,430.0,228.0,184.0,128.0,97.0,159,218,327,538.0,927.0,1064.0,1251.0,957,1173,1060,935,799,908.0,778,600,601.0,431.0,329.0,194.0
55432,2010-06-07T00:00:00Z,2010,6,1,False,False,14969,74.0,50.0,37.0,59.0,69.0,319,794,1026,1045.0,858.0,850.0,812.0,867,887,859,988,994,1178.0,912,702,556.0,532.0,335.0,166.0
55432,2010-06-12T00:00:00Z,2010,6,6,False,False,16288,265.0,159.0,143.0,100.0,85.0,190,475,613,836.0,968.0,1046.0,1013.0,1125,1118,1100,1092,1032,910.0,948,798,647.0,590.0,570.0,465.0
55432,2010-06-15T00:00:00Z,2010,6,2,False,False,15429,80.0,46.0,39.0,47.0,83.0,286,787,1024,1128.0,907.0,878.0,844.0,857,908,926,845,1112,1090.0,988,792,651.0,536.0,366.0,209.0
55432,2010-06-26T00:00:00Z,2010,6,6,False,False,16554,305.0,191.0,172.0,115.0,93.0,163,422,652,793.0,954.0,981.0,1019.0,1060,1111,1047,1006,1042,1000.0,1072,837,673.0,599.0,678.0,569.0
55432,2010-06-27T00:00:00Z,2010,6,7,False,False,14471,379.0,233.0,177.0,111.0,95.0,135,235,356,545.0,827.0,969.0,1037.0,1152,1175,1067,1033,926,978.0,849,589,504.0,505.0,362.0,232.0
55432,2010-07-02T00:00:00Z,2010,7,5,False,False,15788,158.0,69.0,55.0,58.0,75.0,287,784,922,998.0,909.0,908.0,950.0,900,879,885,939,918,1083.0,949,875,658.0,519.0,576.0,434.0
55432,2010-07-06T00:00:00Z,2010,7,2,False,True,14619,69.0,36.0,28.0,34.0,75.0,262,728,864,949.0,843.0,845.0,929.0,867,826,881,850,909,1055.0,980,756,633.0,546.0,436.0,218.0
55432,2010-07-08T00:00:00Z,2010,7,4,False,True,15160,141.0,80.0,56.0,50.0,76.0,272,763,949,907.0,907.0,831.0,916.0,875,850,797,858,952,1059.0,1041,793,617.0,588.0,520.0,262.0
55432,2010-07-09T00:00:00Z,2010,7,5,False,True,16126,150.0,75.0,62.0,46.0,78.0,243,765,780,898.0,909.0,925.0,913.0,959,849,909,920,1125,1148.0,1171,910,652.0,607.0,572.0,460.0
55432,2010-07-15T00:00:00Z,2010,7,4,False,True,15762,117.0,56.0,50.0,54.0,80.0,282,841,869,953.0,898.0,910.0,881.0,958,903,874,878,957,1128.0,1011,893,682.0,652.0,516.0,319.0
55432,2010-07-17T00:00:00Z,2010,7,6,False,True,16766,307.0,166.0,102.0,104.0,83.0,170,496,702,787.0,993.0,991.0,987.0,1139,1138,1123,1105,1032,1086.0,1069,802,659.0,604.0,579.0,542.0
55432,2010-01-03T00:00:00Z,2010,1,7,False,True,13804,269.0,147.0,114.0,111.0,101.0,204,338,517,645.0,1001.0,943.0,857.0,952,906,869,881,898,876.0,747,700,559.0,485.0,394.0,290.0
55432,2010-01-04T00:00:00Z,2010,1,1,False,True,13858,144.0,64.0,55.0,62.0,103.0,275,625,789,860.0,973.0,952.0,853.0,827,857,785,863,895,1016.0,833,601,453.0,434.0,334.0,205.0
55432,2010-01-13T00:00:00Z,2010,1,3,False,True,15634,146.0,69.0,63.0,56.0,72.0,278,733,866,915.0,953.0,999.0,935.0,975,909,932,901,988,1025.0,954,771,688.0,583.0,472.0,351.0
55432,2010-01-16T00:00:00Z,2010,1,6,False,True,16600,353.0,196.0,150.0,110.0,72.0,167,415,633,835.0,929.0,1044.0,1077.0,1142,1135,1120,1067,947,992.0,1046,831,710.0,541.0,515.0,573.0
55432,2010-01-26T00:00:00Z,2010,1,2,True,True,15160,202.0,150.0,100.0,84.0,92.0,151,300,395,542.0,806.0,980.0,1241.0,1340,1067,934,939,828,843.0,894,893,708.0,651.0,639.0,381.0
55432,2010-01-29T00:00:00Z,2010,1,5,False,False,17507,137.0,64.0,53.0,55.0,86.0,285,803,984,1029.0,936.0,1009.0,962.0,927,944,992,993,1008,1132.0,1047,988,916.0,892.0,753.0,512.0
55432,2010-01-30T00:00:00Z,2010,1,6,False,False,18221,290.0,205.0,178.0,252.0,128.0,168,433,685,1047.0,1027.0,1048.0,1135.0,1302,1170,1130,1075,1053,1026.0,999,953,833.0,741.0,790.0,553.0
55432,2010-02-07T00:00:00Z,2010,2,7,False,False,14940,451.0,224.0,164.0,121.0,100.0,112,216,302,465.0,686.0,846.0,954.0,1108,1033,1012,1008,1054,1055.0,1154,908,638.0,512.0,482.0,335.0
55432,2010-02-06T00:00:00Z,2010,2,6,False,False,16476,329.0,179.0,130.0,99.0,98.0,162,374,630,947.0,970.0,967.0,1026.0,1097,1072,1103,1049,1075,1043.0,921,872,707.0,533.0,532.0,561.0
55432,2010-02-14T00:00:00Z,2010,2,7,False,False,15209,380.0,235.0,159.0,124.0,106.0,139,208,384,560.0,761.0,872.0,1076.0,1180,1096,1085,1086,1026,1134.0,904,736,723.0,552.0,445.0,238.0
55432,2010-02-15T00:00:00Z,2010,2,1,False,False,15470,162.0,52.0,52.0,42.0,74.0,278,659,919,997.0,910.0,880.0,816.0,894,928,1006,1033,1002,1181.0,1089,813,586.0,467.0,398.0,232.0
55432,2010-02-21T00:00:00Z,2010,2,7,False,False,17045,547.0,268.0,165.0,122.0,110.0,148,263,482,667.0,928.0,1006.0,1120.0,1187,1290,1171,1150,1148,1174.0,962,888,763.0,575.0,517.0,394.0
55432,2010-02-22T00:00:00Z,2010,2,1,False,False,17208,242.0,93.0,55.0,48.0,85.0,295,743,978,1026.0,960.0,999.0,960.0,943,910,1029,977,990,1247.0,1224,1216,828.0,569.0,387.0,404.0
55432,2010-02-28T00:00:00Z,2010,2,7,False,False,16031,822.0,637.0,218.0,172.0,178.0,182,304,405,664.0,883.0,945.0,1080.0,1105,1005,1088,1064,931,937.0,939,647,613.0,575.0,409.0,228.0
55432,2010-03-05T00:00:00Z,2010,3,5,False,False,17033,190.0,102.0,63.0,65.0,100.0,312,807,1040,1065.0,962.0,931.0,993.0,896,896,1011,1023,998,1091.0,1108,900,822.0,647.0,558.0,453.0
55432,2010-03-10T00:00:00Z,2010,3,3,False,False,16985,113.0,59.0,49.0,61.0,73.0,342,766,1064,1030.0,977.0,1045.0,944.0,883,895,943,968,1043,1125.0,1251,977,814.0,760.0,506.0,297.0
55432,2010-03-11T00:00:00Z,2010,3,4,False,False,17257,132.0,74.0,42.0,65.0,75.0,300,770,1053,1089.0,947.0,938.0,894.0,978,951,996,1022,1115,1253.0,1176,1005,801.0,707.0,569.0,305.0
55432,2010-03-14T00:00:00Z,2010,3,7,False,False,16891,376.0,372.0,163.0,146.0,110.0,151,240,424,613.0,918.0,1048.0,1194.0,1233,1202,1097,1076,1030,1112.0,1122,989,970.0,567.0,422.0,316.0
55432,2010-09-26T00:00:00Z,2010,9,7,False,True,16203,413.0,244.0,181.0,145.0,102.0,159,270,385,577.0,944.0,1038.0,1256.0,1307,1391,1254,1133,1033,1056.0,871,688,608.0,512.0,417.0,219.0
55432,2010-09-27T00:00:00Z,2010,9,1,False,True,15502,113.0,54.0,46.0,46.0,69.0,326,823,903,916.0,966.0,978.0,1046.0,1033,938,947,874,962,1088.0,962,737,574.0,501.0,381.0,219.0
55432,2010-10-05T00:00:00Z,2010,10,2,False,True,15373,118.0,57.0,39.0,45.0,60.0,242,695,812,883.0,928.0,915.0,921.0,871,912,905,905,992,1120.0,1059,873,706.0,598.0,481.0,236.0
55432,2010-10-11T00:00:00Z,2010,10,1,False,False,15360,140.0,60.0,43.0,57.0,59.0,285,773,960,1019.0,891.0,891.0,825.0,836,868,854,1003,963,1215.0,1086,771,643.0,541.0,376.0,201.0
55432,2010-10-14T00:00:00Z,2010,10,4,False,False,17659,153.0,70.0,58.0,54.0,86.0,287,812,999,1024.0,982.0,948.0,1081.0,1020,987,1005,1036,1059,1208.0,1208,996,801.0,730.0,587.0,468.0
55432,2010-10-17T00:00:00Z,2010,10,7,False,False,16077,449.0,238.0,190.0,113.0,96.0,143,213,403,607.0,801.0,1038.0,1222.0,1070,1205,1221,1241,1157,1040.0,902,754,694.0,607.0,450.0,223.0
55432,2010-10-20T00:00:00Z,2010,10,3,False,False,16704,136.0,69.0,37.0,48.0,80.0,304,838,945,1118.0,1052.0,903.0,990.0,933,937,907,944,1024,1153.0,1021,914,684.0,715.0,617.0,335.0
55432,2010-10-23T00:00:00Z,2010,10,6,False,False,17644,413.0,213.0,173.0,120.0,93.0,192,493,789,930.0,998.0,1175.0,1271.0,1252,1325,1070,972,957,907.0,895,839,691.0,571.0,663.0,642.0
55432,2010-01-31T00:00:00Z,2010,1,7,False,False,15250,387.0,252.0,220.0,207.0,129.0,125,270,419,626.0,910.0,974.0,1074.0,1201,1100,1098,1015,1026,943.0,865,703,557.0,489.0,417.0,243.0
55432,2010-02-04T00:00:00Z,2010,2,4,False,False,16867,130.0,66.0,61.0,53.0,66.0,273,765,1016,1045.0,902.0,896.0,994.0,960,886,1020,1015,1038,1135.0,1312,700,845.0,663.0,629.0,397.0
55432,2010-10-25T00:00:00Z,2010,10,1,False,False,15639,117.0,52.0,51.0,63.0,66.0,295,764,961,979.0,946.0,958.0,914.0,870,851,932,943,987,1210.0,1050,760,696.0,556.0,400.0,218.0
55432,2010-10-26T00:00:00Z,2010,10,2,False,False,17071,108.0,57.0,36.0,55.0,65.0,331,831,1028,1052.0,986.0,1017.0,990.0,1012,1044,938,1011,1011,1197.0,1169,977,717.0,659.0,478.0,302.0
55432,2010-10-27T00:00:00Z,2010,10,3,False,False,16779,119.0,75.0,39.0,51.0,68.0,328,848,1001,1021.0,1023.0,955.0,918.0,954,930,919,951,1037,1169.0,1097,918,747.0,663.0,576.0,372.0
55432,2010-10-29T00:00:00Z,2010,10,5,False,False,17116,190.0,84.0,56.0,47.0,76.0,338,861,1016,1006.0,969.0,952.0,1031.0,948,952,987,971,1037,1122.0,1055,902,711.0,637.0,601.0,567.0
55432,2010-10-31T00:00:00Z,2010,10,7,False,False,15371,451.0,296.0,206.0,180.0,141.0,150,221,359,607.0,824.0,897.0,1048.0,1150,1112,1126,1083,1074,1005.0,845,679,648.0,596.0,416.0,257.0
55432,2010-06-18T00:00:00Z,2010,6,5,False,False,17021,138.0,98.0,60.0,69.0,92.0,316,824,1050,1062.0,1019.0,1069.0,1002.0,1047,1008,969,1002,975,1102.0,984,858,669.0,584.0,564.0,460.0
55432,2010-06-19T00:00:00Z,2010,6,6,False,False,17500,269.0,178.0,121.0,84.0,79.0,176,509,803,1038.0,1197.0,1151.0,1215.0,1142,1143,1142,1137,1091,992.0,940,776,633.0,472.0,643.0,569.0
55432,2010-06-22T00:00:00Z,2010,6,2,False,False,15412,100.0,55.0,56.0,59.0,83.0,308,824,992,1054.0,899.0,790.0,895.0,907,869,935,968,924,1063.0,947,786,695.0,586.0,400.0,217.0
55432,2010-06-29T00:00:00Z,2010,6,2,False,False,15643,91.0,59.0,54.0,61.0,81.0,304,802,973,1024.0,893.0,901.0,917.0,919,904,893,963,953,1195.0,1044,787,620.0,551.0,423.0,231.0
55432,2010-07-03T00:00:00Z,2010,7,6,False,True,16321,303.0,165.0,179.0,128.0,96.0,187,442,664,872.0,890.0,994.0,981.0,1075,1116,1093,1040,1077,998.0,889,849,660.0,529.0,543.0,551.0
55432,2010-07-21T00:00:00Z,2010,7,3,False,False,15771,106.0,52.0,43.0,52.0,77.0,330,810,990,1076.0,919.0,916.0,874.0,875,863,926,877,1041,1124.0,1031,811,644.0,595.0,471.0,268.0
55432,2010-07-24T00:00:00Z,2010,7,6,False,False,17670,334.0,171.0,111.0,101.0,97.0,170,502,763,981.0,1059.0,1111.0,1094.0,1107,1191,1119,1032,1103,1075.0,1044,1059,765.0,525.0,601.0,555.0
55432,2010-07-30T00:00:00Z,2010,7,5,False,False,17025,177.0,78.0,45.0,69.0,78.0,289,817,959,998.0,894.0,945.0,979.0,988,999,971,1043,1021,1140.0,1077,1002,748.0,597.0,638.0,473.0
55432,2010-08-05T00:00:00Z,2010,8,4,False,False,16699,149.0,56.0,35.0,60.0,90.0,312,794,1058,1065.0,856.0,941.0,914.0,945,894,960,1068,1131,1127.0,1142,832,732.0,664.0,548.0,326.0
55432,2010-08-07T00:00:00Z,2010,8,6,False,False,17862,313.0,171.0,131.0,105.0,98.0,184,528,848,1046.0,1241.0,1187.0,1202.0,1116,1143,1242,1042,958,765.0,1118,998,636.0,594.0,637.0,559.0
55432,2010-08-09T00:00:00Z,2010,8,1,False,False,15174,121.0,54.0,44.0,50.0,71.0,310,792,944,1090.0,935.0,889.0,903.0,842,877,901,939,1003,1151.0,930,701,606.0,511.0,340.0,170.0
55432,2010-08-10T00:00:00Z,2010,8,2,False,False,15123,101.0,53.0,40.0,41.0,81.0,264,810,928,1002.0,837.0,774.0,938.0,911,864,871,924,1008,1026.0,1008,743,686.0,567.0,404.0,242.0
55432,2010-08-13T00:00:00Z,2010,8,5,False,False,16738,163.0,93.0,64.0,75.0,71.0,260,779,1005,1058.0,975.0,938.0,907.0,989,958,971,1113,1016,996.0,1033,907,670.0,606.0,601.0,490.0
55432,2010-09-03T00:00:00Z,2010,9,5,False,False,16727,168.0,79.0,61.0,50.0,74.0,253,804,991,956.0,942.0,917.0,913.0,928,985,1005,977,947,1066.0,949,1096,906.0,560.0,591.0,509.0
55432,2010-09-19T00:00:00Z,2010,9,7,False,False,12433,465.0,239.0,162.0,168.0,213.0,353,460,40,31.0,28.0,20.0,872.0,1076,1074,1005,972,967,955.0,896,654,578.0,523.0,395.0,287.0
55432,2010-09-21T00:00:00Z,2010,9,2,False,False,16615,102.0,56.0,43.0,41.0,74.0,306,788,1001,1061.0,950.0,976.0,971.0,940,990,979,1038,1025,1178.0,1069,903,672.0,670.0,491.0,291.0
55432,2010-09-22T00:00:00Z,2010,9,3,False,False,16998,130.0,56.0,62.0,47.0,65.0,294,871,996,1041.0,1044.0,988.0,1026.0,980,917,961,1060,1015,1113.0,1028,994,771.0,659.0,553.0,327.0
55432,2010-09-25T00:00:00Z,2010,9,6,False,True,17234,347.0,172.0,150.0,120.0,87.0,192,567,713,987.0,1080.0,1135.0,1212.0,1278,1227,1177,957,944,896.0,817,748,643.0,504.0,687.0,594.0
55432,2010-01-02T00:00:00Z,2010,1,6,False,True,13462,197.0,117.0,66.0,76.0,60.0,135,261,384,532.0,698.0,846.0,976.0,1090,911,886,918,910,864.0,800,758,665.0,508.0,465.0,339.0
55432,2010-01-05T00:00:00Z,2010,1,2,False,True,16348,114.0,71.0,50.0,67.0,104.0,288,658,827,958.0,1140.0,1143.0,1163.0,1208,1108,1017,965,986,1022.0,922,759,591.0,485.0,407.0,295.0
55432,2010-01-06T00:00:00Z,2010,1,3,False,True,15584,124.0,75.0,50.0,45.0,86.0,265,677,860,933.0,1024.0,1046.0,1011.0,1029,1106,945,840,905,918.0,946,774,567.0,576.0,460.0,322.0
55432,2010-01-08T00:00:00Z,2010,1,5,False,True,15826,196.0,81.0,56.0,51.0,84.0,214,599,682,838.0,815.0,932.0,946.0,1009,890,968,894,987,1034.0,1032,972,914.0,632.0,509.0,491.0
55432,2010-01-14T00:00:00Z,2010,1,4,False,True,15454,172.0,83.0,50.0,59.0,79.0,237,691,817,818.0,925.0,868.0,930.0,880,878,883,869,1001,1125.0,1100,890,678.0,579.0,501.0,341.0
55432,2010-01-21T00:00:00Z,2010,1,4,False,True,17462,195.0,84.0,51.0,51.0,98.0,300,821,851,945.0,1046.0,929.0,1029.0,983,999,962,950,1084,1209.0,1268,1102,819.0,630.0,650.0,406.0
55432,2010-01-22T00:00:00Z,2010,1,5,False,True,17331,210.0,101.0,54.0,53.0,83.0,292,751,926,931.0,1031.0,1058.0,1085.0,1104,1059,1040,958,1012,1117.0,1038,888,730.0,624.0,617.0,569.0
55432,2010-01-24T00:00:00Z,2010,1,7,False,True,14405,468.0,235.0,131.0,106.0,90.0,121,228,302,472.0,730.0,924.0,1133.0,1122,928,992,1103,921,873.0,832,636,611.0,648.0,516.0,283.0
55432,2010-01-25T00:00:00Z,2010,1,1,False,True,15609,147.0,68.0,58.0,46.0,76.0,242,625,782,869.0,901.0,931.0,956.0,969,979,984,926,995,1091.0,1016,781,714.0,613.0,453.0,387.0
55432,2010-11-02T00:00:00Z,2010,11,2,False,False,15777,106.0,51.0,39.0,48.0,67.0,264,689,994,1043.0,1035.0,988.0,1089.0,1054,935,857,803,986,1066.0,978,762,636.0,628.0,421.0,238.0
55432,2010-11-07T00:00:00Z,2010,11,7,False,False,16784,467.0,252.0,200.0,146.0,109.0,155,262,413,677.0,867.0,1156.0,1268.0,1326,1286,1184,1301,1277,1009.0,860,703,660.0,559.0,410.0,237.0
55432,2010-11-13T00:00:00Z,2010,11,6,False,False,19315,365.0,190.0,131.0,127.0,92.0,206,547,904,1157.0,1329.0,1326.0,1262.0,1315,1419,1349,1142,1093,951.0,925,876,712.0,658.0,661.0,578.0
55432,2010-11-19T00:00:00Z,2010,11,5,False,False,16980,228.0,133.0,56.0,62.0,91.0,296,814,971,1021.0,941.0,952.0,934.0,935,996,992,996,1010,1126.0,1074,874,739.0,632.0,587.0,520.0
55432,2010-11-22T00:00:00Z,2010,11,1,False,False,15899,128.0,58.0,41.0,47.0,64.0,321,806,931,1023.0,871.0,859.0,901.0,886,899,929,955,991,1221.0,1069,760,720.0,705.0,458.0,256.0
55432,2010-11-27T00:00:00Z,2010,11,6,False,False,18211,418.0,206.0,137.0,116.0,91.0,209,572,805,1086.0,1092.0,1119.0,1274.0,1358,1274,1175,1063,997,945.0,896,780,715.0,598.0,644.0,641.0
55432,2010-12-04T00:00:00Z,2010,12,6,False,False,17627,393.0,231.0,146.0,115.0,117.0,187,439,737,1000.0,954.0,993.0,1089.0,1082,1163,1044,1085,1088,1035.0,1067,946,859.0,634.0,664.0,559.0
55432,2010-12-07T00:00:00Z,2010,12,2,False,False,16318,140.0,63.0,33.0,60.0,93.0,282,819,987,1039.0,859.0,919.0,928.0,985,928,925,932,1010,1164.0,1019,921,656.0,643.0,561.0,352.0
55432,2010-12-09T00:00:00Z,2010,12,4,False,False,17211,236.0,109.0,60.0,57.0,117.0,292,835,996,900.0,930.0,927.0,1070.0,911,923,1024,1003,1016,1111.0,1094,985,785.0,717.0,619.0,494.0
55432,2010-12-11T00:00:00Z,2010,12,6,False,False,18841,444.0,250.0,181.0,144.0,130.0,210,540,810,1024.0,1153.0,1257.0,1241.0,1169,1303,1236,1149,988,1012.0,931,931,824.0,635.0,665.0,614.0
55432,2010-12-15T00:00:00Z,2010,12,3,False,False,17602,552.0,113.0,61.0,61.0,104.0,319,889,972,1053.0,1013.0,1012.0,969.0,1018,1097,940,980,929,1139.0,1067,884,651.0,691.0,677.0,411.0
55432,2010-12-16T00:00:00Z,2010,12,4,False,False,17323,234.0,115.0,80.0,65.0,104.0,314,849,928,987.0,893.0,934.0,993.0,981,988,898,1032,1077,1276.0,1205,925,675.0,653.0,650.0,467.0
55432,2010-12-20T00:00:00Z,2010,12,1,False,True,15357,60.0,87.0,44.0,51.0,77.0,288,806,821,910.0,887.0,971.0,927.0,941,870,912,962,1008,1134.0,1035,742,589.0,512.0,438.0,285.0
55432,2010-03-16T00:00:00Z,2010,3,2,False,False,16981,132.0,63.0,52.0,43.0,75.0,297,803,1018,1020.0,1003.0,934.0,887.0,917,943,908,969,1063,1203.0,1175,1090,926.0,648.0,491.0,321.0
55432,2010-03-21T00:00:00Z,2010,3,7,False,False,15620,396.0,247.0,162.0,132.0,86.0,127,249,404,602.0,904.0,1023.0,1159.0,1324,1379,1339,939,903,904.0,878,708,596.0,483.0,437.0,239.0
55432,2010-03-26T00:00:00Z,2010,3,5,False,False,17866,167.0,78.0,46.0,70.0,99.0,298,848,997,1090.0,891.0,993.0,972.0,1073,1018,1035,1022,1156,1250.0,1189,1095,718.0,597.0,617.0,547.0
55432,2010-04-12T00:00:00Z,2010,4,1,False,True,15884,109.0,57.0,34.0,55.0,74.0,333,766,935,967.0,995.0,1054.0,970.0,971,920,941,944,1037,1156.0,988,791,620.0,550.0,393.0,224.0
55432,2010-04-21T00:00:00Z,2010,4,3,False,False,16658,101.0,62.0,41.0,45.0,82.0,319,879,1023,1002.0,1005.0,905.0,977.0,932,951,967,961,1036,1120.0,1023,945,714.0,673.0,539.0,356.0
55432,2010-05-02T00:00:00Z,2010,5,7,False,False,15079,444.0,229.0,159.0,125.0,95.0,143,264,423,601.0,851.0,945.0,1097.0,1237,1228,1100,1014,955,932.0,890,610,622.0,515.0,379.0,221.0
55432,2010-05-09T00:00:00Z,2010,5,7,False,False,15074,433.0,244.0,139.0,106.0,84.0,155,260,415,589.0,880.0,1092.0,1178.0,1209,1143,997,921,990,969.0,944,674,557.0,529.0,363.0,203.0
55432,2010-05-22T00:00:00Z,2010,5,6,False,False,16395,333.0,190.0,123.0,79.0,80.0,176,456,645,893.0,950.0,995.0,1116.0,1091,1155,1102,1044,877,912.0,972,867,657.0,589.0,555.0,538.0
55432,2010-05-26T00:00:00Z,2010,5,3,False,False,15464,104.0,53.0,38.0,50.0,83.0,323,783,966,955.0,914.0,858.0,898.0,917,843,865,914,968,1060.0,960,767,586.0,536.0,615.0,408.0
55432,2010-05-28T00:00:00Z,2010,5,5,False,False,17067,172.0,84.0,48.0,57.0,90.0,307,821,1057,1100.0,991.0,965.0,984.0,1048,940,1035,1018,1005,1037.0,994,884,704.0,633.0,588.0,505.0
55432,2010-05-30T00:00:00Z,2010,5,7,False,False,14141,385.0,241.0,172.0,147.0,167.0,172,201,328,567.0,860.0,872.0,1071.0,1099,1026,981,915,1000,936.0,846,601,552.0,433.0,367.0,202.0
55432,2010-05-31T00:00:00Z,2010,5,1,False,False,14595,102.0,46.0,37.0,47.0,65.0,267,748,1024,976.0,851.0,856.0,820.0,817,852,891,923,967,1031.0,974,681,620.0,499.0,310.0,191.0
55432,2010-06-01T00:00:00Z,2010,6,2,False,False,15691,101.0,44.0,39.0,50.0,72.0,288,807,1075,1005.0,941.0,887.0,823.0,858,833,858,1034,964,1160.0,1047,876,693.0,579.0,400.0,257.0
55432,2010-06-02T00:00:00Z,2010,6,3,False,False,16538,134.0,52.0,57.0,49.0,94.0,336,890,1067,1020.0,979.0,922.0,958.0,925,904,888,966,1015,1133.0,1078,930,750.0,656.0,464.0,271.0
55432,2010-06-05T00:00:00Z,2010,6,6,False,False,16802,293.0,181.0,102.0,100.0,88.0,166,369,638,840.0,955.0,992.0,1132.0,1153,1219,1092,1128,1115,1107.0,1058,840,655.0,526.0,469.0,584.0
55432,2010-06-14T00:00:00Z,2010,6,1,True,False,12802,206.0,163.0,94.0,136.0,127.0,136,347,352,434.0,682.0,814.0,992.0,1058,1018,974,923,814,815.0,713,614,535.0,412.0,311.0,132.0
55432,2010-06-17T00:00:00Z,2010,6,4,False,False,16326,123.0,54.0,65.0,59.0,77.0,273,858,1029,1020.0,966.0,940.0,889.0,851,958,920,980,1053,1121.0,1036,922,716.0,621.0,502.0,293.0
55432,2010-01-09T00:00:00Z,2010,1,6,False,True,16717,312.0,190.0,133.0,88.0,107.0,200,398,572,874.0,1025.0,1062.0,1225.0,1287,1158,1140,1077,1007,921.0,922,734,683.0,575.0,529.0,498.0
55432,2010-01-10T00:00:00Z,2010,1,7,False,True,16435,359.0,194.0,124.0,120.0,79.0,147,281,400,661.0,922.0,1141.0,1125.0,1322,1362,1250,1194,1080,1009.0,902,727,602.0,631.0,521.0,282.0
55432,2010-01-12T00:00:00Z,2010,1,2,False,True,16059,128.0,60.0,51.0,47.0,64.0,263,745,781,896.0,904.0,982.0,1023.0,1116,1047,932,907,995,1220.0,1164,778,637.0,582.0,420.0,317.0
55432,2010-01-18T00:00:00Z,2010,1,1,False,True,14649,128.0,72.0,42.0,50.0,62.0,290,749,764,928.0,960.0,870.0,863.0,840,866,865,870,899,1158.0,1013,726,564.0,483.0,363.0,224.0
55432,2010-01-19T00:00:00Z,2010,1,2,False,True,15898,109.0,49.0,40.0,39.0,77.0,288,779,901,915.0,956.0,928.0,966.0,943,919,911,832,998,1164.0,1210,810,685.0,622.0,498.0,259.0
55432,2010-01-20T00:00:00Z,2010,1,3,False,True,17221,127.0,62.0,47.0,51.0,78.0,317,822,922,896.0,1065.0,987.0,1010.0,969,1011,955,899,1058,1157.0,1180,1093,773.0,679.0,639.0,424.0
55432,2010-02-02T00:00:00Z,2010,2,2,False,False,16021,117.0,44.0,44.0,48.0,71.0,305,777,1004,991.0,887.0,877.0,899.0,927,881,905,993,1005,1228.0,1271,879,652.0,541.0,438.0,237.0
55432,2010-02-03T00:00:00Z,2010,2,3,False,False,16412,136.0,63.0,32.0,54.0,74.0,275,730,982,948.0,930.0,960.0,974.0,922,927,995,969,1039,1216.0,1168,862,719.0,659.0,496.0,282.0
55432,2010-02-05T00:00:00Z,2010,2,5,False,False,17072,183.0,93.0,57.0,47.0,98.0,274,737,927,1106.0,985.0,958.0,906.0,915,977,960,1034,1081,1177.0,1193,961,705.0,626.0,561.0,511.0
55432,2010-02-08T00:00:00Z,2010,2,1,False,False,15228,121.0,60.0,40.0,58.0,85.0,312,755,958,962.0,948.0,846.0,841.0,860,821,898,994,963,1133.0,1070,816,613.0,539.0,319.0,216.0
55432,2010-02-09T00:00:00Z,2010,2,2,False,False,16413,128.0,71.0,38.0,43.0,76.0,313,828,1013,1088.0,985.0,877.0,843.0,880,878,956,962,1078,1223.0,1146,975,726.0,574.0,428.0,284.0
55432,2010-09-30T00:00:00Z,2010,9,4,False,True,17166,153.0,89.0,47.0,48.0,91.0,314,821,890,920.0,935.0,1061.0,1003.0,950,977,965,942,966,1153.0,1170,1181,843.0,671.0,569.0,407.0
55432,2010-01-11T00:00:00Z,2010,1,1,False,True,14059,154.0,72.0,37.0,41.0,74.0,255,680,743,957.0,890.0,830.0,824.0,788,809,803,870,916,1135.0,972,659,533.0,454.0,357.0,206.0
55432,2010-01-15T00:00:00Z,2010,1,5,False,True,15864,167.0,91.0,59.0,64.0,80.0,237,744,788,891.0,918.0,913.0,962.0,914,913,929,978,959,1099.0,1013,900,665.0,543.0,559.0,478.0
55432,2010-01-17T00:00:00Z,2010,1,7,False,True,16143,362.0,226.0,148.0,116.0,89.0,126,249,382,635.0,875.0,1026.0,1197.0,1221,1233,1149,1256,1283,1041.0,894,726,624.0,547.0,455.0,283.0
55432,2010-01-23T00:00:00Z,2010,1,6,False,True,16274,442.0,165.0,106.0,110.0,63.0,194,445,725,977.0,1070.0,1132.0,1079.0,1126,1120,1051,966,882,834.0,871,638,608.0,568.0,527.0,575.0
55432,2010-01-27T00:00:00Z,2010,1,3,False,False,16192,162.0,80.0,46.0,58.0,81.0,282,804,942,938.0,931.0,882.0,981.0,866,940,816,952,1001,1185.0,1165,917,783.0,538.0,549.0,293.0
55432,2010-01-28T00:00:00Z,2010,1,4,False,False,15963,117.0,58.0,52.0,54.0,88.0,296,773,918,1003.0,995.0,879.0,915.0,882,894,938,973,1014,1122.0,1153,755,654.0,596.0,547.0,287.0
55432,2010-02-01T00:00:00Z,2010,2,1,False,False,15287,134.0,62.0,40.0,53.0,80.0,292,801,1000,1012.0,916.0,920.0,880.0,835,812,934,928,940,1097.0,1100,745,581.0,527.0,398.0,200.0
55432,2010-02-13T00:00:00Z,2010,2,6,False,False,16988,316.0,144.0,114.0,86.0,116.0,193,440,674,943.0,1045.0,1075.0,1106.0,1241,1229,1143,1104,1020,934.0,887,788,722.0,587.0,572.0,509.0
55432,2010-02-23T00:00:00Z,2010,2,2,False,False,17152,247.0,70.0,38.0,54.0,81.0,314,794,989,1027.0,922.0,911.0,951.0,971,963,981,1049,1134,1012.0,1067,1173,823.0,697.0,529.0,355.0
55432,2010-02-24T00:00:00Z,2010,2,3,False,False,17103,206.0,66.0,44.0,52.0,91.0,346,814,1029,1042.0,925.0,1013.0,968.0,992,916,923,1068,1042,1106.0,1109,929,768.0,721.0,542.0,391.0
55432,2010-02-26T00:00:00Z,2010,2,5,False,False,17697,173.0,81.0,58.0,52.0,86.0,295,763,1020,1081.0,1033.0,1018.0,1043.0,1047,1043,1022,1167,1203,1064.0,883,736,994.0,604.0,657.0,574.0
55432,2010-03-01T00:00:00Z,2010,3,1,False,False,15258,114.0,70.0,36.0,48.0,91.0,333,734,972,1055.0,929.0,886.0,876.0,841,875,984,880,897,1096.0,1007,772,677.0,546.0,346.0,193.0
55432,2010-03-03T00:00:00Z,2010,3,3,False,False,17520,149.0,80.0,46.0,51.0,78.0,332,798,991,1055.0,1037.0,920.0,889.0,924,924,969,1040,1055,1244.0,1135,1220,913.0,727.0,572.0,371.0
55432,2010-03-09T00:00:00Z,2010,3,2,False,False,17016,93.0,60.0,45.0,46.0,81.0,327,772,1031,1106.0,1016.0,996.0,938.0,896,1013,1019,1022,1013,1270.0,1185,874,763.0,660.0,509.0,281.0
55432,2010-03-17T00:00:00Z,2010,3,3,False,False,16801,142.0,65.0,38.0,70.0,72.0,324,840,984,1113.0,997.0,954.0,985.0,930,901,971,953,1028,1175.0,1009,903,725.0,724.0,550.0,348.0
55432,2010-03-18T00:00:00Z,2010,3,4,False,False,17404,166.0,108.0,73.0,64.0,86.0,305,848,1021,1008.0,1024.0,955.0,941.0,948,1018,956,1019,1119,1146.0,1169,1024,778.0,710.0,571.0,347.0
55432,2010-03-19T00:00:00Z,2010,3,5,False,False,16857,177.0,70.0,59.0,46.0,76.0,286,800,1037,1103.0,987.0,932.0,928.0,951,1077,1007,1028,969,1142.0,947,857,689.0,616.0,547.0,526.0
55432,2010-03-20T00:00:00Z,2010,3,6,False,False,17990,346.0,189.0,135.0,110.0,104.0,200,453,743,1069.0,1120.0,1084.0,1170.0,1162,1219,1183,1191,1046,1061.0,963,840,759.0,630.0,639.0,574.0
55432,2010-03-24T00:00:00Z,2010,3,3,False,False,16926,153.0,59.0,35.0,50.0,64.0,306,809,1013,1036.0,1025.0,951.0,931.0,973,915,954,1028,1097,1184.0,1094,902,778.0,776.0,523.0,270.0
55432,2010-04-06T00:00:00Z,2010,4,2,False,True,15303,110.0,43.0,36.0,52.0,75.0,325,803,840,1001.0,926.0,948.0,1012.0,897,913,813,864,887,1127.0,980,761,662.0,569.0,415.0,244.0
55432,2010-04-09T00:00:00Z,2010,4,5,False,True,17194,164.0,75.0,61.0,52.0,101.0,325,849,917,907.0,980.0,1142.0,1055.0,1099,1029,991,1013,1045,1096.0,929,887,746.0,678.0,586.0,467.0
55432,2010-04-11T00:00:00Z,2010,4,7,False,True,15849,400.0,250.0,172.0,140.0,103.0,145,257,380,604.0,897.0,1217.0,1253.0,1293,1314,1088,1107,1007,929.0,909,704,603.0,472.0,400.0,205.0
55432,2010-04-15T00:00:00Z,2010,4,4,False,True,16578,145.0,64.0,45.0,47.0,82.0,336,829,936,985.0,987.0,933.0,1039.0,930,949,988,913,1001,1140.0,1091,930,783.0,650.0,470.0,305.0
55432,2010-04-24T00:00:00Z,2010,4,6,False,False,17010,343.0,204.0,138.0,104.0,85.0,206,489,714,930.0,1029.0,1172.0,1225.0,1336,1345,1181,972,822,760.0,890,757,616.0,550.0,624.0,518.0
55432,2010-04-26T00:00:00Z,2010,4,1,True,False,13854,244.0,127.0,96.0,85.0,76.0,130,277,358,476.0,782.0,988.0,1099.0,1161,1219,1038,977,907,876.0,758,623,555.0,489.0,353.0,160.0
55432,2010-04-29T00:00:00Z,2010,4,4,False,False,16613,142.0,56.0,52.0,51.0,84.0,334,815,1007,996.0,968.0,946.0,919.0,950,854,963,1014,987,1035.0,1040,947,848.0,748.0,551.0,306.0
55432,2010-04-30T00:00:00Z,2010,4,5,False,False,16718,143.0,75.0,56.0,53.0,93.0,314,885,969,1024.0,927.0,867.0,897.0,971,929,979,1071,1048,1075.0,1004,929,750.0,593.0,544.0,522.0
55432,2010-05-01T00:00:00Z,2010,5,6,False,False,18402,294.0,190.0,125.0,97.0,95.0,190,474,717,930.0,1142.0,1141.0,1222.0,1117,1276,1260,1151,1174,1172.0,1138,934,729.0,647.0,569.0,618.0
55432,2010-05-04T00:00:00Z,2010,5,2,False,False,16648,89.0,51.0,38.0,43.0,90.0,320,870,1000,1022.0,969.0,913.0,921.0,952,937,971,996,1091,1170.0,1106,914,783.0,611.0,515.0,276.0
55432,2010-05-06T00:00:00Z,2010,5,4,False,False,16704,141.0,83.0,52.0,52.0,88.0,334,874,1040,1034.0,954.0,900.0,900.0,908,951,1002,970,1043,1093.0,1146,920,743.0,598.0,555.0,323.0
55432,2010-05-11T00:00:00Z,2010,5,2,False,False,16010,97.0,51.0,36.0,41.0,95.0,326,866,1025,1066.0,950.0,883.0,883.0,896,911,886,983,981,1174.0,1047,858,765.0,591.0,392.0,207.0
55432,2010-05-13T00:00:00Z,2010,5,4,False,False,17759,111.0,77.0,63.0,58.0,81.0,349,827,1078,977.0,943.0,900.0,923.0,977,958,961,1086,1102,1174.0,1208,1181,981.0,797.0,603.0,344.0
55432,2010-05-15T00:00:00Z,2010,5,6,False,False,18212,377.0,211.0,124.0,110.0,80.0,201,509,800,1102.0,1155.0,1252.0,1258.0,1248,1160,1149,1129,1062,1059.0,964,855,639.0,545.0,606.0,617.0
55432,2010-05-16T00:00:00Z,2010,5,7,False,False,14315,388.0,234.0,188.0,118.0,111.0,123,258,412,669.0,975.0,1178.0,680.0,963,1094,1156,897,767,959.0,919,604,568.0,476.0,327.0,251.0
55432,2010-05-24T00:00:00Z,2010,5,1,False,False,14958,101.0,48.0,37.0,41.0,75.0,297,796,1040,1027.0,850.0,890.0,848.0,830,883,905,915,972,1115.0,959,716,544.0,550.0,336.0,183.0
55432,2010-05-25T00:00:00Z,2010,5,2,False,False,15783,78.0,43.0,41.0,41.0,71.0,286,819,976,1047.0,981.0,914.0,885.0,833,881,933,989,1008,1107.0,1072,841,682.0,603.0,425.0,227.0
55432,2010-05-29T00:00:00Z,2010,5,6,False,False,16444,344.0,216.0,118.0,112.0,84.0,196,416,595,847.0,1036.0,963.0,1104.0,1096,1116,1050,1034,1031,961.0,941,826,647.0,566.0,584.0,561.0
55432,2010-06-08T00:00:00Z,2010,6,2,False,False,15666,77.0,38.0,35.0,52.0,87.0,323,850,962,1053.0,897.0,892.0,867.0,810,913,872,987,976,1139.0,1061,813,679.0,576.0,459.0,248.0
55432,2010-06-09T00:00:00Z,2010,6,3,False,False,16184,108.0,55.0,30.0,45.0,81.0,348,821,983,1027.0,975.0,941.0,871.0,896,887,903,940,998,1130.0,1091,897,731.0,673.0,498.0,255.0
55432,2010-06-10T00:00:00Z,2010,6,4,False,False,16522,138.0,75.0,43.0,64.0,78.0,312,858,950,1090.0,949.0,925.0,876.0,873,860,944,989,1042,1108.0,1167,898,726.0,666.0,570.0,321.0
55432,2010-06-20T00:00:00Z,2010,6,7,False,False,15251,296.0,252.0,345.0,138.0,112.0,104,229,355,588.0,974.0,1060.0,1184.0,1321,1168,1158,1045,1030,1013.0,760,648,488.0,438.0,345.0,200.0
55432,2010-06-23T00:00:00Z,2010,6,3,False,False,15822,116.0,53.0,42.0,54.0,88.0,315,797,1055,1031.0,944.0,888.0,964.0,866,944,906,921,943,1013.0,996,767,649.0,623.0,488.0,359.0
55432,2010-06-28T00:00:00Z,2010,6,1,False,False,14609,101.0,85.0,68.0,56.0,67.0,294,763,935,996.0,874.0,850.0,829.0,847,861,792,891,928,1116.0,922,746,556.0,456.0,381.0,195.0
55432,2010-06-30T00:00:00Z,2010,6,3,False,False,16077,99.0,52.0,45.0,64.0,74.0,313,830,969,1049.0,922.0,918.0,917.0,949,855,893,966,996,1140.0,1027,846,684.0,628.0,529.0,312.0
55432,2010-07-11T00:00:00Z,2010,7,7,False,True,14173,380.0,228.0,159.0,104.0,87.0,133,274,311,573.0,835.0,968.0,1223.0,1101,1105,952,937,772,920.0,866,643,565.0,482.0,364.0,191.0
55432,2010-07-12T00:00:00Z,2010,7,1,False,True,13920,118.0,54.0,45.0,84.0,95.0,259,748,900,925.0,907.0,798.0,828.0,792,788,786,857,917,1020.0,869,636,497.0,468.0,379.0,150.0
55432,2010-07-20T00:00:00Z,2010,7,2,False,False,15439,98.0,59.0,43.0,44.0,80.0,318,812,1006,1112.0,904.0,900.0,892.0,884,852,927,913,1000,1090.0,1005,744,618.0,521.0,426.0,191.0
55432,2010-07-22T00:00:00Z,2010,7,4,False,False,16520,104.0,56.0,40.0,50.0,85.0,324,850,982,1082.0,1004.0,917.0,901.0,863,921,923,990,1054,1137.0,1074,951,732.0,616.0,532.0,332.0
55432,2010-07-23T00:00:00Z,2010,7,5,False,False,16199,176.0,84.0,52.0,54.0,81.0,292,844,999,1153.0,901.0,871.0,906.0,902,931,952,971,984,1007.0,961,822,663.0,569.0,557.0,467.0
55432,2010-07-31T00:00:00Z,2010,7,6,False,False,16810,287.0,177.0,110.0,116.0,96.0,178,402,602,858.0,963.0,954.0,1001.0,1093,1191,1077,1210,1206,1031.0,940,841,636.0,579.0,689.0,573.0
55432,2010-08-01T00:00:00Z,2010,8,7,False,False,14829,363.0,225.0,173.0,142.0,98.0,158,269,406,582.0,864.0,971.0,1074.0,1190,1142,1122,1063,954,970.0,828,628,552.0,472.0,366.0,217.0
55432,2010-08-18T00:00:00Z,2010,8,3,False,False,16357,102.0,56.0,51.0,50.0,71.0,297,749,1011,1121.0,1029.0,916.0,1022.0,926,980,927,951,1004,1045.0,1007,839,692.0,656.0,542.0,313.0
55432,2010-09-06T00:00:00Z,2010,9,1,False,False,15066,98.0,46.0,42.0,58.0,69.0,283,729,980,969.0,890.0,813.0,866.0,850,847,911,905,1034,1135.0,1035,837,574.0,537.0,381.0,177.0
55432,2010-09-08T00:00:00Z,2010,9,3,False,False,16407,116.0,74.0,34.0,39.0,79.0,286,783,924,1059.0,966.0,917.0,893.0,878,921,924,975,1088,1169.0,1140,968,715.0,649.0,522.0,288.0
55432,2010-09-13T00:00:00Z,2010,9,1,False,False,15186,119.0,57.0,40.0,43.0,60.0,291,793,932,1003.0,939.0,916.0,850.0,889,884,903,955,949,1127.0,959,761,612.0,522.0,385.0,197.0
55432,2010-09-14T00:00:00Z,2010,9,2,False,False,15794,88.0,49.0,40.0,48.0,77.0,290,832,998,995.0,966.0,955.0,862.0,812,898,946,936,961,1167.0,1064,819,683.0,616.0,438.0,254.0
55432,2010-09-15T00:00:00Z,2010,9,3,False,False,16437,111.0,53.0,29.0,40.0,72.0,299,810,996,1006.0,938.0,953.0,881.0,855,921,946,992,1016,1089.0,1166,915,736.0,748.0,538.0,327.0
55432,2010-09-17T00:00:00Z,2010,9,5,False,False,16633,158.0,79.0,58.0,68.0,72.0,279,830,951,1008.0,902.0,1006.0,973.0,987,937,966,1054,1087,1089.0,896,823,711.0,600.0,630.0,469.0
55432,2010-09-18T00:00:00Z,2010,9,6,False,False,17366,336.0,174.0,123.0,123.0,83.0,179,442,694,946.0,947.0,988.0,1159.0,1152,1258,1175,1117,1126,1056.0,1100,857,619.0,555.0,600.0,557.0
55432,2010-09-23T00:00:00Z,2010,9,4,False,False,17175,163.0,70.0,59.0,72.0,78.0,274,849,998,990.0,1034.0,991.0,953.0,957,908,981,945,1029,1164.0,1142,979,794.0,737.0,620.0,388.0
55432,2010-09-24T00:00:00Z,2010,9,5,False,False,17754,193.0,92.0,67.0,74.0,79.0,298,844,920,967.0,1015.0,1051.0,992.0,1061,970,1032,1018,1098,1127.0,1077,1054,824.0,626.0,681.0,594.0
55432,2010-09-29T00:00:00Z,2010,9,3,False,True,16682,120.0,67.0,43.0,40.0,76.0,295,857,951,922.0,933.0,1027.0,1034.0,1019,1004,887,895,952,1128.0,1146,1030,726.0,664.0,546.0,320.0
55432,2010-10-01T00:00:00Z,2010,10,5,False,True,16395,160.0,100.0,54.0,50.0,85.0,309,847,935,956.0,939.0,935.0,993.0,1017,982,998,937,871,1062.0,927,869,734.0,591.0,584.0,460.0
55432,2010-10-15T00:00:00Z,2010,10,5,False,False,17783,214.0,103.0,71.0,60.0,79.0,306,791,973,1070.0,1030.0,1061.0,964.0,1032,931,1035,971,1067,1104.0,1087,1066,885.0,720.0,622.0,541.0
55432,2010-10-16T00:00:00Z,2010,10,6,False,False,18484,390.0,203.0,117.0,112.0,98.0,171,543,751,914.0,999.0,1131.0,1236.0,1239,1221,1226,1147,1117,1141.0,1125,1032,658.0,648.0,695.0,570.0
55432,2010-10-24T00:00:00Z,2010,10,7,False,False,13549,406.0,216.0,168.0,132.0,117.0,129,209,338,486.0,669.0,826.0,900.0,924,1015,944,999,963,886.0,770,636,636.0,556.0,396.0,228.0
55432,2010-11-03T00:00:00Z,2010,11,3,False,False,16961,119.0,70.0,53.0,58.0,89.0,311,872,1008,1115.0,961.0,942.0,991.0,1057,936,934,986,994,1185.0,1181,869,736.0,684.0,519.0,291.0
55432,2010-11-04T00:00:00Z,2010,11,4,False,False,17076,124.0,75.0,52.0,59.0,66.0,319,780,987,1007.0,920.0,917.0,958.0,973,1027,948,1023,1065,1297.0,1178,961,800.0,612.0,580.0,348.0
55432,2010-11-08T00:00:00Z,2010,11,1,False,False,15787,131.0,74.0,40.0,52.0,80.0,341,839,994,1007.0,954.0,958.0,1045.0,916,962,881,988,953,1213.0,827,768,617.0,544.0,369.0,234.0
55432,2010-11-11T00:00:00Z,2010,11,4,False,False,17919,236.0,80.0,55.0,57.0,72.0,313,867,995,1032.0,885.0,1026.0,996.0,1019,968,979,1042,1138,1245.0,1156,1185,819.0,739.0,630.0,385.0
55432,2010-11-20T00:00:00Z,2010,11,6,False,False,18585,391.0,208.0,132.0,120.0,103.0,199,548,778,1083.0,1195.0,1195.0,1269.0,1251,1238,1123,1007,1044,1128.0,1073,932,778.0,588.0,626.0,576.0
55432,2010-11-23T00:00:00Z,2010,11,2,False,False,16635,137.0,67.0,56.0,35.0,89.0,306,868,1019,1013.0,958.0,950.0,971.0,922,940,994,973,964,1109.0,1126,928,801.0,634.0,495.0,280.0
55432,2010-11-25T00:00:00Z,2010,11,4,False,False,17491,172.0,78.0,63.0,50.0,88.0,326,869,1005,1070.0,891.0,966.0,927.0,1040,980,949,973,1128,1253.0,1183,969,724.0,716.0,660.0,411.0
55432,2010-11-29T00:00:00Z,2010,11,1,False,False,15317,154.0,54.0,40.0,41.0,71.0,286,787,940,939.0,805.0,877.0,877.0,877,818,869,906,1009,1176.0,1083,813,654.0,548.0,423.0,270.0
55432,2010-11-30T00:00:00Z,2010,11,2,False,False,16116,119.0,57.0,46.0,59.0,75.0,274,772,963,986.0,895.0,839.0,907.0,872,836,958,1105,1020,1126.0,1129,922,715.0,623.0,527.0,291.0
55432,2010-12-10T00:00:00Z,2010,12,5,False,False,17868,288.0,119.0,79.0,62.0,92.0,316,808,977,1024.0,963.0,1079.0,1100.0,1088,1070,1050,1068,1075,1105.0,1026,874,768.0,631.0,667.0,539.0
55432,2010-12-14T00:00:00Z,2010,12,2,False,False,16971,472.0,126.0,64.0,48.0,92.0,310,842,1025,1001.0,977.0,1004.0,964.0,988,922,874,931,987,1138.0,1101,927,646.0,595.0,488.0,449.0
55432,2010-12-22T00:00:00Z,2010,12,3,False,True,15893,186.0,81.0,58.0,48.0,72.0,278,766,887,894.0,900.0,944.0,1040.0,1029,924,848,883,904,1036.0,925,848,659.0,651.0,631.0,401.0
55432,2010-12-30T00:00:00Z,2010,12,4,False,True,14756,188.0,101.0,76.0,81.0,67.0,167,444,616,640.0,813.0,1028.0,1103.0,1149,1078,1046,926,857,870.0,738,771,615.0,542.0,503.0,337.0
55432,2011-01-02T00:00:00Z,2011,1,7,False,True,13589,188.0,136.0,75.0,58.0,73.0,112,220,346,523.0,769.0,887.0,1046.0,1119,1135,1067,992,850,853.0,725,696,578.0,475.0,397.0,269.0
55432,2011-05-05T00:00:00Z,2011,5,4,False,False,17147,154.0,98.0,52.0,81.0,88.0,329,849,1053,1058.0,987.0,920.0,899.0,931,967,920,1033,1062,1072.0,1094,982,795.0,717.0,654.0,352.0
55432,2011-05-24T00:00:00Z,2011,5,2,False,False,15646,88.0,49.0,37.0,51.0,77.0,334,797,990,1045.0,998.0,883.0,869.0,858,832,875,912,1001,1093.0,1051,848,698.0,579.0,473.0,208.0
55432,2011-05-27T00:00:00Z,2011,5,5,False,False,17041,34.0,104.0,137.0,111.0,72.0,325,770,976,1077.0,982.0,911.0,937.0,949,957,987,969,939,1116.0,1031,1037,828.0,647.0,637.0,508.0
55432,2011-05-28T00:00:00Z,2011,5,6,False,False,17416,340.0,171.0,130.0,99.0,99.0,166,467,761,913.0,1049.0,1063.0,1150.0,1145,1113,1059,1050,1000,1047.0,1017,956,742.0,572.0,643.0,664.0
55432,2011-05-31T00:00:00Z,2011,5,2,False,False,15122,86.0,51.0,35.0,41.0,65.0,276,716,979,968.0,874.0,824.0,838.0,839,814,853,995,969,1050.0,1011,825,720.0,645.0,430.0,218.0
55432,2011-06-01T00:00:00Z,2011,6,3,False,False,16115,144.0,62.0,41.0,47.0,62.0,306,808,1045,991.0,946.0,846.0,877.0,872,899,909,964,1035,1148.0,1064,811,719.0,667.0,528.0,324.0
55432,2011-06-04T00:00:00Z,2011,6,6,False,False,17301,329.0,206.0,125.0,112.0,71.0,182,466,720,948.0,1069.0,1053.0,1086.0,1195,1127,1132,1054,1120,1035.0,1055,842,680.0,547.0,603.0,544.0
55432,2011-06-09T00:00:00Z,2011,6,4,False,False,15974,129.0,57.0,49.0,59.0,73.0,263,781,945,1078.0,923.0,955.0,841.0,868,863,873,951,1116,1062.0,1033,841,722.0,642.0,522.0,328.0
55432,2011-06-14T00:00:00Z,2011,6,2,False,False,14737,99.0,52.0,39.0,42.0,69.0,267,686,902,994.0,869.0,899.0,836.0,823,861,855,916,922,1079.0,984,769,601.0,573.0,408.0,192.0
55432,2011-06-15T00:00:00Z,2011,6,3,False,False,15528,93.0,58.0,41.0,43.0,75.0,290,695,1000,994.0,954.0,859.0,915.0,877,890,855,893,923,1163.0,1013,801,513.0,515.0,585.0,483.0
55432,2011-06-27T00:00:00Z,2011,6,1,False,False,14800,104.0,47.0,41.0,42.0,69.0,284,778,955,959.0,839.0,867.0,824.0,830,832,824,946,1024,1061.0,1075,732,584.0,481.0,368.0,234.0
55432,2011-06-29T00:00:00Z,2011,6,3,False,False,15714,111.0,51.0,42.0,52.0,71.0,285,776,990,1006.0,936.0,865.0,858.0,828,862,857,850,934,1110.0,1134,815,741.0,719.0,518.0,303.0
55432,2011-07-01T00:00:00Z,2011,7,5,False,False,15681,163.0,89.0,56.0,62.0,76.0,287,634,899,1019.0,965.0,878.0,891.0,879,879,940,932,986,991.0,883,856,680.0,557.0,558.0,521.0
55432,2011-07-24T00:00:00Z,2011,7,7,False,False,14115,461.0,251.0,160.0,126.0,103.0,160,201,313,530.0,755.0,929.0,980.0,1113,1144,926,997,940,884.0,819,602,563.0,522.0,401.0,235.0
55432,2011-08-02T00:00:00Z,2011,8,2,False,False,15685,123.0,37.0,40.0,50.0,67.0,319,808,981,975.0,931.0,927.0,908.0,871,844,906,918,993,980.0,1093,855,699.0,654.0,451.0,255.0
55432,2011-08-03T00:00:00Z,2011,8,3,False,False,16415,102.0,61.0,38.0,49.0,69.0,316,789,1026,1003.0,989.0,931.0,904.0,908,944,928,990,1027,1057.0,1081,841,718.0,739.0,574.0,331.0
55432,2011-01-08T00:00:00Z,2011,1,6,False,True,16212,339.0,261.0,158.0,120.0,81.0,180,380,555,803.0,860.0,983.0,1165.0,1046,1160,1155,980,958,942.0,1040,772,615.0,582.0,570.0,507.0
55432,2011-01-09T00:00:00Z,2011,1,7,False,True,13721,404.0,233.0,142.0,95.0,98.0,109,192,292,447.0,690.0,723.0,924.0,1056,1087,1048,998,984,865.0,862,707,625.0,477.0,418.0,245.0
55432,2011-01-14T00:00:00Z,2011,1,5,False,True,15864,177.0,87.0,65.0,59.0,86.0,271,761,819,814.0,871.0,984.0,1010.0,972,935,956,938,915,1095.0,983,807,636.0,573.0,552.0,498.0
55432,2011-01-15T00:00:00Z,2011,1,6,False,True,16755,304.0,175.0,125.0,119.0,87.0,159,446,598,818.0,883.0,896.0,1024.0,1189,1119,1083,1170,1109,1015.0,1099,943,659.0,556.0,613.0,566.0
55432,2011-01-19T00:00:00Z,2011,1,3,False,True,15527,139.0,72.0,54.0,58.0,75.0,285,768,859,956.0,1008.0,832.0,831.0,856,872,846,869,1008,1090.0,1052,842,628.0,699.0,484.0,344.0
55432,2011-01-27T00:00:00Z,2011,1,4,False,False,16167,294.0,131.0,62.0,50.0,82.0,277,711,898,902.0,938.0,955.0,999.0,1011,852,954,835,960,1170.0,1142,793,672.0,599.0,556.0,324.0
55432,2011-02-08T00:00:00Z,2011,2,2,False,False,16348,111.0,48.0,41.0,47.0,79.0,316,788,1010,1000.0,992.0,883.0,849.0,817,866,861,1022,1038,1257.0,1155,934,774.0,662.0,512.0,286.0
55432,2011-02-12T00:00:00Z,2011,2,6,False,False,17258,296.0,182.0,113.0,107.0,107.0,187,500,711,887.0,1050.0,1147.0,1107.0,1223,1240,1258,1189,1041,871.0,878,806,665.0,587.0,583.0,523.0
55432,2011-02-17T00:00:00Z,2011,2,4,False,False,17464,171.0,85.0,44.0,51.0,96.0,346,848,967,1035.0,970.0,982.0,1003.0,939,975,993,1037,1076,1201.0,1269,998,780.0,700.0,525.0,373.0
55432,2011-03-07T00:00:00Z,2011,3,1,False,False,16071,76.0,67.0,50.0,55.0,92.0,301,804,983,987.0,926.0,968.0,893.0,888,918,921,977,1094,1177.0,1087,846,710.0,624.0,409.0,218.0
55432,2011-03-12T00:00:00Z,2011,3,6,False,False,18675,426.0,209.0,148.0,112.0,99.0,167,455,700,1036.0,1058.0,1148.0,1143.0,1104,1237,1154,1317,1183,1168.0,1102,1021,807.0,669.0,660.0,552.0
55432,2011-03-27T00:00:00Z,2011,3,7,False,False,14514,407.0,243.0,162.0,133.0,102.0,129,225,409,558.0,770.0,876.0,1068.0,1030,1096,1002,972,965,914.0,854,700,655.0,564.0,436.0,244.0
55432,2011-04-04T00:00:00Z,2011,4,1,False,False,15878,44.0,42.0,22.0,56.0,94.0,328,826,1022,1099.0,941.0,890.0,865.0,888,839,870,951,1009,1135.0,1198,841,595.0,661.0,465.0,197.0
55432,2011-04-13T00:00:00Z,2011,4,3,False,True,17384,119.0,50.0,44.0,58.0,71.0,328,838,892,1051.0,1074.0,1143.0,1061.0,952,1046,983,928,995,1097.0,1189,1046,713.0,718.0,575.0,413.0
55432,2011-04-14T00:00:00Z,2011,4,4,False,True,17677,151.0,99.0,67.0,57.0,86.0,319,830,975,981.0,1044.0,1091.0,1056.0,1026,1008,1028,1006,1121,1115.0,1175,990,783.0,724.0,619.0,326.0
55432,2011-04-18T00:00:00Z,2011,4,1,False,True,15760,109.0,58.0,39.0,50.0,77.0,290,796,909,943.0,975.0,1053.0,998.0,929,915,876,894,989,1154.0,1060,764,652.0,596.0,408.0,226.0
55432,2011-04-19T00:00:00Z,2011,4,2,False,True,16482,109.0,57.0,43.0,48.0,71.0,335,846,932,1007.0,1083.0,1023.0,974.0,961,910,920,902,1015,1077.0,1059,875,744.0,700.0,468.0,323.0
55432,2011-09-28T00:00:00Z,2011,9,3,False,True,15660,99.0,59.0,48.0,61.0,88.0,376,921,900,955.0,923.0,931.0,934.0,960,887,818,889,1038,970.0,907,793,638.0,636.0,480.0,349.0
55432,2011-10-01T00:00:00Z,2011,10,6,False,True,15589,305.0,182.0,136.0,116.0,93.0,182,437,593,724.0,968.0,1033.0,1122.0,1147,1121,945,890,875,873.0,784,781,694.0,548.0,523.0,517.0
55432,2011-04-25T00:00:00Z,2011,4,1,True,True,12165,172.0,108.0,84.0,64.0,71.0,112,215,310,324.0,553.0,755.0,1018.0,1155,1014,908,889,627,715.0,795,609,516.0,453.0,383.0,315.0
55432,2011-04-27T00:00:00Z,2011,4,3,False,False,14966,110.0,49.0,29.0,54.0,90.0,255,723,956,929.0,829.0,861.0,845.0,867,867,849,877,948,1084.0,970,721,648.0,609.0,490.0,306.0
55432,2011-04-30T00:00:00Z,2011,4,6,False,False,16915,416.0,192.0,137.0,116.0,92.0,164,401,561,779.0,932.0,895.0,1011.0,1014,1133,1153,1077,1211,1141.0,1109,944,672.0,627.0,594.0,544.0
55432,2011-05-02T00:00:00Z,2011,5,1,False,False,15446,108.0,67.0,38.0,52.0,80.0,319,751,1039,1091.0,975.0,887.0,801.0,857,821,876,905,996,1117.0,1054,762,642.0,607.0,406.0,195.0
55432,2011-05-04T00:00:00Z,2011,5,3,False,False,16591,126.0,56.0,38.0,56.0,69.0,329,847,1044,1046.0,1000.0,991.0,863.0,882,856,709,1066,1039,1179.0,1097,935,748.0,686.0,573.0,356.0
55432,2011-11-27T00:00:00Z,2011,11,7,False,False,15819,515.0,324.0,181.0,147.0,116.0,193,269,435,699.0,896.0,1029.0,1105.0,1101,1255,1115,968,995,920.0,894,733,596.0,597.0,448.0,288.0
55432,2011-12-03T00:00:00Z,2011,12,6,False,False,17442,457.0,250.0,152.0,145.0,107.0,211,438,688,1023.0,1048.0,1035.0,1166.0,1116,1172,1114,1027,1079,974.0,920,837,705.0,599.0,577.0,602.0
55432,2011-12-09T00:00:00Z,2011,12,5,False,False,16779,264.0,124.0,78.0,82.0,113.0,324,842,945,1028.0,944.0,986.0,906.0,965,964,944,1024,993,969.0,911,822,662.0,672.0,658.0,559.0
55432,2011-12-16T00:00:00Z,2011,12,5,False,False,16941,221.0,122.0,77.0,95.0,87.0,387,873,934,1069.0,962.0,975.0,942.0,953,974,955,893,984,1054.0,1070,854,680.0,659.0,584.0,537.0
55432,2011-12-20T00:00:00Z,2011,12,2,False,False,15652,135.0,64.0,60.0,57.0,85.0,303,770,898,933.0,938.0,942.0,878.0,963,925,886,961,937,1091.0,929,808,670.0,592.0,513.0,314.0
55432,2011-12-22T00:00:00Z,2011,12,4,False,True,16037,208.0,106.0,76.0,57.0,90.0,296,723,865,875.0,932.0,887.0,907.0,1021,970,918,826,909,1128.0,1099,883,662.0,578.0,572.0,449.0
55432,2011-12-23T00:00:00Z,2011,12,5,False,True,14672,234.0,139.0,103.0,68.0,113.0,274,615,741,757.0,756.0,945.0,918.0,965,851,1026,866,902,802.0,734,690,566.0,589.0,550.0,468.0
55432,2011-12-26T00:00:00Z,2011,12,1,True,True,11637,163.0,87.0,65.0,46.0,49.0,100,229,343,380.0,618.0,898.0,1032.0,1009,983,896,750,673,628.0,656,546,500.0,428.0,331.0,227.0
55432,2011-12-29T00:00:00Z,2011,12,4,False,True,13625,168.0,112.0,58.0,71.0,83.0,217,365,494,574.0,639.0,807.0,916.0,912,909,946,783,847,911.0,1062,833,589.0,550.0,449.0,330.0
55432,2011-01-29T00:00:00Z,2011,1,6,False,False,17058,383.0,183.0,124.0,107.0,86.0,161,416,659,849.0,976.0,1053.0,1100.0,1228,1123,1176,1174,1020,960.0,980,817,712.0,590.0,617.0,564.0
55432,2011-02-07T00:00:00Z,2011,2,1,False,False,15163,44.0,52.0,38.0,58.0,71.0,327,715,994,971.0,870.0,922.0,822.0,834,801,889,961,929,1160.0,1024,831,673.0,531.0,406.0,240.0
55432,2011-02-13T00:00:00Z,2011,2,7,False,False,14421,422.0,200.0,154.0,114.0,120.0,150,218,372,582.0,792.0,816.0,919.0,1080,1084,1085,1091,989,896.0,849,663,557.0,561.0,474.0,233.0
55432,2011-02-14T00:00:00Z,2011,2,1,False,False,15802,127.0,45.0,36.0,58.0,80.0,315,803,969,950.0,913.0,928.0,808.0,895,820,886,912,1014,1132.0,1103,963,691.0,572.0,469.0,313.0
55432,2011-02-16T00:00:00Z,2011,2,3,False,False,16449,140.0,79.0,29.0,56.0,78.0,331,863,1082,1073.0,937.0,864.0,932.0,929,866,914,1013,987,1075.0,957,917,722.0,720.0,563.0,322.0
55432,2011-02-21T00:00:00Z,2011,2,1,False,False,15601,130.0,60.0,47.0,51.0,87.0,300,784,1039,1066.0,932.0,869.0,828.0,837,865,909,988,956,1102.0,1120,792,636.0,546.0,435.0,222.0
55432,2011-02-24T00:00:00Z,2011,2,4,False,False,17587,190.0,89.0,57.0,69.0,81.0,310,871,992,1026.0,961.0,932.0,985.0,983,886,948,1031,1126,1225.0,1176,1117,826.0,739.0,575.0,392.0
55432,2011-02-26T00:00:00Z,2011,2,6,False,False,18687,361.0,192.0,133.0,94.0,98.0,185,509,726,1048.0,1115.0,1172.0,1220.0,1232,1236,1230,1154,1170,1056.0,1087,991,776.0,623.0,674.0,605.0
55432,2011-02-28T00:00:00Z,2011,2,1,False,False,15954,126.0,50.0,41.0,45.0,75.0,324,791,974,963.0,905.0,883.0,844.0,897,878,899,1012,972,1246.0,1108,932,707.0,559.0,443.0,280.0
55432,2011-03-01T00:00:00Z,2011,3,2,False,False,17061,131.0,67.0,35.0,53.0,89.0,267,853,1076,1047.0,998.0,899.0,888.0,904,899,934,987,1085,1206.0,1214,1007,833.0,726.0,534.0,329.0
55432,2011-12-21T00:00:00Z,2011,12,3,False,True,16044,167.0,74.0,63.0,65.0,102.0,336,762,864,978.0,717.0,1062.0,928.0,926,1105,881,977,991,985.0,957,798,626.0,666.0,605.0,409.0
55432,2011-06-03T00:00:00Z,2011,6,5,False,False,16777,163.0,77.0,51.0,66.0,76.0,309,771,951,1021.0,1049.0,942.0,961.0,1007,955,961,1030,1078,1132.0,988,900,633.0,576.0,573.0,507.0
55432,2011-06-05T00:00:00Z,2011,6,7,False,False,14950,418.0,256.0,182.0,127.0,109.0,127,200,342,576.0,876.0,993.0,1074.0,1282,1266,1189,1054,961,914.0,801,599,511.0,525.0,372.0,196.0
55432,2011-06-10T00:00:00Z,2011,6,5,False,False,16269,176.0,80.0,63.0,50.0,88.0,323,779,896,1021.0,991.0,944.0,949.0,912,943,981,999,1105,1121.0,932,800,619.0,535.0,498.0,464.0
55432,2011-06-11T00:00:00Z,2011,6,6,False,False,15635,309.0,186.0,110.0,107.0,94.0,121,353,543,817.0,906.0,1012.0,1065.0,1133,1083,990,1021,988,935.0,1032,796,568.0,513.0,478.0,475.0
55432,2011-06-12T00:00:00Z,2011,6,7,False,False,13062,354.0,219.0,172.0,124.0,110.0,104,194,261,397.0,705.0,862.0,1026.0,1115,1135,855,820,730,737.0,808,614,542.0,438.0,420.0,320.0
55432,2011-06-13T00:00:00Z,2011,6,1,True,False,11626,223.0,113.0,87.0,70.0,65.0,118,194,267,386.0,604.0,722.0,806.0,960,865,880,921,855,787.0,693,567,482.0,457.0,319.0,185.0
55432,2011-06-23T00:00:00Z,2011,6,4,False,False,16742,146.0,74.0,56.0,65.0,71.0,296,811,1042,1026.0,983.0,846.0,834.0,907,910,908,922,1133,1274.0,1147,942,763.0,646.0,569.0,371.0
55432,2011-06-26T00:00:00Z,2011,6,7,False,False,15081,450.0,251.0,164.0,139.0,110.0,109,228,382,584.0,832.0,1033.0,1129.0,1181,1198,1164,1030,1033,917.0,843,631,545.0,529.0,381.0,218.0
55432,2011-07-02T00:00:00Z,2011,7,6,False,True,16091,330.0,198.0,112.0,93.0,87.0,159,428,652,835.0,869.0,1029.0,968.0,1019,1134,1051,1098,987,1020.0,874,821,697.0,525.0,596.0,509.0
55432,2011-07-03T00:00:00Z,2011,7,7,False,True,14874,434.0,254.0,171.0,139.0,116.0,135,216,338,607.0,840.0,964.0,1054.0,1201,1196,1136,1053,937,949.0,809,617,571.0,524.0,387.0,226.0
55432,2011-07-07T00:00:00Z,2011,7,4,False,True,15320,147.0,70.0,38.0,57.0,78.0,275,784,848,901.0,855.0,882.0,927.0,858,840,870,858,941,1069.0,1040,885,697.0,579.0,489.0,332.0
55432,2011-07-13T00:00:00Z,2011,7,3,False,True,15674,107.0,49.0,72.0,62.0,69.0,286,801,919,957.0,963.0,965.0,931.0,913,846,809,848,928,1075.0,1063,898,685.0,660.0,500.0,268.0
55432,2011-07-16T00:00:00Z,2011,7,6,False,True,15671,311.0,161.0,101.0,86.0,87.0,141,378,554,748.0,815.0,921.0,1003.0,1036,1071,1067,1121,975,964.0,956,829,660.0,564.0,591.0,531.0
55432,2011-07-17T00:00:00Z,2011,7,7,False,True,14144,398.0,249.0,165.0,128.0,129.0,144,214,337,568.0,750.0,978.0,1196.0,1034,1107,960,886,757,960.0,814,685,559.0,507.0,356.0,263.0
55432,2011-07-20T00:00:00Z,2011,7,3,False,False,15043,119.0,58.0,35.0,50.0,74.0,242,716,891,999.0,843.0,959.0,842.0,832,769,857,928,968,1015.0,944,856,660.0,600.0,459.0,327.0
55432,2011-07-21T00:00:00Z,2011,7,4,False,False,15177,144.0,79.0,47.0,52.0,62.0,290,724,949,977.0,870.0,816.0,876.0,879,806,935,938,983,905.0,845,902,722.0,586.0,489.0,301.0
55432,2011-07-25T00:00:00Z,2011,7,1,False,False,14908,110.0,71.0,39.0,55.0,60.0,287,747,973,967.0,888.0,841.0,827.0,857,794,881,897,980,1067.0,1128,747,595.0,508.0,350.0,239.0
55432,2011-07-27T00:00:00Z,2011,7,3,False,False,16752,111.0,56.0,40.0,49.0,73.0,291,803,1028,968.0,979.0,935.0,1016.0,941,873,842,881,1011,1014.0,1120,1040,935.0,711.0,556.0,479.0
55432,2011-07-28T00:00:00Z,2011,7,4,False,False,16955,172.0,103.0,43.0,68.0,78.0,332,789,993,1064.0,979.0,884.0,932.0,906,936,1022,1010,1037,1180.0,1145,929,742.0,629.0,599.0,383.0
55432,2011-07-30T00:00:00Z,2011,7,6,False,False,17289,346.0,208.0,100.0,98.0,108.0,174,431,794,898.0,1005.0,1067.0,1000.0,1097,1110,1197,1110,1158,1074.0,918,867,768.0,592.0,584.0,585.0
55432,2011-10-03T00:00:00Z,2011,10,1,True,True,13307,336.0,176.0,133.0,119.0,137.0,268,316,335,388.0,548.0,703.0,832.0,1028,1041,985,959,951,888.0,770,664,519.0,565.0,419.0,227.0
55432,2011-10-06T00:00:00Z,2011,10,4,False,True,16439,133.0,75.0,55.0,59.0,76.0,308,808,1000,925.0,928.0,926.0,965.0,966,964,911,942,1031,1156.0,1022,911,729.0,679.0,520.0,350.0
55432,2011-10-11T00:00:00Z,2011,10,2,False,False,15919,122.0,74.0,55.0,51.0,77.0,330,876,1004,979.0,914.0,863.0,884.0,889,898,904,890,987,1132.0,974,859,705.0,692.0,525.0,235.0
55432,2011-10-15T00:00:00Z,2011,10,6,False,False,17668,363.0,190.0,125.0,109.0,100.0,202,468,762,886.0,992.0,1039.0,1122.0,1298,1206,1124,1052,1058,1021.0,1125,1017,653.0,592.0,584.0,580.0
55432,2011-10-19T00:00:00Z,2011,10,3,False,False,16350,118.0,59.0,35.0,48.0,75.0,357,848,1037,987.0,996.0,1010.0,922.0,963,874,903,964,916,1096.0,980,831,723.0,742.0,545.0,321.0
55432,2011-10-20T00:00:00Z,2011,10,4,False,False,16754,145.0,53.0,68.0,51.0,84.0,324,869,940,1036.0,957.0,986.0,950.0,974,953,910,984,965,1043.0,1091,955,725.0,699.0,591.0,401.0
55432,2011-10-30T00:00:00Z,2011,10,7,False,False,14728,422.0,291.0,193.0,155.0,122.0,175,245,341,585.0,762.0,833.0,1001.0,1091,1088,1020,1060,1023,927.0,803,727,634.0,539.0,422.0,269.0
55432,2011-10-31T00:00:00Z,2011,10,1,False,False,15243,112.0,69.0,44.0,65.0,84.0,308,772,1014,985.0,919.0,858.0,911.0,862,860,888,917,913,1130.0,983,771,624.0,532.0,378.0,244.0
55432,2011-11-02T00:00:00Z,2011,11,3,False,False,15923,126.0,82.0,64.0,70.0,83.0,341,867,927,944.0,944.0,989.0,943.0,942,877,852,955,883,1095.0,998,813,659.0,681.0,491.0,297.0
55432,2011-11-07T00:00:00Z,2011,11,1,False,False,15120,115.0,58.0,46.0,50.0,74.0,354,782,1026,902.0,910.0,917.0,909.0,942,886,895,902,953,957.0,982,720,613.0,545.0,373.0,209.0
55432,2011-11-11T00:00:00Z,2011,11,5,False,False,16970,229.0,87.0,72.0,66.0,93.0,374,849,1013,964.0,963.0,1007.0,957.0,1018,901,957,1028,998,1057.0,952,869,757.0,620.0,645.0,494.0
55432,2011-11-15T00:00:00Z,2011,11,2,False,False,16764,121.0,73.0,65.0,61.0,76.0,377,855,903,1013.0,922.0,990.0,969.0,968,920,926,884,1088,1110.0,1180,942,738.0,679.0,507.0,397.0
55432,2011-11-16T00:00:00Z,2011,11,3,False,False,16684,178.0,85.0,61.0,46.0,94.0,364,870,946,970.0,991.0,978.0,1039.0,930,878,841,936,987,1069.0,1039,892,775.0,749.0,618.0,348.0
55432,2011-11-19T00:00:00Z,2011,11,6,False,False,19467,384.0,193.0,148.0,119.0,99.0,244,596,923,1095.0,1163.0,1324.0,1284.0,1247,1262,1235,1157,1096,1100.0,1120,1053,713.0,682.0,644.0,586.0
55432,2011-11-21T00:00:00Z,2011,11,1,False,False,15052,96.0,56.0,41.0,67.0,81.0,367,836,993,918.0,861.0,880.0,899.0,832,886,822,903,955,1089.0,999,736,568.0,558.0,396.0,213.0
55432,2011-11-22T00:00:00Z,2011,11,2,False,False,15581,118.0,52.0,42.0,49.0,77.0,314,795,1023,1016.0,944.0,923.0,865.0,837,902,942,907,942,1034.0,926,810,707.0,621.0,484.0,251.0
55432,2011-11-26T00:00:00Z,2011,11,6,False,False,15887,362.0,182.0,133.0,98.0,116.0,196,426,574,764.0,811.0,980.0,969.0,1003,1059,1056,1044,941,945.0,884,769,716.0,567.0,641.0,651.0
55432,2011-12-01T00:00:00Z,2011,12,4,False,False,16756,165.0,113.0,55.0,77.0,99.0,367,880,1022,959.0,930.0,898.0,894.0,903,871,897,974,1009,1020.0,1044,1017,774.0,696.0,671.0,421.0
55432,2011-12-05T00:00:00Z,2011,12,1,False,False,14898,36.0,76.0,52.0,62.0,84.0,301,828,965,931.0,877.0,849.0,816.0,849,828,911,903,869,1043.0,1008,777,623.0,547.0,436.0,227.0
55432,2011-12-10T00:00:00Z,2011,12,6,False,False,16524,372.0,251.0,151.0,138.0,100.0,200,537,749,881.0,959.0,1015.0,1016.0,1082,1000,995,1020,866,926.0,903,838,653.0,628.0,610.0,634.0
55432,2011-12-15T00:00:00Z,2011,12,4,False,False,17369,214.0,129.0,65.0,72.0,111.0,437,874,979,960.0,910.0,930.0,954.0,986,988,925,983,1094,1057.0,1149,978,719.0,748.0,687.0,420.0
55432,2011-12-17T00:00:00Z,2011,12,6,False,False,16268,458.0,247.0,152.0,143.0,120.0,228,518,642,925.0,905.0,897.0,1035.0,1069,1033,1027,948,947,930.0,857,824,655.0,521.0,586.0,601.0
55432,2011-08-08T00:00:00Z,2011,8,1,False,False,14756,79.0,33.0,36.0,51.0,60.0,281,802,925,1009.0,834.0,882.0,816.0,833,822,887,893,940,1095.0,943,779,644.0,564.0,366.0,182.0
55432,2011-08-15T00:00:00Z,2011,8,1,False,False,14468,109.0,49.0,39.0,55.0,73.0,293,778,1012,940.0,735.0,780.0,892.0,872,840,863,941,925,949.0,949,707,628.0,509.0,324.0,206.0
55432,2011-08-24T00:00:00Z,2011,8,3,False,False,16063,94.0,52.0,45.0,54.0,62.0,357,811,1006,992.0,1001.0,922.0,899.0,904,881,952,919,925,1049.0,1048,874,697.0,710.0,513.0,296.0
55432,2011-08-25T00:00:00Z,2011,8,4,False,False,15890,140.0,85.0,59.0,64.0,82.0,333,803,919,937.0,891.0,946.0,927.0,936,895,641,981,978,927.0,975,966,740.0,726.0,589.0,350.0
55432,2011-08-27T00:00:00Z,2011,8,6,False,False,16598,353.0,217.0,123.0,97.0,102.0,190,457,676,913.0,1083.0,1120.0,1064.0,1117,1006,1046,992,936,955.0,935,818,692.0,512.0,612.0,582.0
55432,2011-09-05T00:00:00Z,2011,9,1,False,False,14298,103.0,43.0,37.0,47.0,94.0,328,821,1021,975.0,194.0,795.0,822.0,831,843,849,925,1018,1047.0,934,760,633.0,539.0,408.0,231.0
55432,2011-09-06T00:00:00Z,2011,9,2,False,False,15817,109.0,63.0,49.0,48.0,71.0,344,883,968,1022.0,849.0,936.0,849.0,851,856,882,939,947,1069.0,998,907,731.0,651.0,512.0,283.0
55432,2011-09-09T00:00:00Z,2011,9,5,False,False,15764,171.0,88.0,54.0,65.0,86.0,273,765,965,959.0,879.0,927.0,896.0,914,910,898,967,1027,953.0,888,788,653.0,552.0,629.0,457.0
55432,2011-09-12T00:00:00Z,2011,9,1,False,False,15180,116.0,56.0,39.0,48.0,59.0,282,862,1035,945.0,875.0,906.0,849.0,857,858,898,928,1010,1038.0,946,756,662.0,563.0,367.0,225.0
55432,2011-09-17T00:00:00Z,2011,9,6,False,False,16976,362.0,205.0,134.0,101.0,88.0,192,485,663,934.0,1089.0,1072.0,1216.0,1112,1211,1164,996,982,958.0,928,780,633.0,564.0,566.0,541.0
55432,2011-09-21T00:00:00Z,2011,9,3,False,False,16299,130.0,61.0,41.0,48.0,87.0,325,866,1003,1058.0,988.0,1013.0,1025.0,905,915,930,895,1014,1040.0,926,802,750.0,651.0,513.0,313.0
55432,2011-09-23T00:00:00Z,2011,9,5,False,False,16485,164.0,94.0,66.0,77.0,79.0,344,855,877,1052.0,950.0,1003.0,1060.0,1043,1029,973,995,903,931.0,831,945,601.0,576.0,539.0,498.0
55432,2011-09-24T00:00:00Z,2011,9,6,False,True,15873,353.0,212.0,140.0,128.0,102.0,224,485,663,797.0,996.0,983.0,994.0,1054,1044,993,966,995,815.0,914,707,632.0,542.0,586.0,548.0
55432,2011-10-05T00:00:00Z,2011,10,3,False,True,15761,140.0,55.0,40.0,55.0,95.0,359,815,926,933.0,919.0,910.0,918.0,937,903,902,892,896,1029.0,988,855,674.0,668.0,565.0,287.0
55432,2011-10-09T00:00:00Z,2011,10,7,False,True,14854,412.0,232.0,171.0,131.0,95.0,149,240,371,608.0,859.0,1087.0,1110.0,1116,1184,1119,1068,886,780.0,797,617,616.0,566.0,426.0,214.0
55432,2011-10-12T00:00:00Z,2011,10,3,False,False,16312,121.0,57.0,41.0,55.0,78.0,319,809,1032,1011.0,985.0,989.0,1002.0,940,936,911,960,1039,973.0,1021,815,679.0,649.0,551.0,339.0
55432,2011-10-18T00:00:00Z,2011,10,2,False,False,15932,93.0,52.0,50.0,42.0,97.0,382,813,1024,992.0,919.0,933.0,892.0,879,892,875,947,968,1066.0,1009,875,704.0,722.0,449.0,257.0
55432,2011-11-01T00:00:00Z,2011,11,2,False,False,15494,115.0,46.0,50.0,60.0,84.0,340,851,965,1072.0,925.0,882.0,1053.0,984,919,787,781,954,1032.0,914,758,637.0,598.0,415.0,272.0
55432,2011-11-04T00:00:00Z,2011,11,5,False,False,16948,153.0,95.0,51.0,72.0,93.0,349,864,976,927.0,976.0,958.0,1026.0,990,1050,979,951,932,1042.0,997,912,718.0,624.0,659.0,554.0
55432,2011-11-08T00:00:00Z,2011,11,2,False,False,16109,106.0,73.0,54.0,40.0,73.0,376,945,924,1017.0,885.0,919.0,896.0,917,943,910,934,1029,1072.0,845,833,759.0,760.0,504.0,295.0
55432,2011-10-02T00:00:00Z,2011,10,7,False,True,13245,394.0,201.0,,159.0,123.0,150,197,247,373.0,537.0,686.0,783.0,986,1055,984,976,834,714.0,627,611,757.0,675.0,658.0,518.0
55432,2011-03-02T00:00:00Z,2011,3,3,False,False,17364,175.0,71.0,47.0,49.0,77.0,311,819,1048,1069.0,965.0,851.0,932.0,958,894,941,977,1030,1208.0,1221,1201,854.0,739.0,596.0,331.0
55432,2011-03-03T00:00:00Z,2011,3,4,False,False,17411,180.0,95.0,52.0,70.0,83.0,320,846,970,989.0,1041.0,956.0,947.0,887,894,1021,1065,1141,1118.0,1219,1016,848.0,714.0,574.0,365.0
55432,2011-03-06T00:00:00Z,2011,3,7,False,False,17670,984.0,889.0,418.0,250.0,290.0,420,460,572,658.0,877.0,984.0,1042.0,1190,1109,1062,1147,923,935.0,908,687,656.0,573.0,407.0,229.0
55432,2011-03-13T00:00:00Z,2011,3,7,False,False,16328,404.0,241.0,184.0,125.0,111.0,141,255,359,680.0,824.0,1043.0,1297.0,1364,1325,1176,1127,1037,1004.0,918,803,685.0,569.0,424.0,232.0
55432,2011-03-15T00:00:00Z,2011,3,2,False,False,16296,111.0,54.0,30.0,44.0,71.0,310,846,1042,1057.0,958.0,923.0,896.0,881,833,925,970,1069,1171.0,1044,1006,723.0,609.0,449.0,274.0
55432,2011-03-18T00:00:00Z,2011,3,5,False,False,17088,234.0,101.0,69.0,73.0,103.0,328,825,979,1029.0,1003.0,934.0,904.0,931,942,916,1027,1045,1058.0,1032,931,738.0,731.0,607.0,548.0
55432,2011-03-19T00:00:00Z,2011,3,6,False,False,17060,323.0,192.0,124.0,91.0,105.0,182,402,711,988.0,1069.0,1086.0,990.0,1136,1011,1020,1100,1103,1042.0,1066,958,676.0,562.0,569.0,554.0
55432,2011-03-21T00:00:00Z,2011,3,1,False,False,15254,173.0,73.0,42.0,49.0,79.0,306,699,955,939.0,894.0,874.0,876.0,845,844,920,945,1008,1144.0,959,833,624.0,604.0,372.0,197.0
55432,2011-03-23T00:00:00Z,2011,3,3,False,False,17146,148.0,63.0,55.0,52.0,82.0,329,896,1031,1086.0,1104.0,975.0,949.0,957,922,961,991,1024,1181.0,1010,886,826.0,712.0,559.0,347.0
55432,2011-03-24T00:00:00Z,2011,3,4,False,False,17383,215.0,83.0,55.0,59.0,80.0,330,842,1042,1095.0,999.0,914.0,911.0,944,970,966,987,1061,1213.0,1086,1033,807.0,745.0,581.0,365.0
55432,2011-03-25T00:00:00Z,2011,3,5,False,False,17181,224.0,88.0,47.0,60.0,105.0,323,782,1009,1079.0,1006.0,1006.0,978.0,935,1010,1006,1028,1028,1093.0,963,869,694.0,673.0,616.0,559.0
55432,2011-04-07T00:00:00Z,2011,4,4,False,False,17202,161.0,81.0,70.0,54.0,77.0,340,840,1009,1031.0,1032.0,923.0,1004.0,951,945,965,947,1109,1131.0,1095,1074,739.0,764.0,541.0,319.0
55432,2011-04-08T00:00:00Z,2011,4,5,False,False,17580,176.0,66.0,56.0,54.0,85.0,342,828,980,1038.0,994.0,997.0,914.0,991,958,987,1074,1144,1202.0,1087,1047,786.0,551.0,694.0,529.0
55432,2011-04-15T00:00:00Z,2011,4,5,False,True,16927,175.0,90.0,54.0,61.0,96.0,331,777,921,975.0,1021.0,1108.0,1031.0,1032,1054,987,951,1049,1027.0,939,823,679.0,632.0,585.0,529.0
55432,2011-04-16T00:00:00Z,2011,4,6,False,True,16950,356.0,195.0,140.0,107.0,83.0,151,474,608,845.0,943.0,1083.0,1116.0,1153,1098,1037,1107,1071,1134.0,1063,868,632.0,583.0,576.0,527.0
55432,2011-04-17T00:00:00Z,2011,4,7,False,True,15153,450.0,235.0,164.0,121.0,122.0,146,236,349,559.0,883.0,1026.0,1125.0,1246,1188,997,1051,973,937.0,899,649,615.0,539.0,433.0,210.0
55432,2011-05-03T00:00:00Z,2011,5,2,False,False,15933,95.0,52.0,45.0,56.0,71.0,328,802,1000,1025.0,935.0,972.0,790.0,825,828,918,975,979,1068.0,1134,915,756.0,624.0,502.0,238.0
55432,2011-05-06T00:00:00Z,2011,5,5,False,False,16737,171.0,78.0,49.0,65.0,79.0,326,817,1053,1041.0,997.0,965.0,913.0,943,965,941,1013,1030,1023.0,872,838,679.0,641.0,675.0,563.0
55432,2011-05-10T00:00:00Z,2011,5,2,False,False,15959,94.0,47.0,30.0,58.0,71.0,315,786,1000,1051.0,926.0,924.0,854.0,830,857,878,994,1054,1164.0,1067,929,682.0,622.0,518.0,208.0
55432,2011-05-14T00:00:00Z,2011,5,6,False,False,17947,394.0,194.0,146.0,105.0,94.0,170,445,714,1012.0,1173.0,1246.0,1233.0,1111,1198,1110,1122,1066,1064.0,1018,932,613.0,602.0,544.0,641.0
55432,2011-05-17T00:00:00Z,2011,5,2,False,False,16071,98.0,52.0,33.0,56.0,66.0,293,850,1029,1028.0,886.0,939.0,840.0,919,880,874,963,1004,1178.0,1030,901,790.0,650.0,448.0,264.0
55432,2011-05-20T00:00:00Z,2011,5,5,False,False,17093,176.0,94.0,57.0,61.0,80.0,305,805,1049,999.0,981.0,959.0,957.0,995,861,882,1076,1035,1059.0,1013,922,808.0,628.0,733.0,558.0
55432,2011-05-22T00:00:00Z,2011,5,7,False,False,14429,463.0,285.0,180.0,146.0,155.0,253,348,402,599.0,839.0,1058.0,1213.0,1040,1073,763,985,817,676.0,802,648,610.0,494.0,348.0,232.0
55432,2011-05-30T00:00:00Z,2011,5,1,False,False,14179,112.0,44.0,34.0,41.0,79.0,280,673,894,946.0,895.0,810.0,784.0,789,752,813,881,1028,1054.0,991,741,538.0,517.0,307.0,176.0
55432,2011-08-07T00:00:00Z,2011,8,7,False,False,14012,413.0,280.0,149.0,129.0,172.0,162,244,339,569.0,719.0,894.0,973.0,1051,1137,993,928,913,881.0,851,598,530.0,492.0,396.0,199.0
55432,2011-08-09T00:00:00Z,2011,8,2,False,False,15723,90.0,39.0,35.0,47.0,63.0,339,850,946,1028.0,912.0,938.0,841.0,913,878,831,870,1034,1102.0,1056,839,740.0,637.0,447.0,248.0
55432,2011-08-11T00:00:00Z,2011,8,4,False,False,16428,142.0,63.0,51.0,66.0,78.0,313,841,967,1061.0,955.0,949.0,906.0,841,892,964,974,989,1064.0,968,858,762.0,797.0,567.0,360.0
55432,2011-08-14T00:00:00Z,2011,8,7,False,False,14068,382.0,228.0,175.0,121.0,134.0,201,387,490,646.0,830.0,757.0,958.0,925,963,916,939,899,932.0,792,658,591.0,544.0,408.0,192.0
55432,2011-08-16T00:00:00Z,2011,8,2,False,False,15792,98.0,46.0,36.0,46.0,70.0,329,872,1005,1015.0,887.0,898.0,871.0,930,849,863,896,987,1078.0,1050,873,780.0,637.0,464.0,212.0
55432,2011-08-18T00:00:00Z,2011,8,4,False,False,16566,140.0,77.0,58.0,68.0,70.0,281,798,1000,1042.0,988.0,932.0,911.0,892,944,905,938,1079,1061.0,1115,963,743.0,606.0,591.0,364.0
55432,2011-08-01T00:00:00Z,2011,8,1,False,False,14586,118.0,60.0,44.0,53.0,64.0,269,783,955,979.0,998.0,917.0,,857,892,948,991,955,1148.0,1003,730,599.0,572.0,401.0,250.0
55432,2011-07-08T00:00:00Z,2011,7,5,False,True,14262,148.0,70.0,53.0,52.0,64.0,257,821,847,907.0,862.0,961.0,983.0,925,902,869,878,942,980.0,905,825,756.0,255.0,,
55432,2011-08-10T00:00:00Z,2011,8,3,False,False,16275,115.0,44.0,33.0,47.0,67.0,299,847,997,1049.0,962.0,919.0,903.0,895,983,903,938,1011,1125.0,984,836,732.0,742.0,538.0,306.0
55432,2011-08-13T00:00:00Z,2011,8,6,False,False,17331,328.0,176.0,121.0,111.0,106.0,160,443,703,912.0,1141.0,1121.0,1136.0,1160,1126,1100,1085,1063,1008.0,968,871,728.0,568.0,628.0,568.0
55432,2011-08-20T00:00:00Z,2011,8,6,False,False,16370,354.0,187.0,122.0,96.0,91.0,150,379,619,784.0,1015.0,962.0,1036.0,1045,1063,1105,1028,1044,976.0,1043,815,696.0,566.0,613.0,581.0
55432,2011-08-21T00:00:00Z,2011,8,7,False,False,14269,427.0,253.0,176.0,134.0,109.0,138,231,359,550.0,825.0,918.0,1139.0,1036,1138,1139,931,876,776.0,881,629,538.0,457.0,387.0,222.0
55432,2011-08-26T00:00:00Z,2011,8,5,False,False,16144,152.0,89.0,57.0,63.0,73.0,336,832,997,1023.0,957.0,883.0,725.0,956,933,1007,1014,985,992.0,924,810,697.0,591.0,591.0,457.0
55432,2011-08-29T00:00:00Z,2011,8,1,False,False,15020,121.0,56.0,50.0,53.0,70.0,332,797,973,985.0,934.0,887.0,865.0,869,825,814,961,936,1062.0,921,815,601.0,549.0,337.0,207.0
55432,2011-08-31T00:00:00Z,2011,8,3,False,False,16361,126.0,68.0,48.0,71.0,77.0,350,802,1001,984.0,1044.0,983.0,960.0,976,894,942,953,961,1068.0,959,853,706.0,711.0,545.0,279.0
55432,2011-09-15T00:00:00Z,2011,9,4,False,False,16465,131.0,88.0,70.0,67.0,86.0,337,831,1068,1017.0,861.0,921.0,888.0,903,940,864,966,1020,1074.0,1016,927,715.0,712.0,612.0,351.0
55432,2011-09-19T00:00:00Z,2011,9,1,False,False,15441,121.0,57.0,53.0,71.0,117.0,336,836,1008,981.0,913.0,924.0,867.0,864,1052,965,918,949,1087.0,893,673,626.0,501.0,418.0,211.0
55432,2011-09-22T00:00:00Z,2011,9,4,False,False,16693,151.0,70.0,64.0,75.0,79.0,351,842,993,1047.0,908.0,967.0,946.0,961,916,892,969,983,1035.0,1015,972,783.0,695.0,563.0,416.0
55432,2011-11-12T00:00:00Z,2011,11,6,False,False,18102,393.0,205.0,162.0,102.0,105.0,232,560,852,1124.0,1145.0,1119.0,1084.0,1149,1180,1074,1133,1086,1052.0,908,838,733.0,627.0,619.0,620.0
55432,2011-11-13T00:00:00Z,2011,11,7,False,False,15635,431.0,232.0,165.0,131.0,115.0,165,268,476,792.0,936.0,1068.0,1097.0,1141,1032,1054,1001,964,1000.0,854,690,641.0,591.0,457.0,334.0
55432,2011-11-14T00:00:00Z,2011,11,1,False,False,15986,178.0,54.0,47.0,62.0,87.0,368,815,951,1008.0,868.0,930.0,1036.0,976,941,960,961,952,1079.0,967,809,694.0,595.0,373.0,275.0
55432,2011-11-17T00:00:00Z,2011,11,4,False,False,16833,166.0,93.0,80.0,71.0,87.0,341,815,934,955.0,887.0,986.0,885.0,965,942,923,964,1011,1081.0,1126,1022,728.0,729.0,622.0,420.0
55432,2011-11-18T00:00:00Z,2011,11,5,False,False,17436,223.0,108.0,67.0,71.0,94.0,363,853,976,943.0,937.0,997.0,949.0,1036,1025,1018,973,1106,1099.0,1089,907,766.0,695.0,618.0,523.0
55432,2011-11-24T00:00:00Z,2011,11,4,False,False,16227,192.0,77.0,46.0,67.0,83.0,378,870,1017,914.0,868.0,875.0,804.0,904,868,969,918,999,1043.0,954,936,742.0,699.0,603.0,401.0
55432,2011-01-01T00:00:00Z,2011,1,6,True,True,13623,308.0,528.0,502.0,328.0,219.0,199,178,262,374.0,472.0,742.0,909.0,1049,1058,945,917,836,721.0,695,569,496.0,502.0,504.0,310.0
55432,2011-01-03T00:00:00Z,2011,1,1,True,True,12887,182.0,102.0,81.0,84.0,106.0,295,473,495,625.0,923.0,884.0,834.0,921,900,861,863,769,707.0,720,566,518.0,418.0,329.0,231.0
55432,2011-01-04T00:00:00Z,2011,1,2,False,True,14522,103.0,68.0,55.0,65.0,108.0,309,661,796,876.0,1053.0,966.0,840.0,894,907,850,869,869,1022.0,813,704,525.0,455.0,395.0,319.0
55432,2011-01-05T00:00:00Z,2011,1,3,False,True,15480,141.0,75.0,53.0,64.0,101.0,290,708,839,981.0,1164.0,1040.0,1015.0,1005,1003,893,873,889,842.0,815,755,616.0,537.0,473.0,308.0
55432,2011-01-06T00:00:00Z,2011,1,4,False,True,15532,166.0,83.0,50.0,64.0,95.0,256,635,809,904.0,1081.0,1084.0,1054.0,963,995,877,963,892,989.0,888,773,541.0,566.0,499.0,305.0
55432,2011-01-10T00:00:00Z,2011,1,1,False,True,13456,115.0,51.0,41.0,42.0,59.0,242,666,771,860.0,800.0,787.0,853.0,794,720,787,792,839,1061.0,976,648,560.0,422.0,349.0,221.0
55432,2011-01-11T00:00:00Z,2011,1,2,False,True,14369,107.0,55.0,53.0,37.0,75.0,251,700,811,906.0,832.0,835.0,843.0,884,828,769,862,901,1086.0,1013,760,576.0,500.0,411.0,274.0
55432,2011-01-16T00:00:00Z,2011,1,7,False,True,15071,385.0,240.0,161.0,135.0,117.0,134,275,351,496.0,722.0,838.0,966.0,1154,1209,1082,1147,1032,959.0,922,786,596.0,607.0,480.0,277.0
55432,2011-01-18T00:00:00Z,2011,1,2,False,True,15079,90.0,55.0,33.0,61.0,72.0,305,761,853,909.0,968.0,817.0,874.0,901,891,825,853,937,1182.0,1122,745,561.0,562.0,403.0,299.0
55432,2011-05-16T00:00:00Z,2011,5,1,False,False,15242,55.0,58.0,38.0,43.0,65.0,315,812,997,1003.0,853.0,887.0,841.0,835,877,844,948,1051,1086.0,1090,811,627.0,546.0,349.0,211.0
55432,2011-05-18T00:00:00Z,2011,5,3,False,False,16490,108.0,57.0,49.0,53.0,75.0,310,833,1062,1037.0,1024.0,872.0,954.0,914,850,881,916,1042,1182.0,1077,855,771.0,708.0,528.0,332.0
55432,2011-05-21T00:00:00Z,2011,5,6,False,False,18293,367.0,210.0,151.0,94.0,98.0,177,456,745,959.0,1027.0,1202.0,1130.0,1169,1155,1210,1110,1063,1059.0,1043,998,786.0,645.0,758.0,681.0
55432,2011-05-23T00:00:00Z,2011,5,1,False,False,14935,90.0,62.0,26.0,57.0,67.0,281,742,985,1025.0,883.0,874.0,863.0,813,850,854,906,1006,1120.0,996,732,619.0,526.0,369.0,189.0
55432,2011-05-25T00:00:00Z,2011,5,3,False,False,15595,106.0,54.0,37.0,37.0,64.0,300,770,996,1085.0,987.0,893.0,849.0,893,885,882,943,918,1022.0,991,799,637.0,557.0,621.0,269.0
55432,2011-05-26T00:00:00Z,2011,5,4,False,False,16312,147.0,71.0,62.0,61.0,88.0,306,765,981,1071.0,960.0,906.0,876.0,897,929,910,1050,1074,1156.0,1157,1033,832.0,719.0,226.0,35.0
55432,2011-06-02T00:00:00Z,2011,6,4,False,False,16520,155.0,104.0,50.0,50.0,69.0,286,747,1041,1015.0,964.0,940.0,883.0,862,865,955,1054,1010,1127.0,1099,873,783.0,670.0,570.0,348.0
55432,2011-06-06T00:00:00Z,2011,6,1,False,False,14643,110.0,48.0,40.0,65.0,70.0,296,752,940,1001.0,791.0,858.0,822.0,807,809,864,890,981,1124.0,979,777,562.0,527.0,348.0,182.0
55432,2011-06-07T00:00:00Z,2011,6,2,False,False,15622,105.0,57.0,35.0,47.0,64.0,326,801,973,1012.0,921.0,830.0,887.0,834,824,930,939,981,1091.0,995,871,697.0,628.0,468.0,306.0
55432,2011-06-17T00:00:00Z,2011,6,5,False,False,16922,168.0,81.0,62.0,59.0,75.0,272,758,1068,1061.0,1021.0,1068.0,1060.0,994,1002,936,1036,1026,1032.0,1033,826,633.0,569.0,565.0,517.0
55432,2011-06-20T00:00:00Z,2011,6,1,False,False,14850,107.0,56.0,36.0,47.0,63.0,271,794,1026,1017.0,883.0,831.0,812.0,809,774,895,884,937,1113.0,1028,742,656.0,529.0,363.0,177.0
55432,2011-06-24T00:00:00Z,2011,6,5,False,False,16523,183.0,86.0,63.0,50.0,90.0,310,808,967,1052.0,958.0,925.0,927.0,936,926,985,954,981,1079.0,1018,850,695.0,547.0,616.0,517.0
55432,2011-06-25T00:00:00Z,2011,6,6,False,False,16665,370.0,207.0,143.0,91.0,81.0,143,454,699,861.0,940.0,1054.0,1099.0,1089,1181,1176,1062,938,955.0,926,808,633.0,533.0,645.0,577.0
55432,2011-07-06T00:00:00Z,2011,7,3,False,True,15378,128.0,48.0,31.0,47.0,58.0,305,808,880,935.0,983.0,931.0,980.0,935,853,861,788,952,1082.0,1020,766,544.0,549.0,583.0,311.0
55432,2011-07-12T00:00:00Z,2011,7,2,False,True,15091,103.0,50.0,41.0,54.0,59.0,266,799,853,950.0,933.0,887.0,908.0,827,837,805,815,1027,1079.0,1036,814,637.0,568.0,444.0,299.0
55432,2011-07-19T00:00:00Z,2011,7,2,False,False,15130,110.0,58.0,29.0,43.0,58.0,297,798,977,1028.0,959.0,905.0,841.0,807,837,851,961,886,1096.0,942,816,609.0,579.0,418.0,225.0
55432,2011-07-23T00:00:00Z,2011,7,6,False,False,15934,365.0,166.0,112.0,105.0,102.0,161,333,524,779.0,924.0,1015.0,1160.0,1191,1215,1103,983,930,793.0,829,763,673.0,520.0,575.0,613.0
55432,2011-07-26T00:00:00Z,2011,7,2,False,False,15986,111.0,53.0,38.0,54.0,61.0,295,823,981,1051.0,932.0,888.0,849.0,952,847,900,909,1006,1145.0,1068,944,717.0,627.0,485.0,250.0
55432,2011-07-29T00:00:00Z,2011,7,5,False,False,16396,206.0,95.0,68.0,61.0,79.0,300,793,1004,1033.0,984.0,919.0,917.0,928,897,899,982,1073,1088.0,931,871,655.0,559.0,544.0,510.0
55432,2011-07-31T00:00:00Z,2011,7,7,False,False,14405,417.0,254.0,169.0,131.0,104.0,133,237,407,567.0,829.0,908.0,978.0,1086,1077,1066,940,980,928.0,807,654,573.0,568.0,398.0,194.0
55432,2011-01-22T00:00:00Z,2011,1,6,False,True,17136,309.0,165.0,141.0,119.0,92.0,173,500,720,954.0,1001.0,1086.0,1101.0,1354,1185,1099,1031,1033,914.0,937,867,691.0,594.0,563.0,507.0
55432,2011-01-23T00:00:00Z,2011,1,7,False,True,16046,363.0,237.0,157.0,107.0,91.0,148,238,401,655.0,945.0,1087.0,1209.0,1382,1126,1163,1224,893,912.0,839,684,650.0,601.0,538.0,396.0
55432,2011-01-26T00:00:00Z,2011,1,3,True,True,14934,268.0,138.0,123.0,95.0,88.0,165,350,549,744.0,915.0,1156.0,1170.0,1332,1008,814,786,745,761.0,769,682,575.0,608.0,639.0,454.0
55432,2011-01-30T00:00:00Z,2011,1,7,False,False,15895,386.0,237.0,164.0,129.0,147.0,158,251,417,640.0,892.0,1063.0,1091.0,1287,1240,1162,1070,1074,988.0,884,765,633.0,519.0,426.0,272.0
55432,2011-02-11T00:00:00Z,2011,2,5,False,False,17210,166.0,87.0,63.0,59.0,89.0,312,846,1011,997.0,975.0,1006.0,964.0,974,989,982,1073,1022,1078.0,1056,886,794.0,594.0,650.0,537.0
55432,2011-02-18T00:00:00Z,2011,2,5,False,False,17491,223.0,83.0,73.0,60.0,90.0,345,902,1000,1080.0,1034.0,944.0,941.0,1017,948,953,1032,948,1061.0,1073,943,802.0,705.0,685.0,549.0
55432,2011-02-19T00:00:00Z,2011,2,6,False,False,18748,361.0,198.0,135.0,87.0,87.0,196,534,770,1104.0,1198.0,1161.0,1174.0,1240,1300,1253,1193,1089,1054.0,971,942,809.0,639.0,634.0,619.0
55432,2011-02-20T00:00:00Z,2011,2,7,False,False,16088,409.0,250.0,149.0,118.0,116.0,139,249,439,741.0,998.0,1097.0,1136.0,1174,1079,1095,1050,1062,1023.0,1004,771,617.0,602.0,484.0,286.0
55432,2011-02-23T00:00:00Z,2011,2,3,False,False,16802,142.0,64.0,46.0,55.0,80.0,319,809,1021,1035.0,985.0,876.0,857.0,934,864,971,953,1059,1219.0,1122,939,835.0,706.0,573.0,338.0
55432,2011-02-27T00:00:00Z,2011,2,7,False,False,15400,362.0,285.0,160.0,140.0,113.0,145,255,425,637.0,827.0,946.0,1000.0,1111,1128,1041,1041,1011,1029.0,988,703,641.0,610.0,489.0,313.0
55432,2011-03-04T00:00:00Z,2011,3,5,False,False,17085,153.0,106.0,58.0,51.0,94.0,313,814,1002,1028.0,994.0,938.0,960.0,956,1034,968,1066,1034,1044.0,1065,921,720.0,636.0,617.0,513.0
55432,2011-03-10T00:00:00Z,2011,3,4,False,False,18654,145.0,85.0,53.0,75.0,86.0,327,841,1006,1059.0,980.0,976.0,869.0,902,1107,1285,1140,1129,1266.0,1301,1182,885.0,716.0,721.0,518.0
55432,2011-09-08T00:00:00Z,2011,9,4,False,False,15684,135.0,71.0,62.0,65.0,72.0,331,865,935,935.0,825.0,882.0,893.0,907,864,828,913,914,1046.0,938,849,741.0,746.0,544.0,323.0
55432,2011-09-11T00:00:00Z,2011,9,7,False,False,14884,420.0,227.0,169.0,224.0,117.0,143,271,412,594.0,808.0,997.0,1188.0,1240,1137,976,1018,961,879.0,811,623,587.0,488.0,377.0,217.0
55432,2011-09-14T00:00:00Z,2011,9,3,False,False,16239,112.0,72.0,35.0,46.0,113.0,357,902,991,982.0,991.0,1005.0,952.0,968,899,1041,920,1003,1052.0,885,847,676.0,625.0,464.0,301.0
55432,2011-09-16T00:00:00Z,2011,9,5,False,False,16907,197.0,94.0,70.0,54.0,89.0,361,861,997,1017.0,951.0,892.0,913.0,935,944,983,1017,1064,1066.0,1037,1005,653.0,564.0,610.0,533.0
55432,2011-09-18T00:00:00Z,2011,9,7,False,False,11865,389.0,248.0,170.0,115.0,165.0,359,482,36,20.0,30.0,22.0,567.0,1130,1196,1010,992,924,825.0,845,651,581.0,533.0,375.0,200.0
55432,2011-09-27T00:00:00Z,2011,9,2,False,True,15307,121.0,61.0,47.0,52.0,76.0,356,843,888,965.0,817.0,950.0,880.0,988,866,854,846,900,1043.0,956,797,646.0,647.0,437.0,271.0
55432,2011-09-29T00:00:00Z,2011,9,4,False,True,15715,155.0,79.0,59.0,50.0,80.0,326,831,883,937.0,850.0,942.0,871.0,957,920,855,936,923,1037.0,964,835,694.0,622.0,546.0,363.0
55432,2011-09-30T00:00:00Z,2011,9,5,False,True,15918,177.0,101.0,69.0,57.0,98.0,322,810,844,920.0,922.0,953.0,975.0,930,903,968,915,958,931.0,789,812,768.0,612.0,580.0,504.0
55432,2011-10-04T00:00:00Z,2011,10,2,False,True,14998,116.0,73.0,46.0,55.0,101.0,296,765,896,809.0,880.0,857.0,831.0,924,881,820,847,959,1116.0,1029,831,669.0,571.0,418.0,208.0
55432,2011-10-07T00:00:00Z,2011,10,5,False,True,16828,166.0,91.0,56.0,66.0,71.0,306,818,890,978.0,933.0,1110.0,1038.0,1021,1018,1031,995,1053,1008.0,936,864,738.0,610.0,561.0,470.0
55432,2011-10-08T00:00:00Z,2011,10,6,False,True,16586,323.0,196.0,133.0,110.0,91.0,184,424,681,976.0,1082.0,1133.0,1108.0,1126,1125,1056,1036,956,918.0,837,757,621.0,581.0,562.0,570.0
55432,2011-10-13T00:00:00Z,2011,10,4,False,False,16233,144.0,64.0,71.0,60.0,88.0,339,876,986,907.0,870.0,945.0,872.0,929,884,914,909,1011,1139.0,1008,905,735.0,676.0,531.0,370.0
55432,2011-10-16T00:00:00Z,2011,10,7,False,False,15027,432.0,260.0,167.0,153.0,116.0,151,226,407,665.0,841.0,995.0,1127.0,1209,1106,1069,1028,913,868.0,891,534,511.0,631.0,474.0,253.0
55432,2011-10-21T00:00:00Z,2011,10,5,False,False,17024,195.0,91.0,63.0,79.0,77.0,344,832,983,1046.0,1002.0,988.0,1034.0,1010,1049,966,1026,1005,972.0,924,828,736.0,622.0,590.0,562.0
55432,2011-10-23T00:00:00Z,2011,10,7,False,False,15306,424.0,259.0,158.0,148.0,128.0,206,289,429,653.0,823.0,904.0,1166.0,1212,1232,1152,1018,941,892.0,826,588,498.0,589.0,479.0,292.0
55432,2011-11-05T00:00:00Z,2011,11,6,False,False,18140,375.0,182.0,123.0,113.0,102.0,196,501,783,1041.0,1169.0,1154.0,1299.0,1149,1197,1279,1123,1083,976.0,909,828,713.0,621.0,623.0,601.0
55432,2011-11-06T00:00:00Z,2011,11,7,False,False,16645,428.0,218.0,148.0,129.0,111.0,171,296,488,745.0,956.0,1072.0,1320.0,1222,1399,1247,1165,1207,869.0,820,672,674.0,605.0,427.0,256.0
55432,2011-11-09T00:00:00Z,2011,11,3,False,False,16321,114.0,62.0,47.0,47.0,95.0,359,855,1010,1052.0,903.0,1011.0,987.0,912,894,993,901,948,1019.0,956,801,723.0,620.0,605.0,407.0
55432,2011-11-10T00:00:00Z,2011,11,4,False,False,16908,168.0,64.0,64.0,68.0,87.0,383,856,950,1027.0,915.0,905.0,952.0,922,960,899,927,1053,1176.0,1035,974,727.0,807.0,575.0,414.0
55432,2011-11-25T00:00:00Z,2011,11,5,False,False,16437,202.0,110.0,74.0,70.0,97.0,323,750,958,981.0,888.0,895.0,929.0,960,903,946,964,985,981.0,960,897,768.0,618.0,619.0,559.0
55432,2011-11-30T00:00:00Z,2011,11,3,False,False,16823,146.0,79.0,49.0,56.0,95.0,397,921,1072,1015.0,955.0,973.0,919.0,884,931,918,966,882,1218.0,1096,893,727.0,828.0,466.0,337.0
55432,2011-03-14T00:00:00Z,2011,3,1,False,False,16009,111.0,44.0,37.0,46.0,69.0,292,832,997,1113.0,985.0,977.0,861.0,884,818,934,999,1041,1223.0,1080,822,641.0,582.0,426.0,195.0
55432,2011-03-20T00:00:00Z,2011,3,7,False,False,14962,427.0,259.0,168.0,128.0,113.0,133,175,239,399.0,653.0,811.0,892.0,1084,1166,1170,993,945,1031.0,1056,906,787.0,586.0,516.0,325.0
55432,2011-04-10T00:00:00Z,2011,4,7,False,True,14555,456.0,252.0,164.0,128.0,101.0,142,254,418,699.0,1086.0,1220.0,1283.0,1181,908,804,950,919,557.0,729,692,585.0,472.0,379.0,176.0
55432,2011-04-12T00:00:00Z,2011,4,2,False,True,16414,101.0,60.0,52.0,56.0,72.0,335,819,898,937.0,961.0,1081.0,1003.0,964,884,880,962,995,1142.0,1117,896,725.0,661.0,492.0,321.0
55432,2011-04-20T00:00:00Z,2011,4,3,False,True,16832,155.0,68.0,56.0,52.0,76.0,310,814,968,988.0,1031.0,1092.0,1001.0,951,942,923,974,1020,1068.0,1018,873,778.0,707.0,573.0,394.0
55432,2011-04-21T00:00:00Z,2011,4,4,False,True,16868,190.0,86.0,49.0,62.0,83.0,329,792,892,940.0,1021.0,1033.0,1034.0,1006,1022,953,1015,1065,1031.0,990,901,745.0,683.0,520.0,426.0
55432,2011-04-22T00:00:00Z,2011,4,5,True,True,13920,278.0,181.0,107.0,103.0,85.0,153,274,347,446.0,746.0,983.0,1077.0,1172,1033,961,812,855,923.0,1010,664,482.0,424.0,489.0,315.0
55432,2011-04-24T00:00:00Z,2011,4,7,True,True,12729,303.0,179.0,211.0,345.0,298.0,305,361,248,388.0,589.0,785.0,912.0,977,826,762,735,731,697.0,774,615,548.0,484.0,384.0,272.0
55432,2011-04-26T00:00:00Z,2011,4,2,True,False,12654,184.0,105.0,71.0,57.0,73.0,105,221,340,414.0,653.0,789.0,969.0,1049,1017,949,981,863,817.0,718,587,529.0,508.0,416.0,239.0
55432,2011-04-28T00:00:00Z,2011,4,4,False,False,15443,127.0,71.0,45.0,55.0,78.0,271,730,945,982.0,843.0,871.0,820.0,852,831,897,895,988,1142.0,1037,814,714.0,572.0,544.0,319.0
55432,2011-05-01T00:00:00Z,2011,5,7,False,False,14898,437.0,245.0,169.0,120.0,105.0,133,236,347,570.0,810.0,920.0,1025.0,1220,1218,1090,1009,982,901.0,887,678,616.0,564.0,402.0,214.0
55432,2011-05-09T00:00:00Z,2011,5,1,False,False,15085,105.0,40.0,35.0,53.0,79.0,298,735,1048,1004.0,860.0,896.0,830.0,871,845,857,903,956,1174.0,1062,724,629.0,480.0,416.0,185.0
55432,2011-05-11T00:00:00Z,2011,5,3,False,False,16370,110.0,54.0,42.0,50.0,83.0,335,845,1062,1088.0,965.0,892.0,884.0,920,906,922,963,1006,964.0,1088,909,726.0,708.0,560.0,288.0
55432,2011-05-12T00:00:00Z,2011,5,4,False,False,16528,148.0,64.0,7.0,0.0,0.0,228,742,956,990.0,931.0,944.0,871.0,933,953,970,1052,1081,1134.0,1166,923,793.0,698.0,577.0,367.0
55432,2011-05-15T00:00:00Z,2011,5,7,False,False,15405,493.0,275.0,174.0,121.0,109.0,142,241,363,594.0,921.0,1037.0,1142.0,1288,1188,1136,1067,983,1002.0,847,660,502.0,494.0,398.0,228.0
55432,2011-12-02T00:00:00Z,2011,12,5,False,False,17336,227.0,132.0,73.0,79.0,99.0,346,869,1006,991.0,906.0,992.0,995.0,963,1071,1049,951,922,955.0,999,1060,976.0,802.0,296.0,577.0
55432,2011-12-07T00:00:00Z,2011,12,3,False,False,16067,166.0,74.0,47.0,57.0,76.0,340,767,1049,971.0,969.0,919.0,891.0,932,868,931,846,850,1050.0,874,903,751.0,711.0,608.0,417.0
55432,2011-12-12T00:00:00Z,2011,12,1,False,False,14777,125.0,52.0,45.0,49.0,79.0,301,700,951,942.0,848.0,842.0,857.0,900,831,845,873,924,1098.0,941,725,650.0,511.0,432.0,256.0
55432,2011-12-14T00:00:00Z,2011,12,3,False,False,16759,166.0,90.0,45.0,57.0,89.0,355,875,975,1050.0,847.0,912.0,1013.0,895,908,928,943,1054,1069.0,1051,897,742.0,771.0,638.0,389.0
55432,2011-12-18T00:00:00Z,2011,12,7,False,False,14755,471.0,272.0,172.0,146.0,126.0,180,259,348,604.0,751.0,934.0,983.0,1130,1063,1066,968,966,916.0,826,714,567.0,553.0,469.0,271.0
55432,2011-12-19T00:00:00Z,2011,12,1,False,False,14595,144.0,73.0,65.0,54.0,86.0,297,741,878,907.0,782.0,879.0,955.0,899,893,863,853,908,938.0,891,697,591.0,487.0,441.0,273.0
55432,2011-12-27T00:00:00Z,2011,12,2,True,True,12538,111.0,105.0,90.0,71.0,68.0,130,250,311,386.0,566.0,699.0,900.0,977,921,869,877,817,1072.0,932,623,528.0,484.0,451.0,300.0
55432,2011-12-28T00:00:00Z,2011,12,3,False,True,12700,141.0,86.0,47.0,51.0,84.0,177,373,484,598.0,674.0,801.0,902.0,934,962,931,724,739,703.0,679,605,580.0,607.0,464.0,354.0
55432,2011-12-30T00:00:00Z,2011,12,5,False,True,13170,196.0,111.0,73.0,72.0,86.0,188,369,458,523.0,658.0,867.0,895.0,1102,911,924,845,764,721.0,652,678,640.0,543.0,505.0,389.0
55432,2011-12-31T00:00:00Z,2011,12,6,False,True,12496,255.0,142.0,98.0,85.0,96.0,139,251,381,507.0,604.0,697.0,886.0,907,852,762,862,800,747.0,765,653,591.0,563.0,487.0,366.0
55432,2011-08-19T00:00:00Z,2011,8,5,False,False,15959,158.0,92.0,63.0,63.0,85.0,303,754,1031,1025.0,957.0,997.0,899.0,921,962,947,998,896,760.0,845,758,720.0,561.0,657.0,507.0
55432,2011-08-22T00:00:00Z,2011,8,1,False,False,14790,119.0,57.0,41.0,50.0,74.0,284,793,960,944.0,873.0,907.0,889.0,756,858,898,932,936,1077.0,943,698,590.0,564.0,347.0,200.0
55432,2011-08-23T00:00:00Z,2011,8,2,False,False,15713,82.0,48.0,39.0,46.0,73.0,332,868,981,1020.0,923.0,845.0,880.0,862,908,926,917,1003,1040.0,1032,914,671.0,640.0,447.0,216.0
55432,2011-09-03T00:00:00Z,2011,9,6,False,False,17424,353.0,205.0,140.0,112.0,90.0,194,488,690,953.0,1079.0,1146.0,1187.0,1159,1195,1231,1226,1087,992.0,878,634,711.0,560.0,539.0,575.0
55432,2011-09-04T00:00:00Z,2011,9,7,False,False,14984,371.0,221.0,176.0,126.0,101.0,132,255,356,576.0,783.0,893.0,1048.0,1232,1145,1040,1023,993,990.0,980,688,662.0,543.0,425.0,225.0
55432,2011-09-07T00:00:00Z,2011,9,3,False,False,16037,123.0,68.0,49.0,59.0,89.0,343,770,1044,1026.0,917.0,961.0,900.0,897,911,885,935,1073,1042.0,823,929,703.0,733.0,485.0,272.0
55432,2011-01-07T00:00:00Z,2011,1,5,False,True,15464,170.0,80.0,60.0,57.0,90.0,249,595,701,872.0,977.0,920.0,904.0,901,892,895,882,910,979.0,947,924,799.0,669.0,545.0,446.0
55432,2011-01-12T00:00:00Z,2011,1,3,False,True,15236,114.0,50.0,57.0,48.0,69.0,278,723,817,827.0,899.0,927.0,927.0,914,923,870,891,942,1109.0,1030,727,596.0,636.0,548.0,314.0
55432,2011-01-13T00:00:00Z,2011,1,4,False,True,15484,192.0,85.0,53.0,60.0,67.0,268,715,791,869.0,847.0,885.0,923.0,875,916,898,874,936,1130.0,1168,785,654.0,592.0,539.0,362.0
55432,2011-01-21T00:00:00Z,2011,1,5,False,True,16879,207.0,96.0,57.0,64.0,77.0,268,757,942,978.0,869.0,1027.0,1024.0,984,991,988,979,1031,1122.0,1027,900,734.0,600.0,686.0,471.0
55432,2011-01-24T00:00:00Z,2011,1,1,False,True,15279,151.0,64.0,45.0,49.0,70.0,269,792,874,872.0,923.0,951.0,983.0,908,946,865,869,936,1044.0,1047,731,686.0,536.0,417.0,251.0
55432,2011-01-17T00:00:00Z,2011,1,1,False,True,14856,141.0,67.0,43.0,45.0,94.0,293,719,820,877.0,911.0,891.0,935.0,975,931,829,835,946,1142.0,1015,676,590.0,483.0,379.0,219.0
55432,2011-12-13T00:00:00Z,2011,12,2,False,False,16432,128.0,66.0,59.0,59.0,81.0,343,822,935,1062.0,938.0,927.0,935.0,926,870,936,992,936,1152.0,1058,940,689.0,654.0,583.0,341.0
55432,2011-02-09T00:00:00Z,2011,2,3,False,False,16892,143.0,67.0,36.0,45.0,71.0,313,780,1069,1030.0,975.0,931.0,914.0,855,883,903,916,1043,1217.0,1235,957,785.0,732.0,611.0,381.0
55432,2011-02-10T00:00:00Z,2011,2,4,False,False,16674,191.0,76.0,49.0,43.0,82.0,285,824,1042,1021.0,972.0,875.0,829.0,894,862,864,981,973,1208.0,1097,1007,837.0,696.0,555.0,411.0
55432,2011-02-15T00:00:00Z,2011,2,2,False,False,16250,145.0,77.0,46.0,41.0,66.0,319,868,1004,943.0,910.0,861.0,858.0,913,876,942,918,1007,1180.0,1147,901,772.0,676.0,466.0,314.0
55432,2011-02-22T00:00:00Z,2011,2,2,False,False,16184,117.0,56.0,44.0,46.0,73.0,324,840,1011,1003.0,898.0,860.0,918.0,849,848,877,999,948,1062.0,1192,1007,790.0,669.0,491.0,262.0
55432,2011-02-25T00:00:00Z,2011,2,5,False,False,17304,168.0,116.0,68.0,65.0,83.0,333,833,993,967.0,1000.0,995.0,923.0,968,963,1018,988,1036,1087.0,1056,951,847.0,645.0,667.0,534.0
55432,2011-03-05T00:00:00Z,2011,3,6,False,False,18766,392.0,193.0,140.0,105.0,92.0,165,481,706,997.0,994.0,1071.0,1059.0,1188,1150,1069,1053,1035,1159.0,1126,995,860.0,762.0,937.0,1037.0
55432,2011-03-08T00:00:00Z,2011,3,2,False,False,16959,113.0,55.0,40.0,51.0,79.0,298,866,925,1047.0,1018.0,965.0,1022.0,919,891,923,1020,1100,1144.0,1140,991,865.0,685.0,504.0,298.0
55432,2011-03-09T00:00:00Z,2011,3,3,False,False,17075,128.0,67.0,35.0,40.0,68.0,323,824,1032,1120.0,970.0,952.0,896.0,926,882,950,1008,1113,1165.0,1089,934,780.0,789.0,595.0,389.0
55432,2011-03-11T00:00:00Z,2011,3,5,False,False,17785,184.0,84.0,58.0,61.0,106.0,332,832,1046,1047.0,976.0,938.0,1001.0,983,1032,1020,1037,1171,1240.0,1129,934,789.0,654.0,586.0,545.0
55432,2011-03-16T00:00:00Z,2011,3,3,False,False,16747,128.0,60.0,31.0,46.0,67.0,317,764,1066,1139.0,960.0,922.0,938.0,940,951,967,922,966,1102.0,1099,965,817.0,754.0,544.0,282.0
55432,2011-03-17T00:00:00Z,2011,3,4,False,False,17397,158.0,73.0,55.0,59.0,82.0,311,862,998,1074.0,1010.0,921.0,945.0,922,950,957,969,1049,1174.0,1152,1012,799.0,790.0,597.0,478.0
55432,2011-03-22T00:00:00Z,2011,3,2,False,False,16433,91.0,48.0,45.0,50.0,60.0,299,836,976,1034.0,960.0,920.0,891.0,897,870,952,969,1034,1161.0,1154,928,787.0,697.0,485.0,289.0
55432,2011-03-26T00:00:00Z,2011,3,6,False,False,16551,386.0,207.0,124.0,121.0,86.0,179,439,693,966.0,973.0,1020.0,1039.0,1013,1033,1039,1037,1085,874.0,929,851,700.0,570.0,568.0,619.0
55432,2011-04-05T00:00:00Z,2011,4,2,False,False,16321,86.0,48.0,42.0,40.0,81.0,372,769,1025,1075.0,943.0,982.0,941.0,878,846,894,947,1051,1159.0,1083,935,798.0,624.0,452.0,250.0
55432,2011-04-06T00:00:00Z,2011,4,3,False,False,17485,125.0,45.0,42.0,42.0,84.0,330,828,1078,1090.0,950.0,1031.0,963.0,976,922,974,990,1066,1190.0,1145,1152,789.0,769.0,569.0,335.0
55432,2011-04-09T00:00:00Z,2011,4,6,False,True,18225,362.0,186.0,118.0,113.0,87.0,174,518,755,931.0,1174.0,1124.0,1278.0,1388,1238,1147,1136,998,1019.0,1013,937,746.0,578.0,637.0,568.0
55432,2011-04-11T00:00:00Z,2011,4,1,False,True,15288,30.0,48.0,39.0,51.0,67.0,314,765,909,922.0,937.0,1005.0,983.0,976,883,862,842,1022,1081.0,989,770,629.0,535.0,409.0,220.0
55432,2011-04-29T00:00:00Z,2011,4,5,False,False,16555,149.0,87.0,52.0,55.0,84.0,292,706,960,1059.0,980.0,867.0,896.0,928,802,985,1060,1033,1188.0,1118,889,633.0,519.0,672.0,541.0
55432,2011-05-07T00:00:00Z,2011,5,6,False,False,17935,376.0,231.0,151.0,123.0,87.0,167,468,753,943.0,1144.0,1129.0,1158.0,1191,1159,1126,1070,1156,1064.0,1055,925,681.0,596.0,603.0,579.0
55432,2011-05-08T00:00:00Z,2011,5,7,False,False,14822,433.0,247.0,176.0,137.0,95.0,130,218,351,599.0,764.0,956.0,1066.0,1263,1120,978,1024,953,905.0,924,698,646.0,533.0,418.0,188.0
55432,2011-05-13T00:00:00Z,2011,5,5,False,False,16978,164.0,73.0,40.0,55.0,83.0,317,777,1048,1090.0,1001.0,926.0,993.0,957,924,993,1040,1046,1118.0,1048,821,665.0,615.0,637.0,547.0
55432,2011-05-19T00:00:00Z,2011,5,4,False,False,16484,151.0,80.0,44.0,50.0,76.0,296,782,1011,1088.0,911.0,957.0,898.0,892,877,897,1019,994,1080.0,1066,956,781.0,640.0,594.0,344.0
55432,2011-05-29T00:00:00Z,2011,5,7,False,False,14188,412.0,249.0,170.0,113.0,134.0,131,227,396,504.0,734.0,815.0,1050.0,1073,1041,987,1002,975,933.0,884,621,589.0,527.0,377.0,244.0
55432,2011-06-08T00:00:00Z,2011,6,3,False,False,15762,114.0,65.0,44.0,45.0,70.0,310,783,967,1062.0,934.0,903.0,890.0,861,855,929,882,948,1024.0,1011,804,720.0,665.0,527.0,349.0
55432,2011-06-16T00:00:00Z,2011,6,4,False,False,16087,189.0,95.0,55.0,63.0,75.0,252,733,949,1060.0,684.0,860.0,934.0,908,919,903,965,1113,1093.0,1019,860,793.0,676.0,553.0,336.0
55432,2011-06-18T00:00:00Z,2011,6,6,False,False,17735,333.0,176.0,131.0,83.0,92.0,148,474,771,1029.0,1183.0,1212.0,1177.0,1243,1255,1153,1063,1012,999.0,974,829,706.0,501.0,618.0,573.0
55432,2011-06-19T00:00:00Z,2011,6,7,False,False,15072,389.0,221.0,161.0,104.0,105.0,126,232,354,570.0,927.0,1091.0,1120.0,1242,1186,1120,1091,996,947.0,814,625,571.0,516.0,353.0,211.0
55432,2011-06-21T00:00:00Z,2011,6,2,False,False,14188,110.0,50.0,46.0,49.0,63.0,310,786,989,1035.0,916.0,912.0,819.0,913,864,910,966,1100,1090.0,1063,797,154.0,170.0,47.0,29.0
55432,2011-06-22T00:00:00Z,2011,6,3,False,False,16128,11.0,29.0,37.0,52.0,69.0,276,776,1018,1015.0,931.0,903.0,881.0,927,886,847,938,964,1163.0,1027,905,755.0,742.0,600.0,376.0
55432,2011-06-28T00:00:00Z,2011,6,2,False,False,14972,114.0,52.0,35.0,56.0,69.0,289,753,945,989.0,911.0,871.0,798.0,797,855,868,866,941,1091.0,977,803,600.0,551.0,482.0,259.0
55432,2011-06-30T00:00:00Z,2011,6,4,False,False,15807,154.0,68.0,48.0,60.0,69.0,294,767,929,953.0,918.0,836.0,889.0,925,838,879,889,1038,1069.0,1007,876,681.0,671.0,585.0,364.0
55432,2011-07-04T00:00:00Z,2011,7,1,False,True,14268,106.0,58.0,44.0,44.0,62.0,279,748,861,860.0,868.0,851.0,735.0,840,821,834,833,937,1053.0,1107,719,584.0,494.0,341.0,189.0
55432,2011-07-05T00:00:00Z,2011,7,2,False,True,14821,105.0,54.0,36.0,45.0,68.0,303,823,872,934.0,884.0,840.0,875.0,815,827,842,810,898,998.0,1006,809,649.0,608.0,481.0,239.0
55432,2011-07-14T00:00:00Z,2011,7,4,False,True,16059,151.0,77.0,46.0,51.0,61.0,289,791,889,918.0,861.0,989.0,971.0,937,836,907,912,974,1167.0,1047,899,706.0,670.0,552.0,358.0
55432,2011-07-15T00:00:00Z,2011,7,5,False,True,15168,161.0,81.0,57.0,55.0,62.0,277,747,855,886.0,862.0,889.0,890.0,889,914,878,863,848,921.0,1016,770,696.0,575.0,523.0,453.0
55432,2011-07-18T00:00:00Z,2011,7,1,False,False,14435,99.0,47.0,28.0,43.0,60.0,282,755,883,887.0,882.0,852.0,856.0,847,872,811,883,920,1033.0,1034,713,597.0,531.0,349.0,171.0
55432,2011-07-22T00:00:00Z,2011,7,5,False,False,15610,156.0,105.0,70.0,55.0,79.0,275,657,912,1023.0,952.0,840.0,867.0,891,847,919,966,929,1041.0,993,818,651.0,569.0,528.0,467.0
55432,2011-08-04T00:00:00Z,2011,8,4,False,False,16373,148.0,78.0,54.0,60.0,77.0,296,837,874,941.0,960.0,949.0,883.0,911,932,885,945,1036,1086.0,1104,910,769.0,742.0,548.0,348.0
55432,2011-08-05T00:00:00Z,2011,8,5,False,False,16896,159.0,82.0,55.0,55.0,78.0,325,844,923,1011.0,941.0,949.0,907.0,904,939,961,1082,1134,1132.0,1030,992,723.0,586.0,571.0,513.0
55432,2011-08-06T00:00:00Z,2011,8,6,False,False,17282,363.0,184.0,114.0,107.0,102.0,149,493,785,1004.0,1079.0,1103.0,1196.0,1170,1185,1063,1032,981,969.0,897,786,703.0,554.0,605.0,658.0
55432,2011-08-12T00:00:00Z,2011,8,5,False,False,16409,147.0,88.0,72.0,69.0,67.0,296,770,942,995.0,1046.0,886.0,871.0,963,874,884,1012,1074,980.0,952,877,756.0,595.0,679.0,514.0
55432,2011-08-17T00:00:00Z,2011,8,3,False,False,15829,119.0,62.0,37.0,55.0,68.0,280,829,1039,1046.0,1018.0,979.0,896.0,864,878,846,979,982,1007.0,914,672,692.0,700.0,547.0,320.0
55432,2011-08-28T00:00:00Z,2011,8,7,False,False,14774,437.0,247.0,178.0,137.0,113.0,111,253,374,543.0,817.0,936.0,1031.0,1242,1085,961,1048,986,964.0,922,639,574.0,512.0,415.0,249.0
55432,2011-08-30T00:00:00Z,2011,8,2,False,False,15839,81.0,43.0,42.0,65.0,77.0,337,866,1060,1052.0,933.0,941.0,904.0,834,848,898,1009,946,1045.0,952,931,669.0,624.0,443.0,239.0
55432,2011-09-01T00:00:00Z,2011,9,4,False,False,16513,139.0,70.0,49.0,63.0,84.0,312,814,975,1038.0,976.0,1015.0,888.0,863,912,876,938,1035,1093.0,1016,894,782.0,747.0,567.0,367.0
55432,2011-09-02T00:00:00Z,2011,9,5,False,False,16316,181.0,96.0,72.0,63.0,78.0,336,821,954,1089.0,904.0,909.0,905.0,928,872,1006,982,1012,965.0,888,871,677.0,634.0,552.0,521.0
55432,2011-09-10T00:00:00Z,2011,9,6,False,False,17049,355.0,194.0,128.0,115.0,103.0,184,452,659,918.0,997.0,1015.0,1011.0,1100,1093,1080,1020,1015,983.0,965,923,702.0,721.0,682.0,634.0
55432,2011-09-13T00:00:00Z,2011,9,2,False,False,15915,119.0,36.0,40.0,40.0,72.0,353,883,978,1032.0,900.0,891.0,896.0,895,907,941,943,984,988.0,1047,911,690.0,667.0,461.0,241.0
55432,2011-09-20T00:00:00Z,2011,9,2,False,False,16093,106.0,53.0,50.0,51.0,71.0,352,910,981,1062.0,929.0,937.0,919.0,896,906,927,1003,1051,1098.0,936,833,656.0,690.0,456.0,220.0
55432,2011-09-25T00:00:00Z,2011,9,7,False,True,12640,416.0,245.0,179.0,125.0,127.0,128,197,309,437.0,697.0,775.0,817.0,927,880,901,858,832,804.0,754,600,548.0,478.0,382.0,224.0
55432,2011-09-26T00:00:00Z,2011,9,1,False,True,14294,100.0,57.0,39.0,48.0,74.0,316,814,925,842.0,816.0,913.0,928.0,890,867,822,861,833,957.0,821,705,558.0,485.0,396.0,227.0
55432,2011-10-10T00:00:00Z,2011,10,1,False,False,15013,128.0,35.0,52.0,58.0,77.0,311,804,980,948.0,914.0,900.0,811.0,833,819,915,889,998,1047.0,965,744,586.0,570.0,392.0,237.0
55432,2011-10-14T00:00:00Z,2011,10,5,False,False,16479,179.0,96.0,60.0,60.0,86.0,356,794,975,964.0,936.0,895.0,855.0,937,917,939,915,982,980.0,987,998,763.0,627.0,617.0,561.0
55432,2011-10-17T00:00:00Z,2011,10,1,False,False,14952,127.0,58.0,44.0,54.0,95.0,319,811,961,940.0,919.0,890.0,777.0,817,862,866,891,923,1094.0,1037,737,618.0,541.0,382.0,189.0
55432,2011-10-22T00:00:00Z,2011,10,6,False,False,17172,366.0,181.0,129.0,91.0,81.0,181,516,697,1032.0,1027.0,1011.0,1221.0,1197,1112,1077,1069,1059,948.0,898,789,752.0,585.0,587.0,566.0
55432,2011-10-29T00:00:00Z,2011,10,6,False,False,16963,358.0,197.0,134.0,119.0,94.0,200,526,758,950.0,1095.0,1079.0,999.0,1078,1098,1027,1048,987,927.0,928,806,740.0,626.0,614.0,575.0
55432,2011-11-03T00:00:00Z,2011,11,4,False,False,16172,133.0,72.0,49.0,57.0,82.0,305,777,950,946.0,969.0,868.0,844.0,930,919,890,940,978,1164.0,1047,864,741.0,678.0,561.0,408.0
55432,2011-11-20T00:00:00Z,2011,11,7,False,False,15786,435.0,236.0,144.0,111.0,138.0,175,322,491,817.0,947.0,1147.0,1150.0,1182,1279,1204,1062,955,865.0,827,616,567.0,512.0,373.0,231.0
55432,2011-11-23T00:00:00Z,2011,11,3,False,False,15367,133.0,56.0,43.0,54.0,81.0,327,734,940,909.0,866.0,780.0,779.0,906,822,863,897,948,993.0,957,857,717.0,755.0,607.0,343.0
55432,2011-11-28T00:00:00Z,2011,11,1,False,False,15602,134.0,64.0,71.0,65.0,81.0,371,865,959,958.0,899.0,922.0,937.0,897,931,922,902,878,1074.0,1048,765,640.0,579.0,406.0,234.0
55432,2011-11-29T00:00:00Z,2011,11,2,False,False,16253,113.0,48.0,52.0,71.0,88.0,393,880,966,946.0,1003.0,912.0,932.0,956,857,936,969,862,1015.0,1023,900,815.0,643.0,515.0,358.0
55432,2011-12-04T00:00:00Z,2011,12,7,False,False,16691,423.0,237.0,182.0,135.0,121.0,193,298,450,707.0,947.0,1007.0,1051.0,1112,1080,1177,1158,1253,994.0,1049,752,631.0,669.0,682.0,383.0
55432,2011-12-06T00:00:00Z,2011,12,2,False,False,15536,111.0,52.0,35.0,63.0,71.0,331,808,936,1010.0,902.0,889.0,831.0,855,798,892,933,893,1074.0,1019,824,717.0,599.0,537.0,356.0
55432,2011-12-08T00:00:00Z,2011,12,4,False,False,16938,195.0,87.0,65.0,45.0,87.0,289,751,962,936.0,873.0,888.0,959.0,975,960,1014,1056,967,991.0,1019,992,907.0,716.0,703.0,501.0
55432,2011-12-11T00:00:00Z,2011,12,7,False,False,14705,474.0,322.0,184.0,133.0,122.0,156,293,465,566.0,877.0,1118.0,1068.0,1195,1060,863,851,884,874.0,768,617,578.0,578.0,442.0,217.0
55432,2011-01-20T00:00:00Z,2011,1,4,False,True,16360,172.0,72.0,69.0,62.0,89.0,261,757,907,944.0,920.0,875.0,949.0,919,910,912,944,1104,1151.0,1198,900,695.0,647.0,549.0,354.0
55432,2011-01-25T00:00:00Z,2011,1,2,False,True,17056,124.0,62.0,34.0,34.0,71.0,282,728,959,905.0,993.0,1051.0,920.0,1024,922,937,975,1041,1129.0,1281,1037,837.0,630.0,609.0,471.0
55432,2011-01-28T00:00:00Z,2011,1,5,False,False,16308,258.0,98.0,48.0,58.0,77.0,262,729,913,931.0,877.0,903.0,859.0,946,865,966,941,983,1029.0,1074,1019,760.0,612.0,632.0,468.0
55432,2012-12-24T00:00:00Z,2012,12,1,False,True,10952,151.0,107.0,87.0,63.0,97.0,205,435,579,,738.0,807.0,914.0,905,860,795,683,653,590.0,502,445,344.0,353.0,339.0,300.0
55432,2012-09-20T00:00:00Z,2012,9,4,False,False,14987,126.0,76.0,61.0,60.0,87.0,378,817,945,,888.0,884.0,897.0,920,858,881,927,958,1044.0,980,932,751.0,713.0,527.0,277.0
55432,2012-03-19T00:00:00Z,2012,3,1,False,False,14835,,56.0,64.0,53.0,94.0,301,724,924,950.0,871.0,895.0,830.0,826,834,873,874,990,1054.0,960,817,653.0,590.0,392.0,210.0
55432,2012-11-21T00:00:00Z,2012,11,3,False,False,14425,121.0,56.0,67.0,50.0,85.0,404,848,964,989.0,960.0,904.0,947.0,906,880,937,932,961,1034.0,1059,1321,,,,
55432,2012-10-07T00:00:00Z,2012,10,7,False,True,14213,385.0,195.0,,164.0,153.0,173,247,331,597.0,790.0,917.0,1086.0,801,1031,1143,1073,850,946.0,858,691,553.0,565.0,442.0,222.0
55432,2012-06-20T00:00:00Z,2012,6,3,False,False,12561,109.0,64.0,41.0,52.0,98.0,318,808,981,1015.0,908.0,894.0,846.0,830,833,861,871,860,927.0,990,255,,,,
55432,2012-08-10T00:00:00Z,2012,8,5,False,False,14711,155.0,75.0,56.0,67.0,85.0,331,765,949,972.0,988.0,,880.0,862,940,875,849,895,982.0,874,863,669.0,525.0,555.0,499.0
55432,2012-11-19T00:00:00Z,2012,11,1,False,False,14214,229.0,73.0,57.0,48.0,89.0,397,831,960,942.0,891.0,,855.0,871,820,872,917,929,1025.0,937,724,607.0,582.0,348.0,210.0
55432,2012-09-24T00:00:00Z,2012,9,1,False,True,14344,128.0,68.0,65.0,65.0,82.0,356,836,830,950.0,894.0,840.0,862.0,871,882,830,824,882,957.0,862,685,562.0,489.0,331.0,193.0
55432,2012-10-16T00:00:00Z,2012,10,2,False,False,15783,90.0,69.0,33.0,46.0,81.0,378,835,955,989.0,882.0,895.0,974.0,935,909,919,936,953,934.0,979,916,667.0,664.0,478.0,266.0
55432,2012-01-06T00:00:00Z,2012,1,5,False,True,15113,139.0,91.0,56.0,62.0,99.0,248,570,735,817.0,905.0,957.0,955.0,935,956,901,846,796,967.0,962,812,726.0,523.0,610.0,445.0
55432,2012-01-07T00:00:00Z,2012,1,6,False,True,15041,252.0,149.0,113.0,92.0,87.0,166,378,555,790.0,895.0,1007.0,1130.0,1217,1071,1034,896,903,846.0,768,675,559.0,519.0,491.0,448.0
55432,2012-01-15T00:00:00Z,2012,1,7,False,True,13316,379.0,220.0,149.0,127.0,107.0,132,152,267,376.0,587.0,706.0,886.0,1046,1066,996,979,957,937.0,863,649,542.0,513.0,434.0,246.0
55432,2012-01-16T00:00:00Z,2012,1,1,False,True,13720,102.0,71.0,54.0,55.0,68.0,275,705,750,846.0,881.0,801.0,765.0,817,804,775,809,851,1090.0,935,669,537.0,461.0,398.0,201.0
55432,2012-01-28T00:00:00Z,2012,1,6,False,False,15664,255.0,154.0,96.0,74.0,88.0,168,400,584,800.0,907.0,992.0,991.0,1059,1119,951,985,1049,952.0,835,827,701.0,587.0,525.0,565.0
55432,2012-01-30T00:00:00Z,2012,1,1,False,False,14986,107.0,54.0,55.0,52.0,88.0,301,760,926,962.0,826.0,877.0,910.0,884,835,948,896,883,1087.0,984,781,598.0,554.0,401.0,217.0
55432,2012-01-31T00:00:00Z,2012,1,2,False,False,15406,101.0,73.0,49.0,54.0,91.0,351,842,950,1061.0,869.0,882.0,914.0,840,873,851,923,908,1005.0,1009,857,680.0,591.0,402.0,230.0
55432,2012-02-01T00:00:00Z,2012,2,3,False,False,15178,114.0,51.0,46.0,46.0,84.0,299,790,909,972.0,852.0,827.0,798.0,927,833,882,869,886,990.0,1009,869,691.0,618.0,491.0,325.0
55432,2012-02-03T00:00:00Z,2012,2,5,False,False,16045,154.0,68.0,61.0,64.0,92.0,287,766,891,921.0,886.0,882.0,894.0,838,910,958,995,911,913.0,1032,988,863.0,581.0,586.0,504.0
55432,2012-02-09T00:00:00Z,2012,2,4,False,False,15956,166.0,78.0,56.0,51.0,99.0,329,803,942,1019.0,859.0,851.0,848.0,838,811,944,918,967,1121.0,966,970,736.0,725.0,530.0,329.0
55432,2012-02-02T00:00:00Z,2012,2,4,False,False,15354,206.0,83.0,60.0,57.0,83.0,333,815,959,974.0,845.0,857.0,796.0,883,835,917,868,888,974.0,961,802,678.0,679.0,503.0,298.0
55432,2012-02-04T00:00:00Z,2012,2,6,False,False,16761,315.0,207.0,109.0,97.0,110.0,179,496,664,913.0,974.0,1011.0,969.0,1061,1033,1037,1141,1083,996.0,937,894,722.0,606.0,614.0,593.0
55432,2012-02-05T00:00:00Z,2012,2,7,False,False,16474,410.0,247.0,179.0,110.0,119.0,192,261,445,657.0,917.0,1027.0,1156.0,1336,1237,1243,1193,1192,1054.0,929,762,596.0,504.0,460.0,248.0
55432,2012-02-06T00:00:00Z,2012,2,1,False,False,14356,103.0,71.0,57.0,60.0,105.0,318,737,941,842.0,826.0,809.0,819.0,800,835,828,873,868,1025.0,954,785,601.0,525.0,358.0,216.0
55432,2012-02-07T00:00:00Z,2012,2,2,False,False,15282,106.0,65.0,48.0,45.0,82.0,349,799,890,919.0,838.0,857.0,790.0,787,770,888,936,873,1141.0,1001,882,766.0,629.0,508.0,313.0
55432,2012-02-17T00:00:00Z,2012,2,5,False,False,17197,179.0,82.0,65.0,58.0,102.0,309,791,972,1037.0,922.0,985.0,1010.0,1045,1089,1079,1066,1033,1011.0,1014,876,660.0,637.0,622.0,553.0
55432,2012-02-18T00:00:00Z,2012,2,6,False,False,17313,310.0,188.0,124.0,104.0,106.0,195,457,795,1130.0,1024.0,1073.0,1126.0,1221,1126,1145,1004,969,959.0,963,792,710.0,600.0,625.0,567.0
55432,2012-02-21T00:00:00Z,2012,2,2,False,False,16149,96.0,53.0,51.0,64.0,72.0,301,802,986,1030.0,949.0,924.0,910.0,889,886,873,943,1045,1041.0,1117,878,767.0,714.0,497.0,261.0
55432,2012-02-23T00:00:00Z,2012,2,4,False,False,17458,149.0,86.0,52.0,65.0,79.0,363,827,1003,1019.0,1007.0,1044.0,1025.0,999,995,1051,1004,1048,1068.0,1046,1012,811.0,755.0,586.0,364.0
55432,2012-02-27T00:00:00Z,2012,2,1,False,False,15197,74.0,72.0,50.0,44.0,101.0,332,720,943,1018.0,882.0,906.0,860.0,856,895,900,947,921,1059.0,1004,788,623.0,536.0,404.0,262.0
55432,2012-03-04T00:00:00Z,2012,3,7,False,False,17210,1017.0,625.0,214.0,236.0,379.0,452,554,593,694.0,786.0,858.0,971.0,1150,1131,1103,1141,1052,906.0,827,687,591.0,580.0,347.0,316.0
55432,2012-11-18T00:00:00Z,2012,11,7,False,False,16318,453.0,252.0,174.0,126.0,131.0,152,261,394,608.0,800.0,879.0,1071.0,1155,1164,1090,1119,1005,1030.0,1202,951,638.0,597.0,678.0,388.0
55432,2012-12-05T00:00:00Z,2012,12,3,False,False,15948,132.0,71.0,52.0,49.0,107.0,436,792,945,1043.0,862.0,877.0,856.0,916,860,849,887,920,989.0,878,938,774.0,736.0,604.0,375.0
55432,2012-12-12T00:00:00Z,2012,12,3,False,False,16023,169.0,94.0,47.0,47.0,103.0,396,884,854,918.0,960.0,888.0,905.0,935,907,911,907,954,1072.0,959,851,708.0,626.0,585.0,343.0
55432,2012-12-15T00:00:00Z,2012,12,6,False,False,17405,407.0,254.0,147.0,146.0,121.0,244,592,674,869.0,953.0,1002.0,1009.0,1034,1048,1005,1004,831,1081.0,1096,1136,860.0,591.0,634.0,667.0
55432,2012-12-16T00:00:00Z,2012,12,7,False,False,16090,452.0,262.0,186.0,169.0,139.0,200,260,410,599.0,869.0,1090.0,1147.0,1308,1303,1051,964,945,1059.0,1005,766,596.0,578.0,484.0,248.0
55432,2012-12-17T00:00:00Z,2012,12,1,False,False,15064,138.0,75.0,46.0,53.0,112.0,378,796,863,986.0,855.0,907.0,910.0,959,839,883,880,943,1003.0,935,710,578.0,539.0,432.0,244.0
55432,2012-12-20T00:00:00Z,2012,12,4,False,False,16091,197.0,110.0,71.0,69.0,79.0,393,826,874,935.0,847.0,934.0,972.0,951,951,992,970,888,1048.0,951,782,674.0,573.0,614.0,390.0
55432,2012-12-22T00:00:00Z,2012,12,6,False,True,14053,382.0,231.0,154.0,146.0,123.0,197,428,622,740.0,848.0,803.0,925.0,1047,906,813,795,829,758.0,714,657,524.0,472.0,498.0,441.0
55432,2012-12-23T00:00:00Z,2012,12,7,False,True,13125,344.0,194.0,145.0,110.0,110.0,157,256,366,574.0,747.0,891.0,1001.0,1051,982,862,839,807,760.0,704,590,502.0,490.0,368.0,275.0
55432,2012-12-28T00:00:00Z,2012,12,5,False,True,13395,165.0,87.0,57.0,63.0,69.0,198,433,501,639.0,776.0,988.0,1131.0,1182,1048,912,740,675,678.0,667,631,539.0,455.0,431.0,330.0
55432,2012-02-12T00:00:00Z,2012,2,7,False,False,15026,398.0,225.0,168.0,138.0,113.0,161,251,401,666.0,892.0,977.0,1055.0,1141,1111,1154,1011,880,916.0,860,804,598.0,512.0,398.0,196.0
55432,2012-02-14T00:00:00Z,2012,2,2,False,False,16274,130.0,58.0,56.0,44.0,95.0,345,799,981,1023.0,870.0,864.0,846.0,804,883,916,892,978,1124.0,999,1112,816.0,677.0,519.0,443.0
55432,2012-02-22T00:00:00Z,2012,2,3,False,False,16861,137.0,72.0,48.0,58.0,77.0,351,827,1006,1076.0,1027.0,1013.0,956.0,957,852,942,983,959,1086.0,1032,933,787.0,704.0,651.0,327.0
55432,2012-02-24T00:00:00Z,2012,2,5,False,False,17254,166.0,87.0,66.0,70.0,86.0,332,799,955,1011.0,1122.0,1060.0,1032.0,993,997,1056,1014,1049,1013.0,944,964,732.0,619.0,603.0,484.0
55432,2012-02-25T00:00:00Z,2012,2,6,False,False,18397,322.0,185.0,127.0,100.0,110.0,199,511,781,1132.0,1188.0,1099.0,1168.0,1185,1275,1215,1105,1139,1114.0,997,840,738.0,600.0,669.0,598.0
55432,2012-02-26T00:00:00Z,2012,2,7,False,False,14884,432.0,263.0,192.0,133.0,128.0,155,259,405,651.0,916.0,1037.0,1142.0,1223,940,919,980,950,848.0,883,671,644.0,591.0,330.0,192.0
55432,2012-02-28T00:00:00Z,2012,2,2,False,False,16280,128.0,51.0,58.0,69.0,78.0,329,788,1007,993.0,865.0,958.0,946.0,909,908,916,999,961,1083.0,1038,1008,712.0,712.0,467.0,297.0
55432,2012-03-06T00:00:00Z,2012,3,2,False,False,15977,102.0,65.0,42.0,42.0,65.0,319,862,1002,969.0,958.0,889.0,821.0,906,908,862,925,1028,1169.0,1007,903,749.0,646.0,463.0,275.0
55432,2012-03-10T00:00:00Z,2012,3,6,False,False,18211,362.0,189.0,134.0,119.0,104.0,167,512,780,992.0,1093.0,1306.0,1295.0,1082,1148,915,1197,1103,1123.0,978,1001,699.0,651.0,656.0,605.0
55432,2012-03-25T00:00:00Z,2012,3,7,False,False,15856,399.0,291.0,198.0,120.0,108.0,154,244,449,657.0,916.0,1100.0,1092.0,1144,1159,1147,1134,1126,964.0,815,790,620.0,557.0,426.0,246.0
55432,2012-04-05T00:00:00Z,2012,4,4,False,False,17045,165.0,79.0,65.0,62.0,105.0,396,848,865,1116.0,954.0,993.0,1002.0,934,981,1011,919,1084,1054.0,920,1035,775.0,661.0,570.0,451.0
55432,2012-04-13T00:00:00Z,2012,4,5,False,True,15994,177.0,70.0,64.0,49.0,91.0,294,750,823,895.0,840.0,975.0,995.0,1109,998,961,861,988,858.0,874,900,657.0,640.0,635.0,490.0
55432,2012-04-16T00:00:00Z,2012,4,1,False,True,14396,115.0,41.0,41.0,44.0,93.0,278,731,799,827.0,855.0,960.0,989.0,892,872,826,836,868,948.0,908,769,577.0,515.0,393.0,219.0
55432,2012-04-22T00:00:00Z,2012,4,7,False,True,15039,408.0,257.0,163.0,139.0,119.0,146,279,415,529.0,876.0,1074.0,1187.0,1233,1233,1185,1026,856,891.0,718,658,555.0,485.0,378.0,229.0
55432,2012-04-25T00:00:00Z,2012,4,3,True,False,13854,243.0,146.0,102.0,105.0,109.0,162,315,441,459.0,675.0,794.0,1159.0,1204,1131,1148,1087,792,722.0,671,680,544.0,539.0,382.0,244.0
55432,2012-04-28T00:00:00Z,2012,4,6,False,False,16695,348.0,176.0,109.0,108.0,105.0,161,478,713,890.0,1069.0,1075.0,1152.0,1080,1142,1059,972,979,936.0,881,821,648.0,560.0,658.0,575.0
55432,2012-04-29T00:00:00Z,2012,4,7,False,False,15396,374.0,254.0,155.0,121.0,112.0,154,246,368,578.0,826.0,945.0,1037.0,1168,1213,1066,1080,1103,919.0,731,692,699.0,632.0,583.0,340.0
55432,2012-04-02T00:00:00Z,2012,4,1,False,False,14899,29.0,52.0,47.0,52.0,80.0,327,788,948,969.0,841.0,846.0,953.0,843,836,843,898,922,1080.0,900,747,681.0,594.0,404.0,219.0
55432,2012-04-06T00:00:00Z,2012,4,5,True,True,14028,287.0,161.0,127.0,83.0,99.0,174,275,403,521.0,789.0,1022.0,1110.0,1056,1032,858,826,850,872.0,990,688,506.0,505.0,473.0,321.0
55432,2012-04-08T00:00:00Z,2012,4,7,True,True,11669,264.0,196.0,114.0,103.0,97.0,118,194,295,358.0,635.0,746.0,915.0,981,764,712,735,694,727.0,727,609,542.0,514.0,369.0,260.0
55432,2012-04-24T00:00:00Z,2012,4,2,False,False,15827,111.0,56.0,36.0,50.0,82.0,321,753,931,1020.0,954.0,902.0,865.0,887,831,837,918,969,1002.0,908,952,771.0,673.0,534.0,464.0
55432,2012-04-27T00:00:00Z,2012,4,5,False,False,15951,151.0,83.0,55.0,60.0,79.0,300,760,944,1055.0,960.0,919.0,919.0,883,899,988,947,866,913.0,858,832,695.0,616.0,649.0,520.0
55432,2012-05-02T00:00:00Z,2012,5,3,False,False,16521,253.0,147.0,87.0,93.0,121.0,347,765,992,1061.0,980.0,954.0,879.0,919,862,892,959,981,1040.0,941,805,681.0,709.0,608.0,445.0
55432,2012-05-10T00:00:00Z,2012,5,4,False,False,16539,177.0,69.0,61.0,61.0,86.0,332,810,962,1069.0,945.0,921.0,985.0,912,911,875,943,1054,1017.0,966,941,722.0,728.0,657.0,335.0
55432,2012-05-12T00:00:00Z,2012,5,6,False,False,17334,458.0,207.0,161.0,133.0,107.0,174,496,787,1012.0,1182.0,1103.0,1080.0,1127,1136,1076,1016,1004,952.0,878,802,680.0,526.0,598.0,639.0
55432,2012-05-15T00:00:00Z,2012,5,2,False,False,15498,88.0,49.0,40.0,45.0,80.0,309,809,914,1017.0,850.0,861.0,832.0,924,827,898,935,955,1067.0,916,916,743.0,653.0,438.0,332.0
55432,2012-05-16T00:00:00Z,2012,5,3,False,False,16535,132.0,63.0,44.0,52.0,88.0,328,797,980,1011.0,978.0,887.0,862.0,849,856,948,905,942,1019.0,1143,1054,803.0,798.0,667.0,329.0
55432,2012-05-18T00:00:00Z,2012,5,5,False,False,15977,179.0,88.0,57.0,60.0,86.0,317,823,783,971.0,892.0,955.0,967.0,926,919,906,963,943,991.0,872,827,646.0,612.0,631.0,563.0
55432,2012-06-11T00:00:00Z,2012,6,1,True,False,10467,202.0,128.0,95.0,79.0,83.0,141,205,276,332.0,448.0,603.0,736.0,809,838,763,788,724,731.0,613,517,468.0,418.0,289.0,181.0
55432,2012-06-12T00:00:00Z,2012,6,2,False,False,14102,80.0,53.0,25.0,45.0,88.0,277,604,924,1027.0,838.0,792.0,883.0,824,839,835,871,780,933.0,917,776,575.0,516.0,403.0,197.0
55432,2012-06-15T00:00:00Z,2012,6,5,False,False,15286,135.0,76.0,57.0,49.0,93.0,312,726,925,1031.0,881.0,848.0,883.0,821,902,911,923,871,904.0,896,871,627.0,533.0,542.0,469.0
55432,2012-06-16T00:00:00Z,2012,6,6,False,False,15102,315.0,186.0,113.0,95.0,106.0,167,407,680,790.0,822.0,870.0,952.0,1011,989,1017,946,915,879.0,828,751,547.0,476.0,643.0,597.0
55432,2012-06-18T00:00:00Z,2012,6,1,False,False,14456,88.0,48.0,47.0,42.0,79.0,307,770,991,977.0,853.0,829.0,817.0,857,813,834,857,971,972.0,967,694,551.0,524.0,378.0,190.0
55432,2012-06-28T00:00:00Z,2012,6,4,False,False,15351,158.0,80.0,67.0,59.0,94.0,332,790,907,1001.0,868.0,868.0,885.0,846,862,830,871,969,983.0,976,813,630.0,645.0,476.0,341.0
55432,2012-07-02T00:00:00Z,2012,7,1,False,True,13460,107.0,62.0,45.0,45.0,104.0,297,721,813,833.0,817.0,810.0,785.0,844,779,750,796,884,1008.0,806,661,553.0,426.0,330.0,184.0
55432,2012-07-12T00:00:00Z,2012,7,4,False,True,15158,159.0,72.0,46.0,49.0,78.0,311,689,863,860.0,855.0,864.0,842.0,886,864,854,849,870,1001.0,959,970,764.0,624.0,510.0,319.0
55432,2012-07-16T00:00:00Z,2012,7,1,False,False,14435,101.0,58.0,54.0,47.0,80.0,315,732,804,902.0,827.0,832.0,840.0,861,817,853,872,986,1133.0,1036,695,572.0,512.0,338.0,168.0
55432,2012-07-18T00:00:00Z,2012,7,3,False,False,15582,106.0,42.0,41.0,47.0,107.0,344,778,963,1001.0,925.0,885.0,875.0,878,821,815,970,883,975.0,930,789,663.0,626.0,615.0,503.0
55432,2012-07-20T00:00:00Z,2012,7,5,False,False,15628,142.0,96.0,62.0,63.0,87.0,316,757,936,983.0,898.0,874.0,866.0,944,888,932,932,1013,939.0,918,804,644.0,585.0,520.0,429.0
55432,2012-04-30T00:00:00Z,2012,4,1,False,False,14303,110.0,62.0,67.0,49.0,100.0,298,762,976,965.0,760.0,806.0,864.0,862,765,857,829,839,988.0,895,704,623.0,532.0,374.0,216.0
55432,2012-05-04T00:00:00Z,2012,5,5,False,False,16085,166.0,82.0,59.0,58.0,99.0,320,728,920,1036.0,953.0,901.0,950.0,900,901,908,1045,928,1025.0,832,879,699.0,647.0,593.0,456.0
55432,2012-05-06T00:00:00Z,2012,5,7,False,False,15344,437.0,249.0,175.0,143.0,119.0,145,269,377,575.0,847.0,909.0,1166.0,1224,1230,1168,1009,891,893.0,941,732,637.0,536.0,400.0,272.0
55432,2012-05-09T00:00:00Z,2012,5,3,False,False,15902,114.0,59.0,57.0,52.0,81.0,325,759,911,1038.0,930.0,965.0,990.0,917,912,934,934,933,1013.0,943,764,698.0,691.0,585.0,297.0
55432,2012-05-29T00:00:00Z,2012,5,2,False,False,15086,121.0,54.0,39.0,40.0,86.0,283,716,872,919.0,889.0,988.0,883.0,878,893,863,871,947,992.0,938,848,688.0,607.0,419.0,252.0
55432,2012-06-01T00:00:00Z,2012,6,5,False,False,16414,138.0,72.0,64.0,49.0,100.0,307,771,941,1067.0,967.0,874.0,889.0,855,949,929,953,1023,1030.0,989,951,680.0,618.0,704.0,494.0
55432,2012-06-05T00:00:00Z,2012,6,2,False,False,14404,94.0,62.0,35.0,48.0,85.0,331,737,921,1009.0,874.0,885.0,795.0,851,805,932,870,926,861.0,959,644,577.0,544.0,348.0,211.0
55432,2012-06-06T00:00:00Z,2012,6,3,False,False,14676,93.0,56.0,61.0,50.0,92.0,288,701,877,978.0,914.0,846.0,788.0,816,833,867,858,877,978.0,839,853,665.0,593.0,476.0,277.0
55432,2012-06-14T00:00:00Z,2012,6,4,False,False,15536,231.0,94.0,57.0,60.0,101.0,304,716,924,999.0,844.0,862.0,884.0,897,876,865,936,981,1015.0,840,887,663.0,640.0,559.0,301.0
55432,2012-06-27T00:00:00Z,2012,6,3,False,False,14754,122.0,61.0,41.0,50.0,95.0,282,696,857,857.0,849.0,812.0,841.0,843,818,851,872,897,1015.0,990,802,661.0,675.0,477.0,290.0
55432,2012-06-29T00:00:00Z,2012,6,5,False,False,15303,160.0,83.0,47.0,66.0,96.0,318,695,912,959.0,918.0,857.0,883.0,907,855,868,951,877,938.0,879,811,636.0,568.0,577.0,442.0
55432,2012-07-06T00:00:00Z,2012,7,5,False,True,15438,139.0,76.0,51.0,52.0,86.0,264,703,775,818.0,830.0,893.0,915.0,871,855,861,918,947,1048.0,1104,1010,612.0,580.0,501.0,529.0
55432,2012-07-07T00:00:00Z,2012,7,6,False,True,15802,294.0,188.0,137.0,109.0,112.0,176,438,604,735.0,876.0,880.0,968.0,973,1070,1124,1226,1072,945.0,888,724,701.0,510.0,590.0,462.0
55432,2012-07-08T00:00:00Z,2012,7,7,False,True,14064,427.0,259.0,164.0,115.0,114.0,147,235,299,488.0,746.0,847.0,993.0,1145,1114,1085,981,899,972.0,834,626,524.0,450.0,408.0,192.0
55432,2012-07-15T00:00:00Z,2012,7,7,False,True,14223,347.0,238.0,140.0,109.0,103.0,154,238,344,571.0,844.0,895.0,1075.0,1135,1093,1131,1028,913,864.0,759,635,578.0,473.0,376.0,180.0
55432,2012-07-17T00:00:00Z,2012,7,2,False,False,14821,95.0,61.0,53.0,40.0,81.0,318,756,913,979.0,901.0,799.0,888.0,812,832,896,855,831,999.0,931,848,628.0,643.0,440.0,222.0
55432,2012-07-29T00:00:00Z,2012,7,7,False,False,13858,390.0,204.0,148.0,142.0,98.0,143,258,410,598.0,749.0,928.0,992.0,1019,1073,928,934,958,903.0,820,604,543.0,454.0,377.0,185.0
55432,2012-08-13T00:00:00Z,2012,8,1,False,False,14711,104.0,69.0,43.0,61.0,78.0,355,758,916,1048.0,867.0,802.0,810.0,878,819,881,909,898,1040.0,947,747,604.0,554.0,351.0,172.0
55432,2012-01-03T00:00:00Z,2012,1,2,False,True,15028,129.0,78.0,52.0,68.0,131.0,374,653,769,820.0,1102.0,1111.0,1116.0,1035,954,929,874,895,890.0,754,718,509.0,444.0,404.0,219.0
55432,2012-01-11T00:00:00Z,2012,1,3,False,True,15245,114.0,83.0,45.0,59.0,83.0,283,725,762,849.0,894.0,913.0,988.0,963,990,882,859,858,1021.0,961,746,607.0,663.0,564.0,333.0
55432,2012-01-13T00:00:00Z,2012,1,5,False,True,15399,206.0,103.0,55.0,65.0,100.0,287,690,780,773.0,927.0,890.0,1000.0,996,903,953,955,946,964.0,640,845,674.0,533.0,582.0,532.0
55432,2012-01-17T00:00:00Z,2012,1,2,False,True,15032,103.0,60.0,33.0,46.0,77.0,316,724,874,863.0,907.0,852.0,852.0,919,910,814,872,925,1101.0,1085,776,626.0,547.0,477.0,273.0
55432,2012-01-20T00:00:00Z,2012,1,5,False,True,15646,165.0,93.0,64.0,55.0,97.0,258,777,865,886.0,886.0,884.0,884.0,927,865,875,951,985,992.0,928,797,678.0,581.0,656.0,497.0
55432,2012-01-22T00:00:00Z,2012,1,7,False,True,14881,401.0,219.0,154.0,127.0,108.0,158,230,366,540.0,671.0,844.0,1009.0,1136,1081,1120,1132,1189,946.0,879,713,554.0,578.0,469.0,257.0
55432,2012-01-27T00:00:00Z,2012,1,5,False,False,15905,346.0,134.0,90.0,80.0,76.0,273,682,778,929.0,860.0,856.0,936.0,960,938,976,901,907,1028.0,1012,861,655.0,570.0,526.0,531.0
55432,2012-01-04T00:00:00Z,2012,1,3,False,True,15690,127.0,60.0,56.0,70.0,108.0,337,673,830,923.0,1075.0,1130.0,1135.0,1134,1111,902,817,824,991.0,852,700,540.0,517.0,436.0,342.0
55432,2012-01-05T00:00:00Z,2012,1,4,False,True,14918,154.0,88.0,62.0,71.0,105.0,298,662,788,928.0,1006.0,1063.0,929.0,897,874,799,901,929,949.0,821,739,524.0,559.0,431.0,341.0
55432,2012-08-03T00:00:00Z,2012,8,5,False,False,16067,134.0,83.0,65.0,62.0,79.0,346,802,901,975.0,945.0,937.0,898.0,886,897,851,994,937,1022.0,1008,936,674.0,566.0,619.0,450.0
55432,2012-08-08T00:00:00Z,2012,8,3,False,False,15955,101.0,40.0,46.0,41.0,80.0,339,847,1014,1077.0,955.0,904.0,902.0,931,888,922,951,961,1042.0,976,833,659.0,672.0,506.0,268.0
55432,2012-08-11T00:00:00Z,2012,8,6,False,False,16665,309.0,226.0,144.0,98.0,105.0,201,412,614,949.0,1030.0,1041.0,1039.0,1031,1069,1031,1050,1050,1055.0,1101,843,627.0,460.0,563.0,617.0
55432,2012-08-12T00:00:00Z,2012,8,7,False,False,14010,360.0,204.0,148.0,120.0,136.0,221,342,474,675.0,759.0,788.0,841.0,1052,985,952,955,862,1090.0,826,597,579.0,427.0,372.0,245.0
55432,2012-08-16T00:00:00Z,2012,8,4,False,False,16675,272.0,132.0,117.0,92.0,109.0,349,793,935,1082.0,928.0,948.0,950.0,933,884,916,917,1028,1027.0,1006,958,713.0,685.0,544.0,357.0
55432,2012-08-24T00:00:00Z,2012,8,5,False,False,16142,167.0,81.0,60.0,59.0,89.0,360,806,926,993.0,1024.0,958.0,1015.0,921,905,924,933,896,905.0,880,889,660.0,638.0,589.0,464.0
55432,2012-08-29T00:00:00Z,2012,8,3,False,False,15663,109.0,64.0,45.0,50.0,93.0,347,845,981,995.0,929.0,912.0,893.0,872,885,924,932,939,1026.0,980,785,668.0,676.0,459.0,254.0
55432,2012-09-03T00:00:00Z,2012,9,1,False,False,14262,55.0,63.0,50.0,52.0,80.0,349,786,978,936.0,842.0,798.0,857.0,789,797,835,875,854,1014.0,871,749,599.0,506.0,354.0,173.0
55432,2012-09-07T00:00:00Z,2012,9,5,False,False,15932,170.0,88.0,69.0,65.0,95.0,369,797,983,1065.0,845.0,986.0,931.0,927,850,914,905,908,924.0,897,793,685.0,572.0,603.0,491.0
55432,2012-09-21T00:00:00Z,2012,9,5,False,False,16514,158.0,73.0,55.0,69.0,100.0,384,818,940,992.0,964.0,923.0,963.0,912,897,979,1011,956,955.0,933,911,678.0,548.0,648.0,647.0
55432,2012-09-25T00:00:00Z,2012,9,2,False,True,15554,93.0,55.0,37.0,37.0,85.0,371,856,818,962.0,906.0,880.0,890.0,916,1009,883,905,942,979.0,959,856,636.0,526.0,566.0,387.0
55432,2012-09-29T00:00:00Z,2012,9,6,False,True,15150,326.0,165.0,94.0,108.0,91.0,208,426,484,675.0,850.0,918.0,983.0,993,1035,1118,971,742,816.0,933,876,718.0,580.0,523.0,517.0
55432,2012-10-02T00:00:00Z,2012,10,2,False,True,14819,114.0,51.0,42.0,48.0,86.0,301,761,781,904.0,894.0,876.0,942.0,824,920,857,824,947,1011.0,930,874,608.0,590.0,419.0,215.0
55432,2012-10-14T00:00:00Z,2012,10,7,False,False,14541,409.0,253.0,186.0,162.0,143.0,228,268,348,551.0,718.0,844.0,1026.0,1099,1047,1040,920,1015,893.0,780,623,630.0,522.0,525.0,311.0
55432,2012-09-10T00:00:00Z,2012,9,1,False,False,15052,106.0,49.0,51.0,51.0,86.0,353,815,1023,994.0,925.0,903.0,848.0,824,890,883,895,912,1020.0,983,708,624.0,541.0,349.0,219.0
55432,2012-09-17T00:00:00Z,2012,9,1,False,False,14295,106.0,57.0,51.0,49.0,99.0,302,793,949,963.0,887.0,823.0,834.0,777,805,845,866,919,984.0,883,694,566.0,491.0,347.0,205.0
55432,2012-09-22T00:00:00Z,2012,9,6,False,False,17344,387.0,204.0,134.0,124.0,103.0,220,522,612,856.0,959.0,1116.0,1114.0,1225,1223,1151,1092,940,971.0,911,902,645.0,594.0,664.0,675.0
55432,2012-09-26T00:00:00Z,2012,9,3,False,True,15428,139.0,58.0,51.0,45.0,82.0,364,823,848,962.0,930.0,880.0,965.0,860,857,778,829,901,958.0,997,862,633.0,741.0,538.0,327.0
55432,2012-09-27T00:00:00Z,2012,9,4,False,True,15978,114.0,78.0,55.0,55.0,74.0,352,856,890,885.0,913.0,957.0,1017.0,930,983,877,977,929,995.0,814,846,756.0,703.0,533.0,389.0
55432,2012-09-28T00:00:00Z,2012,9,5,False,True,16173,184.0,125.0,63.0,58.0,86.0,351,881,853,970.0,953.0,970.0,983.0,1003,1009,941,978,926,904.0,897,843,639.0,605.0,498.0,453.0
55432,2012-09-30T00:00:00Z,2012,9,7,False,True,14441,330.0,218.0,150.0,122.0,124.0,171,277,338,464.0,748.0,992.0,1148.0,1231,1146,966,956,852,702.0,615,588,724.0,626.0,535.0,418.0
55432,2012-10-01T00:00:00Z,2012,10,1,True,True,13496,281.0,138.0,123.0,135.0,162.0,228,278,357,487.0,640.0,939.0,1100.0,1132,1076,955,918,799,758.0,747,594,580.0,506.0,377.0,186.0
55432,2012-10-09T00:00:00Z,2012,10,2,False,False,14964,105.0,42.0,57.0,46.0,76.0,314,796,886,987.0,941.0,832.0,801.0,842,819,826,900,874,1017.0,971,805,710.0,661.0,446.0,210.0
55432,2012-10-10T00:00:00Z,2012,10,3,False,False,15572,114.0,54.0,46.0,43.0,95.0,343,895,956,892.0,887.0,919.0,885.0,844,865,872,876,945,1011.0,939,899,644.0,690.0,551.0,307.0
55432,2012-10-12T00:00:00Z,2012,10,5,False,False,15697,174.0,84.0,59.0,59.0,83.0,339,813,1000,839.0,969.0,951.0,895.0,830,867,830,983,826,941.0,936,942,710.0,553.0,513.0,501.0
55432,2012-10-17T00:00:00Z,2012,10,3,False,False,15485,134.0,65.0,49.0,49.0,95.0,371,833,946,1016.0,919.0,942.0,879.0,972,862,896,831,857,777.0,822,866,738.0,715.0,549.0,302.0
55432,2012-10-26T00:00:00Z,2012,10,5,False,False,16675,172.0,108.0,69.0,51.0,100.0,375,878,971,993.0,941.0,926.0,976.0,961,937,964,1025,931,1020.0,925,868,728.0,653.0,586.0,517.0
55432,2012-11-09T00:00:00Z,2012,11,5,False,False,16420,162.0,88.0,65.0,58.0,83.0,347,860,949,1019.0,959.0,923.0,908.0,1005,891,922,1023,895,982.0,903,844,712.0,658.0,636.0,528.0
55432,2012-11-15T00:00:00Z,2012,11,4,False,False,16872,150.0,69.0,57.0,56.0,83.0,413,855,947,1022.0,1026.0,899.0,964.0,918,901,900,922,985,1068.0,1096,1095,821.0,694.0,579.0,352.0
55432,2012-11-16T00:00:00Z,2012,11,5,False,False,16317,198.0,97.0,76.0,66.0,86.0,368,858,934,972.0,805.0,874.0,959.0,945,924,1015,1050,909,979.0,901,873,737.0,553.0,604.0,534.0
55432,2012-11-17T00:00:00Z,2012,11,6,False,False,17736,345.0,178.0,113.0,103.0,101.0,220,513,738,981.0,1048.0,1108.0,1065.0,1191,1050,1154,1236,1054,1071.0,1079,865,746.0,569.0,640.0,568.0
55432,2012-08-15T00:00:00Z,2012,8,3,False,False,16176,109.0,68.0,43.0,64.0,84.0,334,791,968,1021.0,924.0,873.0,968.0,847,878,880,957,942,1000.0,935,847,763.0,703.0,658.0,519.0
55432,2012-08-23T00:00:00Z,2012,8,4,False,False,15903,147.0,71.0,57.0,48.0,74.0,335,831,944,1027.0,993.0,975.0,915.0,924,928,901,975,878,852.0,794,943,770.0,710.0,531.0,280.0
55432,2012-08-25T00:00:00Z,2012,8,6,False,False,16709,279.0,192.0,132.0,99.0,114.0,224,493,691,921.0,1058.0,1059.0,1114.0,1034,1144,1143,1071,1143,876.0,837,746,709.0,542.0,541.0,547.0
55432,2012-08-26T00:00:00Z,2012,8,7,False,False,15426,366.0,228.0,144.0,142.0,120.0,168,250,433,671.0,986.0,1112.0,1216.0,1334,1164,1169,942,915,925.0,859,630,545.0,522.0,381.0,204.0
55432,2012-08-27T00:00:00Z,2012,8,1,False,False,14537,105.0,49.0,38.0,51.0,77.0,359,774,992,1022.0,883.0,802.0,844.0,819,813,821,891,896,975.0,990,696,593.0,512.0,349.0,186.0
55432,2012-08-28T00:00:00Z,2012,8,2,False,False,15315,81.0,59.0,50.0,45.0,88.0,339,830,937,1077.0,869.0,810.0,857.0,811,826,910,961,922,1039.0,1057,859,692.0,521.0,444.0,231.0
55432,2012-09-08T00:00:00Z,2012,9,6,False,False,15789,272.0,189.0,131.0,109.0,108.0,200,518,666,876.0,969.0,996.0,1023.0,1100,1063,981,943,940,929.0,834,719,569.0,532.0,553.0,569.0
55432,2012-09-12T00:00:00Z,2012,9,3,False,False,16036,120.0,54.0,40.0,51.0,100.0,369,852,994,1007.0,969.0,856.0,919.0,887,910,870,922,960,1042.0,1036,867,707.0,700.0,512.0,292.0
55432,2012-03-08T00:00:00Z,2012,3,4,False,False,15985,178.0,85.0,54.0,49.0,66.0,289,629,892,887.0,798.0,791.0,863.0,850,867,909,922,1053,998.0,819,1150,855.0,810.0,695.0,476.0
55432,2012-07-21T00:00:00Z,2012,7,6,False,False,16371,371.0,169.0,125.0,109.0,92.0,167,438,610,868.0,1026.0,1017.0,1064.0,982,801,1153,1027,1017,970.0,999,913,805.0,565.0,577.0,506.0
55432,2012-07-22T00:00:00Z,2012,7,7,False,False,14005,386.0,253.0,146.0,138.0,111.0,141,232,385,607.0,836.0,978.0,1112.0,1114,1065,1006,936,731,873.0,779,607,541.0,465.0,360.0,203.0
55432,2012-07-23T00:00:00Z,2012,7,1,False,False,13948,73.0,66.0,44.0,46.0,85.0,307,709,919,996.0,783.0,831.0,816.0,816,763,835,904,825,986.0,882,674,571.0,495.0,323.0,199.0
55432,2012-08-01T00:00:00Z,2012,8,3,False,False,15290,113.0,54.0,48.0,51.0,96.0,341,821,1011,981.0,925.0,789.0,851.0,851,812,881,923,951,1007.0,926,777,687.0,668.0,483.0,243.0
55432,2012-01-08T00:00:00Z,2012,1,7,False,True,13692,321.0,214.0,136.0,112.0,111.0,152,241,374,524.0,726.0,755.0,854.0,1011,1067,1102,1169,960,911.0,746,560,510.0,426.0,431.0,279.0
55432,2012-01-10T00:00:00Z,2012,1,2,False,True,14495,139.0,58.0,43.0,56.0,90.0,295,715,738,894.0,860.0,941.0,873.0,867,828,813,849,896,1040.0,979,691,632.0,545.0,422.0,231.0
55432,2012-01-23T00:00:00Z,2012,1,1,False,True,14359,130.0,72.0,49.0,54.0,83.0,314,757,807,914.0,798.0,856.0,898.0,865,786,751,827,936,1070.0,920,669,596.0,536.0,411.0,260.0
55432,2012-11-20T00:00:00Z,2012,11,2,False,False,15970,82.0,58.0,50.0,46.0,77.0,404,842,935,989.0,896.0,883.0,912.0,858,884,844,920,1024,1107.0,1096,923,701.0,689.0,501.0,249.0
55432,2012-12-08T00:00:00Z,2012,12,6,False,False,17975,352.0,239.0,158.0,129.0,125.0,263,607,646,852.0,991.0,1015.0,1164.0,1149,1149,1132,1081,1180,1139.0,1048,919,739.0,655.0,632.0,611.0
55432,2012-12-10T00:00:00Z,2012,12,1,False,False,14601,131.0,59.0,64.0,49.0,87.0,366,749,893,959.0,893.0,872.0,829.0,786,798,866,854,856,1060.0,1012,726,617.0,487.0,400.0,188.0
55432,2012-12-11T00:00:00Z,2012,12,2,False,False,15951,133.0,65.0,54.0,49.0,82.0,385,864,852,975.0,889.0,874.0,886.0,854,851,784,880,922,1071.0,1059,1150,765.0,631.0,509.0,367.0
55432,2012-12-19T00:00:00Z,2012,12,3,False,False,16141,165.0,78.0,59.0,52.0,85.0,388,862,868,1019.0,977.0,966.0,1001.0,934,971,880,898,936,1027.0,900,814,673.0,634.0,590.0,364.0
55432,2012-12-31T00:00:00Z,2012,12,1,False,True,12707,187.0,125.0,61.0,79.0,91.0,158,313,405,587.0,702.0,949.0,997.0,983,908,873,765,740,633.0,607,666,522.0,455.0,500.0,401.0
55432,2012-07-10T00:00:00Z,2012,7,2,False,True,14335,93.0,49.0,43.0,44.0,84.0,309,729,798,952.0,836.0,832.0,824.0,890,764,787,805,861,1040.0,976,767,636.0,551.0,421.0,244.0
55432,2012-07-11T00:00:00Z,2012,7,3,False,True,14654,105.0,40.0,47.0,50.0,78.0,304,741,807,869.0,935.0,912.0,922.0,844,762,858,832,879,955.0,890,737,656.0,662.0,497.0,272.0
55432,2012-07-24T00:00:00Z,2012,7,2,False,False,14682,85.0,59.0,44.0,38.0,74.0,290,744,899,991.0,919.0,813.0,836.0,822,774,848,920,892,1070.0,958,784,633.0,583.0,403.0,203.0
55432,2012-07-26T00:00:00Z,2012,7,4,False,False,16412,124.0,62.0,55.0,57.0,82.0,313,741,1032,1016.0,834.0,837.0,837.0,853,843,862,977,983,1070.0,1050,1107,1013.0,681.0,532.0,451.0
55432,2012-08-04T00:00:00Z,2012,8,6,False,False,16774,309.0,176.0,124.0,93.0,109.0,195,522,674,874.0,937.0,1033.0,1018.0,1034,1128,1085,995,1040,875.0,1084,906,723.0,588.0,635.0,617.0
55432,2012-08-05T00:00:00Z,2012,8,7,False,False,14734,414.0,271.0,166.0,141.0,118.0,148,250,373,516.0,827.0,1013.0,1063.0,1201,1207,1054,981,917,907.0,773,549,632.0,563.0,441.0,209.0
55432,2012-08-09T00:00:00Z,2012,8,4,False,False,15945,119.0,76.0,49.0,67.0,83.0,360,797,940,996.0,975.0,916.0,909.0,853,850,911,911,1013,1008.0,989,884,724.0,678.0,527.0,310.0
55432,2012-08-17T00:00:00Z,2012,8,5,False,False,15979,176.0,67.0,67.0,47.0,76.0,315,811,904,1059.0,921.0,940.0,898.0,914,889,960,934,953,962.0,863,850,690.0,564.0,610.0,509.0
55432,2012-01-25T00:00:00Z,2012,1,3,False,True,15846,132.0,73.0,44.0,57.0,94.0,342,801,897,929.0,891.0,920.0,930.0,931,900,856,877,937,830.0,958,828,791.0,683.0,645.0,500.0
55432,2012-01-29T00:00:00Z,2012,1,7,False,False,14432,359.0,240.0,177.0,126.0,120.0,146,234,408,567.0,754.0,847.0,1018.0,1005,1081,1129,1032,890,962.0,851,683,564.0,502.0,479.0,258.0
55432,2012-02-08T00:00:00Z,2012,2,3,False,False,15722,100.0,65.0,33.0,59.0,92.0,376,809,1027,1008.0,892.0,888.0,831.0,830,807,919,851,930,1058.0,1022,876,726.0,665.0,549.0,309.0
55432,2012-02-10T00:00:00Z,2012,2,5,False,False,16033,170.0,66.0,62.0,62.0,98.0,317,742,935,1056.0,926.0,855.0,853.0,826,931,912,1016,910,970.0,997,844,714.0,682.0,603.0,486.0
55432,2012-03-05T00:00:00Z,2012,3,1,False,False,15539,130.0,68.0,66.0,68.0,82.0,310,805,906,952.0,863.0,860.0,996.0,907,911,885,941,1036,1041.0,973,771,661.0,644.0,432.0,231.0
55432,2012-03-07T00:00:00Z,2012,3,3,False,False,16252,133.0,76.0,48.0,56.0,87.0,329,771,961,916.0,1056.0,890.0,853.0,906,879,923,888,977,967.0,873,1009,1022.0,746.0,518.0,368.0
55432,2012-03-09T00:00:00Z,2012,3,5,False,False,17672,208.0,87.0,80.0,64.0,96.0,332,783,975,1055.0,1036.0,1039.0,1044.0,1087,1020,984,995,1033,1062.0,1053,972,790.0,646.0,679.0,552.0
55432,2012-03-11T00:00:00Z,2012,3,7,False,False,15906,460.0,275.0,172.0,122.0,125.0,151,224,414,669.0,860.0,1052.0,1232.0,1258,1232,1134,1070,930,1005.0,979,712,627.0,557.0,411.0,235.0
55432,2012-03-23T00:00:00Z,2012,3,5,False,False,16656,171.0,81.0,59.0,62.0,84.0,332,752,952,1036.0,984.0,945.0,956.0,953,939,983,975,924,1013.0,935,952,780.0,624.0,658.0,506.0
55432,2012-03-24T00:00:00Z,2012,3,6,False,False,17309,382.0,228.0,149.0,95.0,100.0,171,483,736,991.0,1081.0,1101.0,1133.0,1201,1229,1123,1104,1056,771.0,789,813,708.0,585.0,667.0,613.0
55432,2012-04-03T00:00:00Z,2012,4,2,False,False,15901,108.0,63.0,55.0,52.0,93.0,370,823,979,977.0,929.0,904.0,912.0,975,890,862,986,926,1054.0,952,902,709.0,638.0,458.0,284.0
55432,2012-04-04T00:00:00Z,2012,4,3,False,False,16496,152.0,56.0,50.0,65.0,83.0,385,813,991,979.0,958.0,1016.0,934.0,936,933,893,897,930,1020.0,1050,978,719.0,728.0,565.0,365.0
55432,2012-04-10T00:00:00Z,2012,4,2,False,True,14215,105.0,56.0,52.0,60.0,81.0,309,724,866,869.0,879.0,850.0,952.0,866,844,775,794,836,968.0,856,755,574.0,557.0,377.0,210.0
55432,2012-04-11T00:00:00Z,2012,4,3,False,True,15480,97.0,45.0,51.0,50.0,84.0,325,730,863,952.0,813.0,989.0,898.0,877,807,809,760,883,1058.0,918,1034,892.0,649.0,533.0,363.0
55432,2012-08-18T00:00:00Z,2012,8,6,False,False,16301,306.0,190.0,103.0,119.0,109.0,189,497,708,913.0,988.0,1018.0,1092.0,989,1001,1020,1043,946,885.0,875,817,641.0,540.0,658.0,654.0
55432,2012-08-19T00:00:00Z,2012,8,7,False,False,14369,417.0,232.0,142.0,125.0,105.0,144,268,430,568.0,803.0,954.0,989.0,1143,1154,1028,1048,922,832.0,805,584,565.0,509.0,401.0,201.0
55432,2012-08-21T00:00:00Z,2012,8,2,False,False,15646,100.0,66.0,46.0,56.0,87.0,331,860,993,1012.0,848.0,890.0,905.0,927,904,899,918,974,1072.0,1007,844,674.0,621.0,395.0,217.0
55432,2012-08-30T00:00:00Z,2012,8,4,False,False,16095,127.0,81.0,77.0,58.0,88.0,333,804,1010,1011.0,902.0,961.0,911.0,842,884,940,988,965,1071.0,996,854,749.0,640.0,509.0,294.0
55432,2012-08-31T00:00:00Z,2012,8,5,False,False,16083,193.0,111.0,88.0,76.0,100.0,319,846,975,971.0,905.0,898.0,912.0,951,821,929,936,887,914.0,945,905,731.0,555.0,602.0,513.0
55432,2012-09-01T00:00:00Z,2012,9,6,False,False,16475,335.0,197.0,133.0,88.0,102.0,198,512,662,915.0,1197.0,1086.0,1056.0,1019,1139,974,922,911,942.0,906,780,658.0,544.0,623.0,576.0
55432,2012-09-02T00:00:00Z,2012,9,7,False,False,14117,391.0,234.0,162.0,120.0,151.0,158,251,342,530.0,766.0,834.0,978.0,1085,1038,1054,960,880,832.0,917,666,622.0,576.0,375.0,195.0
55432,2012-09-04T00:00:00Z,2012,9,2,False,False,14996,86.0,46.0,52.0,67.0,82.0,364,850,989,966.0,882.0,832.0,817.0,796,857,921,869,892,987.0,945,815,699.0,586.0,373.0,223.0
55432,2012-09-05T00:00:00Z,2012,9,3,False,False,15803,128.0,55.0,44.0,44.0,90.0,373,864,941,992.0,913.0,820.0,967.0,879,938,881,926,1005,1040.0,971,892,666.0,686.0,446.0,242.0
55432,2012-09-06T00:00:00Z,2012,9,4,False,False,16006,134.0,80.0,49.0,51.0,85.0,354,878,892,1031.0,906.0,909.0,948.0,909,881,924,900,924,1027.0,991,898,735.0,701.0,495.0,304.0
55432,2012-09-13T00:00:00Z,2012,9,4,False,False,16592,145.0,63.0,58.0,50.0,94.0,373,854,1030,1047.0,960.0,929.0,832.0,886,956,926,961,910,1096.0,994,1026,778.0,716.0,577.0,331.0
55432,2012-09-18T00:00:00Z,2012,9,2,False,False,15159,92.0,50.0,44.0,57.0,87.0,373,836,869,861.0,945.0,906.0,838.0,835,827,875,898,948,1028.0,989,852,693.0,602.0,431.0,223.0
55432,2012-09-19T00:00:00Z,2012,9,3,False,False,16138,98.0,59.0,46.0,51.0,101.0,375,875,1009,965.0,914.0,892.0,923.0,870,875,902,933,946,1073.0,1047,986,723.0,722.0,478.0,275.0
55432,2012-10-03T00:00:00Z,2012,10,3,False,True,15727,109.0,53.0,44.0,34.0,87.0,398,868,848,941.0,939.0,980.0,1017.0,982,926,925,907,849,892.0,878,944,694.0,614.0,555.0,243.0
55432,2012-10-04T00:00:00Z,2012,10,4,False,True,16489,143.0,69.0,50.0,55.0,80.0,375,857,909,914.0,914.0,1016.0,1053.0,1038,1063,949,980,980,957.0,859,995,741.0,666.0,517.0,309.0
55432,2012-10-05T00:00:00Z,2012,10,5,False,True,16734,153.0,80.0,64.0,50.0,87.0,397,836,952,918.0,890.0,1090.0,1087.0,1153,1044,994,1010,879,977.0,918,901,654.0,577.0,554.0,469.0
55432,2012-10-15T00:00:00Z,2012,10,1,False,False,14752,151.0,72.0,69.0,53.0,76.0,335,801,951,982.0,842.0,840.0,837.0,829,878,873,889,950,1029.0,896,715,617.0,527.0,356.0,184.0
55432,2012-10-18T00:00:00Z,2012,10,4,False,False,15856,115.0,77.0,68.0,70.0,90.0,380,850,971,940.0,886.0,852.0,874.0,867,958,921,891,882,888.0,951,941,740.0,673.0,590.0,381.0
55432,2012-10-21T00:00:00Z,2012,10,7,False,False,15493,438.0,215.0,174.0,134.0,130.0,203,290,453,724.0,941.0,1030.0,1180.0,1219,1117,1052,1015,1020,890.0,916,639,549.0,524.0,419.0,221.0
55432,2012-10-23T00:00:00Z,2012,10,2,False,False,15559,107.0,65.0,54.0,63.0,82.0,378,829,905,959.0,875.0,905.0,878.0,834,831,882,962,991,1077.0,915,834,707.0,711.0,430.0,285.0
55432,2012-10-24T00:00:00Z,2012,10,3,False,False,16146,142.0,66.0,49.0,51.0,100.0,378,884,988,982.0,889.0,935.0,967.0,884,890,895,929,933,993.0,973,922,718.0,735.0,515.0,328.0
55432,2012-10-25T00:00:00Z,2012,10,4,False,False,16646,145.0,80.0,59.0,50.0,75.0,384,859,945,999.0,948.0,949.0,994.0,1024,968,925,919,987,1043.0,1035,914,790.0,678.0,526.0,350.0
55432,2012-11-04T00:00:00Z,2012,11,7,False,False,16133,396.0,230.0,178.0,134.0,136.0,180,261,421,627.0,892.0,1070.0,1165.0,1318,1298,1149,952,1100,941.0,929,746,677.0,641.0,448.0,244.0
55432,2012-11-06T00:00:00Z,2012,11,2,False,False,14798,98.0,66.0,40.0,46.0,86.0,366,866,926,977.0,910.0,893.0,921.0,919,839,794,827,878,989.0,844,674,596.0,618.0,422.0,203.0
55432,2012-11-11T00:00:00Z,2012,11,7,False,False,14963,419.0,218.0,161.0,112.0,110.0,152,278,415,577.0,783.0,920.0,1138.0,1213,1039,1032,1017,1008,891.0,876,691,649.0,581.0,434.0,249.0
55432,2012-11-12T00:00:00Z,2012,11,1,False,False,15345,139.0,57.0,63.0,66.0,91.0,407,859,947,956.0,868.0,876.0,950.0,866,855,875,889,984,1075.0,879,743,627.0,613.0,367.0,293.0
55432,2012-04-12T00:00:00Z,2012,4,4,False,True,15585,156.0,72.0,59.0,59.0,93.0,296,763,826,913.0,921.0,1008.0,1006.0,935,863,869,812,916,995.0,938,882,669.0,659.0,557.0,318.0
55432,2012-04-17T00:00:00Z,2012,4,2,False,True,14123,103.0,55.0,43.0,63.0,77.0,314,696,773,856.0,887.0,878.0,839.0,858,778,823,772,802,941.0,778,778,656.0,633.0,441.0,279.0
55432,2012-04-18T00:00:00Z,2012,4,3,False,True,14935,137.0,56.0,50.0,45.0,85.0,291,659,803,875.0,822.0,846.0,892.0,850,862,773,902,849,956.0,914,928,766.0,659.0,526.0,389.0
55432,2012-04-19T00:00:00Z,2012,4,4,False,True,16012,201.0,127.0,105.0,63.0,88.0,315,689,776,875.0,900.0,910.0,1004.0,974,916,934,944,912,1005.0,933,837,745.0,753.0,578.0,428.0
55432,2012-04-23T00:00:00Z,2012,4,1,False,False,13861,64.0,69.0,44.0,49.0,91.0,266,767,822,896.0,778.0,789.0,792.0,796,832,813,837,823,1019.0,834,742,640.0,510.0,406.0,182.0
55432,2012-05-01T00:00:00Z,2012,5,2,False,False,15509,107.0,62.0,48.0,41.0,97.0,322,795,935,998.0,843.0,890.0,844.0,842,830,839,913,969,996.0,947,845,746.0,621.0,485.0,494.0
55432,2012-05-03T00:00:00Z,2012,5,4,False,False,16495,267.0,139.0,103.0,116.0,133.0,286,805,925,980.0,963.0,942.0,855.0,823,911,962,936,992,1057.0,959,984,765.0,725.0,520.0,347.0
55432,2012-05-05T00:00:00Z,2012,5,6,False,False,16903,320.0,197.0,114.0,114.0,112.0,201,497,667,930.0,1049.0,1043.0,1057.0,1033,1027,1072,1036,1038,1071.0,1079,934,676.0,552.0,572.0,512.0
55432,2012-05-13T00:00:00Z,2012,5,7,False,False,14903,437.0,259.0,148.0,133.0,100.0,154,231,362,611.0,884.0,954.0,1128.0,1175,1043,991,973,993,970.0,904,682,627.0,560.0,384.0,200.0
55432,2012-05-22T00:00:00Z,2012,5,2,False,False,15150,112.0,50.0,40.0,39.0,78.0,335,806,940,977.0,900.0,824.0,864.0,815,823,758,939,977,998.0,987,884,710.0,603.0,407.0,284.0
55432,2012-05-24T00:00:00Z,2012,5,4,False,False,15532,156.0,76.0,60.0,57.0,90.0,345,781,954,1025.0,888.0,879.0,869.0,876,823,834,886,935,971.0,882,845,719.0,666.0,545.0,370.0
55432,2012-05-25T00:00:00Z,2012,5,5,False,False,15989,168.0,81.0,54.0,55.0,90.0,309,749,984,1012.0,951.0,931.0,932.0,896,918,959,990,1005,927.0,893,801,665.0,585.0,573.0,461.0
55432,2012-05-26T00:00:00Z,2012,5,6,False,False,16523,335.0,187.0,127.0,113.0,109.0,166,481,708,1044.0,1021.0,1053.0,1020.0,1076,1013,1087,1048,1042,929.0,896,771,654.0,537.0,522.0,584.0
55432,2012-05-28T00:00:00Z,2012,5,1,False,False,15186,30.0,53.0,39.0,52.0,83.0,308,739,947,979.0,938.0,841.0,884.0,844,877,904,991,1007,1088.0,1080,739,643.0,558.0,363.0,199.0
55432,2012-06-02T00:00:00Z,2012,6,6,False,False,15902,398.0,160.0,116.0,120.0,86.0,196,484,641,904.0,1028.0,996.0,970.0,980,889,937,1017,938,927.0,971,963,635.0,505.0,559.0,482.0
55432,2012-06-07T00:00:00Z,2012,6,4,False,False,15513,130.0,63.0,61.0,68.0,69.0,302,715,893,959.0,889.0,935.0,854.0,873,881,870,906,960,931.0,990,857,748.0,640.0,590.0,329.0
55432,2012-06-19T00:00:00Z,2012,6,2,False,False,15092,86.0,79.0,40.0,56.0,99.0,350,794,943,944.0,905.0,891.0,816.0,851,897,911,953,905,985.0,934,823,598.0,614.0,419.0,199.0
55432,2012-06-26T00:00:00Z,2012,6,2,False,False,14004,112.0,47.0,47.0,53.0,76.0,306,700,850,949.0,811.0,814.0,852.0,775,795,791,847,869,927.0,924,737,593.0,500.0,380.0,249.0
55432,2012-06-30T00:00:00Z,2012,6,6,False,True,16440,314.0,198.0,125.0,100.0,108.0,180,437,684,840.0,880.0,953.0,1059.0,1166,1225,1197,1002,1122,962.0,870,779,644.0,472.0,571.0,552.0
55432,2012-10-20T00:00:00Z,2012,10,6,False,False,17975,348.0,168.0,148.0,121.0,113.0,242,566,767,1070.0,1088.0,1239.0,1336.0,1141,1326,1121,997,1048,958.0,911,901,686.0,561.0,593.0,526.0
55432,2012-10-22T00:00:00Z,2012,10,1,False,False,14418,105.0,28.0,48.0,41.0,91.0,359,785,972,851.0,825.0,866.0,835.0,829,786,846,862,902,950.0,893,778,595.0,536.0,360.0,275.0
55432,2012-11-05T00:00:00Z,2012,11,1,False,False,15119,116.0,70.0,53.0,58.0,93.0,342,859,983,961.0,909.0,862.0,910.0,901,845,906,865,941,1056.0,900,698,649.0,573.0,380.0,189.0
55432,2012-11-07T00:00:00Z,2012,11,3,False,False,16203,134.0,69.0,43.0,44.0,99.0,376,909,961,1006.0,887.0,916.0,893.0,890,832,935,875,924,1043.0,970,1009,744.0,819.0,521.0,304.0
55432,2012-11-08T00:00:00Z,2012,11,4,False,False,16480,174.0,74.0,62.0,54.0,80.0,404,863,1019,1037.0,895.0,941.0,876.0,863,880,911,872,962,1072.0,1102,961,733.0,707.0,588.0,350.0
55432,2012-11-13T00:00:00Z,2012,11,2,False,False,15905,120.0,75.0,62.0,49.0,104.0,385,903,979,991.0,845.0,879.0,911.0,851,791,875,963,977,1074.0,1014,864,708.0,660.0,507.0,318.0
55432,2012-11-14T00:00:00Z,2012,11,3,False,False,16076,134.0,68.0,63.0,49.0,77.0,367,855,981,921.0,894.0,884.0,826.0,881,924,886,934,959,1092.0,934,980,752.0,759.0,546.0,310.0
55432,2012-12-06T00:00:00Z,2012,12,4,False,False,16504,184.0,86.0,81.0,53.0,93.0,430,874,928,960.0,924.0,938.0,905.0,933,886,937,942,945,1009.0,954,871,756.0,728.0,629.0,458.0
55432,2012-12-07T00:00:00Z,2012,12,5,False,False,16704,233.0,128.0,77.0,57.0,83.0,395,861,950,986.0,878.0,939.0,951.0,969,927,951,957,949,982.0,937,936,697.0,621.0,625.0,615.0
55432,2012-12-09T00:00:00Z,2012,12,7,False,False,14692,464.0,264.0,176.0,128.0,111.0,162,233,412,597.0,893.0,993.0,1057.0,1151,1102,1009,983,878,866.0,785,631,572.0,601.0,403.0,221.0
55432,2012-12-13T00:00:00Z,2012,12,4,False,False,16502,205.0,91.0,72.0,56.0,88.0,435,807,981,988.0,927.0,888.0,958.0,945,949,941,945,951,1040.0,1015,878,677.0,677.0,580.0,408.0
55432,2012-12-14T00:00:00Z,2012,12,5,False,False,16339,193.0,128.0,85.0,70.0,92.0,378,835,921,968.0,941.0,922.0,937.0,985,960,936,927,964,895.0,920,795,718.0,582.0,615.0,572.0
55432,2012-12-26T00:00:00Z,2012,12,3,True,True,12485,145.0,65.0,68.0,37.0,46.0,106,201,289,402.0,524.0,768.0,1014.0,1248,1035,952,842,730,873.0,944,610,530.0,430.0,392.0,234.0
55432,2012-12-27T00:00:00Z,2012,12,4,False,True,12732,164.0,103.0,84.0,64.0,74.0,183,411,421,524.0,624.0,807.0,862.0,894,885,792,690,748,831.0,973,878,539.0,466.0,468.0,247.0
55432,2012-12-30T00:00:00Z,2012,12,7,False,True,12483,296.0,154.0,123.0,99.0,94.0,128,249,273,390.0,619.0,721.0,865.0,968,975,936,852,809,788.0,724,655,564.0,489.0,393.0,319.0
55432,2012-01-01T00:00:00Z,2012,1,7,True,True,12960,332.0,472.0,477.0,286.0,223.0,201,182,208,320.0,423.0,676.0,845.0,1006,1086,1061,978,809,698.0,674,548,437.0,422.0,360.0,236.0
55432,2012-06-03T00:00:00Z,2012,6,7,False,False,13076,429.0,228.0,170.0,134.0,98.0,150,213,307,433.0,688.0,792.0,876.0,1077,1081,910,980,852,891.0,718,595,515.0,422.0,331.0,186.0
55432,2012-06-04T00:00:00Z,2012,6,1,False,False,14134,97.0,44.0,49.0,50.0,78.0,335,733,934,920.0,879.0,819.0,847.0,754,779,844,873,912,1032.0,850,680,580.0,483.0,374.0,188.0
55432,2012-06-08T00:00:00Z,2012,6,5,False,False,15650,171.0,82.0,52.0,53.0,87.0,298,757,979,950.0,879.0,874.0,893.0,952,895,1012,973,991,945.0,855,773,628.0,536.0,543.0,472.0
55432,2012-06-09T00:00:00Z,2012,6,6,False,False,15490,297.0,183.0,124.0,111.0,103.0,162,356,567,826.0,846.0,928.0,967.0,996,1059,1012,972,915,867.0,957,885,723.0,555.0,545.0,534.0
55432,2012-06-10T00:00:00Z,2012,6,7,False,False,12716,343.0,208.0,147.0,123.0,109.0,129,208,286,460.0,629.0,784.0,879.0,1024,1021,1055,839,710,739.0,737,620,485.0,447.0,399.0,335.0
55432,2012-06-13T00:00:00Z,2012,6,3,False,False,14318,104.0,55.0,39.0,40.0,83.0,309,737,902,973.0,884.0,781.0,790.0,823,792,859,754,816,882.0,850,752,535.0,474.0,574.0,510.0
55432,2012-06-17T00:00:00Z,2012,6,7,False,False,14271,440.0,275.0,176.0,114.0,119.0,142,218,303,532.0,748.0,909.0,1082.0,1132,1103,1067,985,990,962.0,846,602,504.0,455.0,371.0,196.0
55432,2012-07-01T00:00:00Z,2012,7,7,False,True,13715,367.0,218.0,146.0,135.0,115.0,149,221,331,548.0,727.0,813.0,1033.0,1091,1045,1026,1021,891,879.0,798,651,472.0,491.0,337.0,210.0
55432,2012-07-03T00:00:00Z,2012,7,2,False,True,14518,91.0,53.0,41.0,41.0,84.0,331,723,836,896.0,928.0,885.0,866.0,866,871,793,860,826,964.0,910,798,620.0,582.0,407.0,246.0
55432,2012-07-04T00:00:00Z,2012,7,3,False,True,14228,111.0,40.0,46.0,42.0,86.0,310,733,886,848.0,929.0,914.0,907.0,868,818,764,800,800,896.0,918,779,484.0,442.0,506.0,301.0
55432,2012-07-05T00:00:00Z,2012,7,4,False,True,14092,141.0,76.0,59.0,50.0,80.0,291,707,780,878.0,763.0,808.0,826.0,848,760,789,780,850,930.0,911,722,662.0,576.0,466.0,339.0
55432,2012-07-09T00:00:00Z,2012,7,1,False,True,13404,108.0,55.0,46.0,50.0,74.0,313,706,769,824.0,783.0,824.0,855.0,791,830,726,800,842,886.0,853,648,547.0,518.0,357.0,199.0
55432,2012-07-13T00:00:00Z,2012,7,5,False,True,15413,192.0,87.0,66.0,66.0,80.0,323,741,808,831.0,936.0,921.0,890.0,880,974,895,891,884,924.0,892,875,631.0,598.0,515.0,513.0
55432,2012-07-14T00:00:00Z,2012,7,6,False,True,15817,342.0,184.0,127.0,95.0,112.0,209,449,618,807.0,859.0,1011.0,1011.0,1001,1087,1023,980,912,951.0,877,842,651.0,524.0,609.0,536.0
55432,2012-07-19T00:00:00Z,2012,7,4,False,False,15647,242.0,129.0,93.0,120.0,88.0,305,782,892,1053.0,893.0,886.0,818.0,842,856,834,933,925,993.0,916,866,716.0,687.0,494.0,284.0
55432,2012-07-25T00:00:00Z,2012,7,3,False,False,16297,122.0,53.0,38.0,61.0,80.0,291,748,978,941.0,948.0,931.0,902.0,926,877,905,919,988,1030.0,1053,1074,817.0,720.0,534.0,361.0
55432,2012-07-27T00:00:00Z,2012,7,5,False,False,15768,191.0,94.0,62.0,70.0,80.0,278,760,944,950.0,933.0,891.0,906.0,843,919,888,904,966,992.0,850,904,683.0,604.0,591.0,465.0
55432,2012-07-28T00:00:00Z,2012,7,6,False,False,16334,293.0,175.0,120.0,93.0,101.0,196,505,729,937.0,1008.0,1065.0,1062.0,1145,1077,1061,982,941,900.0,893,857,614.0,542.0,557.0,481.0
55432,2012-07-30T00:00:00Z,2012,7,1,False,False,14252,87.0,55.0,49.0,38.0,72.0,308,762,941,965.0,851.0,803.0,816.0,841,781,826,842,906,1034.0,901,727,622.0,489.0,358.0,178.0
55432,2012-07-31T00:00:00Z,2012,7,2,False,False,15128,81.0,62.0,46.0,49.0,75.0,327,760,936,1027.0,891.0,842.0,786.0,844,842,839,928,940,1047.0,1011,788,642.0,675.0,445.0,245.0
55432,2012-08-02T00:00:00Z,2012,8,4,False,False,15741,138.0,64.0,51.0,57.0,85.0,343,813,936,926.0,951.0,872.0,867.0,848,809,915,902,997,1063.0,990,912,724.0,630.0,563.0,285.0
55432,2012-08-06T00:00:00Z,2012,8,1,False,False,15337,96.0,57.0,45.0,42.0,96.0,362,789,1011,1027.0,901.0,982.0,914.0,937,956,929,893,940,1078.0,932,687,592.0,531.0,375.0,165.0
55432,2012-12-21T00:00:00Z,2012,12,5,False,False,15393,230.0,144.0,87.0,70.0,93.0,361,742,810,906.0,852.0,940.0,974.0,1011,1009,912,931,857,875.0,735,715,612.0,509.0,564.0,454.0
55432,2012-12-29T00:00:00Z,2012,12,6,False,True,13065,204.0,119.0,91.0,67.0,91.0,173,356,401,566.0,652.0,789.0,899.0,985,977,959,892,845,789.0,737,690,527.0,490.0,426.0,340.0
55432,2012-08-07T00:00:00Z,2012,8,2,False,False,15831,73.0,46.0,53.0,40.0,75.0,360,829,942,1034.0,1012.0,1036.0,918.0,874,907,914,922,1008,1020.0,967,834,656.0,673.0,422.0,216.0
55432,2012-08-14T00:00:00Z,2012,8,2,False,False,15646,88.0,57.0,43.0,47.0,86.0,332,838,991,1076.0,862.0,877.0,917.0,853,830,858,997,889,1049.0,964,956,687.0,645.0,476.0,228.0
55432,2012-08-20T00:00:00Z,2012,8,1,False,False,14726,90.0,69.0,45.0,47.0,72.0,363,808,916,1024.0,888.0,823.0,872.0,809,893,887,929,930,1014.0,921,705,574.0,500.0,348.0,199.0
55432,2012-08-22T00:00:00Z,2012,8,3,False,False,15945,107.0,54.0,44.0,47.0,100.0,335,877,954,994.0,970.0,1015.0,956.0,962,830,918,918,894,1086.0,956,832,705.0,646.0,462.0,283.0
55432,2012-09-09T00:00:00Z,2012,9,7,False,False,15106,367.0,218.0,174.0,134.0,124.0,155,316,396,551.0,916.0,1116.0,1169.0,1233,1317,1131,958,911,843.0,842,635,520.0,519.0,359.0,202.0
55432,2012-09-11T00:00:00Z,2012,9,2,False,False,15196,96.0,66.0,44.0,46.0,73.0,370,850,1003,1029.0,917.0,816.0,806.0,810,853,891,941,925,965.0,903,877,653.0,650.0,405.0,207.0
55432,2012-09-14T00:00:00Z,2012,9,5,False,False,16745,163.0,71.0,66.0,54.0,97.0,351,815,915,989.0,1014.0,975.0,904.0,922,946,961,983,982,1049.0,970,981,757.0,626.0,599.0,555.0
55432,2012-09-15T00:00:00Z,2012,9,6,False,False,16503,334.0,186.0,125.0,100.0,88.0,231,541,681,897.0,1137.0,1118.0,1031.0,1125,938,1003,771,1034,993.0,974,769,644.0,553.0,640.0,590.0
55432,2012-09-16T00:00:00Z,2012,9,7,False,False,12066,410.0,249.0,156.0,107.0,222.0,380,486,74,29.0,38.0,22.0,488.0,1335,1033,1058,990,917,867.0,891,640,575.0,462.0,394.0,243.0
55432,2012-09-23T00:00:00Z,2012,9,7,False,False,15533,380.0,249.0,179.0,154.0,118.0,164,273,384,560.0,968.0,1060.0,1301.0,1241,1318,1088,1069,963,903.0,800,673,574.0,493.0,386.0,235.0
55432,2012-10-06T00:00:00Z,2012,10,6,False,True,15579,307.0,154.0,123.0,93.0,108.0,247,530,628,939.0,943.0,1048.0,1047.0,847,851,873,979,903,966.0,907,864,631.0,554.0,537.0,500.0
55432,2012-10-08T00:00:00Z,2012,10,1,False,False,14326,114.0,63.0,36.0,48.0,90.0,340,746,907,931.0,876.0,804.0,799.0,828,800,819,913,872,1044.0,845,694,629.0,540.0,367.0,221.0
55432,2012-10-11T00:00:00Z,2012,10,4,False,False,15790,133.0,62.0,53.0,51.0,89.0,320,736,947,965.0,862.0,840.0,864.0,933,837,865,890,995,1023.0,985,982,752.0,672.0,596.0,338.0
55432,2012-10-13T00:00:00Z,2012,10,6,False,False,17059,315.0,194.0,131.0,120.0,99.0,225,516,661,852.0,949.0,967.0,925.0,1139,1120,1147,1107,1139,1117.0,971,838,670.0,635.0,656.0,566.0
55432,2012-10-19T00:00:00Z,2012,10,5,False,False,16526,193.0,84.0,63.0,66.0,94.0,362,871,976,847.0,925.0,1000.0,1057.0,972,986,993,1011,952,866.0,814,905,769.0,660.0,574.0,486.0
55432,2012-10-27T00:00:00Z,2012,10,6,False,False,17852,310.0,188.0,142.0,108.0,119.0,248,597,892,1070.0,1058.0,1081.0,1119.0,1074,1123,1158,1188,1031,1006.0,998,901,678.0,588.0,614.0,561.0
55432,2012-10-28T00:00:00Z,2012,10,7,False,False,15576,423.0,261.0,202.0,179.0,140.0,187,301,480,673.0,861.0,1029.0,1136.0,1276,1092,1031,1038,1026,896.0,869,685,565.0,545.0,431.0,250.0
55432,2012-11-02T00:00:00Z,2012,11,5,False,False,17089,180.0,73.0,79.0,58.0,85.0,382,919,1056,977.0,932.0,1008.0,976.0,952,987,1083,1002,1052,979.0,919,936,737.0,599.0,599.0,519.0
55432,2012-11-03T00:00:00Z,2012,11,6,False,False,17562,360.0,207.0,138.0,118.0,121.0,205,571,757,997.0,1011.0,1088.0,1127.0,1107,1133,1161,1108,990,948.0,1014,933,775.0,573.0,590.0,530.0
55432,2012-11-10T00:00:00Z,2012,11,6,False,False,17324,339.0,182.0,126.0,110.0,107.0,241,648,715,948.0,999.0,985.0,990.0,1063,1051,1095,1119,1062,1167.0,1087,949,691.0,575.0,498.0,577.0
55432,2012-12-04T00:00:00Z,2012,12,2,False,False,15419,128.0,58.0,42.0,45.0,76.0,324,764,929,969.0,852.0,918.0,918.0,831,902,859,905,897,1088.0,968,856,680.0,672.0,488.0,250.0
55432,2012-12-18T00:00:00Z,2012,12,2,False,False,16124,122.0,68.0,59.0,57.0,78.0,411,854,930,1010.0,930.0,873.0,932.0,999,965,947,1001,957,1053.0,936,906,634.0,606.0,507.0,289.0
55432,2012-03-20T00:00:00Z,2012,3,2,False,False,15897,103.0,61.0,54.0,47.0,79.0,352,719,935,975.0,940.0,891.0,891.0,895,821,939,938,1004,1040.0,1034,970,732.0,672.0,502.0,303.0
55432,2012-03-21T00:00:00Z,2012,3,3,False,False,16124,120.0,74.0,56.0,50.0,75.0,314,761,1000,1009.0,891.0,903.0,912.0,870,876,894,996,938,1009.0,1001,872,767.0,880.0,546.0,310.0
55432,2012-03-22T00:00:00Z,2012,3,4,False,False,16165,194.0,81.0,64.0,61.0,85.0,315,762,919,1033.0,869.0,919.0,881.0,879,851,977,956,993,982.0,937,909,772.0,775.0,615.0,336.0
55432,2012-04-07T00:00:00Z,2012,4,6,True,True,14265,214.0,126.0,86.0,81.0,89.0,170,324,489,687.0,979.0,1072.0,1207.0,1170,1082,908,791,728,697.0,783,713,567.0,459.0,428.0,415.0
55432,2012-04-09T00:00:00Z,2012,4,1,True,True,13979,185.0,113.0,82.0,83.0,82.0,145,246,336,456.0,842.0,1101.0,1202.0,1187,1146,1094,908,877,875.0,755,655,534.0,501.0,355.0,219.0
55432,2012-04-14T00:00:00Z,2012,4,6,False,True,16603,323.0,197.0,139.0,98.0,105.0,171,506,643,856.0,1041.0,1108.0,1154.0,1162,1192,1098,1027,1008,880.0,865,801,617.0,554.0,574.0,484.0
55432,2012-04-15T00:00:00Z,2012,4,7,False,True,14526,391.0,268.0,164.0,130.0,98.0,165,282,366,585.0,857.0,1072.0,1142.0,1185,1044,1014,934,820,832.0,799,687,577.0,441.0,430.0,243.0
55432,2012-04-20T00:00:00Z,2012,4,5,False,True,16602,208.0,116.0,92.0,74.0,91.0,336,782,839,992.0,950.0,1003.0,1032.0,1018,1029,990,925,1002,960.0,879,861,718.0,606.0,590.0,509.0
55432,2012-04-21T00:00:00Z,2012,4,6,False,True,16895,347.0,202.0,145.0,112.0,122.0,189,464,682,832.0,917.0,1114.0,1130.0,1164,1109,1111,1045,1034,1095.0,955,841,671.0,566.0,542.0,506.0
55432,2012-04-26T00:00:00Z,2012,4,4,False,False,15509,149.0,77.0,57.0,44.0,86.0,294,719,919,1023.0,929.0,867.0,875.0,905,852,895,963,951,969.0,888,804,745.0,715.0,470.0,313.0
55432,2012-05-07T00:00:00Z,2012,5,1,False,False,14232,109.0,63.0,43.0,47.0,89.0,304,746,885,894.0,856.0,814.0,758.0,790,816,843,870,888,1020.0,845,711,637.0,588.0,450.0,166.0
55432,2012-05-08T00:00:00Z,2012,5,2,False,False,15404,97.0,64.0,48.0,45.0,85.0,320,739,968,983.0,906.0,814.0,864.0,860,861,911,951,1003,965.0,985,850,721.0,612.0,507.0,245.0
55432,2012-05-11T00:00:00Z,2012,5,5,False,False,16969,149.0,79.0,48.0,65.0,84.0,300,711,1007,996.0,882.0,924.0,991.0,954,997,1047,990,1039,1035.0,1053,1001,755.0,658.0,647.0,557.0
55432,2012-05-14T00:00:00Z,2012,5,1,False,False,14510,103.0,52.0,71.0,45.0,74.0,333,750,917,892.0,940.0,794.0,828.0,881,814,857,943,900,1032.0,870,733,612.0,477.0,396.0,196.0
55432,2012-05-17T00:00:00Z,2012,5,4,False,False,15924,177.0,78.0,56.0,62.0,95.0,326,780,916,1049.0,892.0,820.0,906.0,828,907,880,939,995,1043.0,974,906,723.0,682.0,568.0,322.0
55432,2012-05-19T00:00:00Z,2012,5,6,False,False,17207,310.0,203.0,120.0,117.0,87.0,165,565,695,899.0,1035.0,973.0,1014.0,1124,1090,1159,1169,1158,879.0,848,797,690.0,668.0,752.0,690.0
55432,2012-05-20T00:00:00Z,2012,5,7,False,False,14057,419.0,225.0,195.0,167.0,214.0,313,271,410,583.0,792.0,890.0,948.0,1038,1001,927,893,822,898.0,835,639,527.0,458.0,376.0,216.0
55432,2012-05-21T00:00:00Z,2012,5,1,False,False,14667,95.0,63.0,39.0,48.0,98.0,318,736,908,966.0,834.0,819.0,869.0,871,871,868,913,976,1037.0,892,695,614.0,542.0,370.0,225.0
55432,2012-05-23T00:00:00Z,2012,5,3,False,False,15552,202.0,72.0,42.0,48.0,83.0,305,798,964,1034.0,924.0,900.0,902.0,891,858,912,895,945,951.0,943,857,597.0,562.0,582.0,285.0
55432,2012-05-27T00:00:00Z,2012,5,7,False,False,14420,434.0,271.0,142.0,126.0,95.0,130,242,404,613.0,928.0,948.0,1039.0,1073,1176,999,999,930,933.0,748,623,518.0,488.0,333.0,228.0
55432,2012-05-30T00:00:00Z,2012,5,3,False,False,15476,111.0,57.0,45.0,56.0,90.0,315,787,1017,987.0,931.0,870.0,862.0,901,905,901,916,957,948.0,956,787,740.0,604.0,472.0,261.0
55432,2012-05-31T00:00:00Z,2012,5,4,False,False,15761,149.0,78.0,58.0,57.0,91.0,332,775,978,1074.0,903.0,903.0,879.0,890,843,840,968,875,976.0,996,861,750.0,671.0,517.0,297.0
55432,2012-01-02T00:00:00Z,2012,1,1,True,True,13843,88.0,81.0,73.0,64.0,60.0,147,252,351,510.0,790.0,1026.0,1243.0,1267,1218,1199,989,844,810.0,659,571,500.0,480.0,382.0,239.0
55432,2012-01-09T00:00:00Z,2012,1,1,False,True,13678,145.0,70.0,49.0,47.0,90.0,245,660,739,853.0,780.0,740.0,838.0,875,839,826,840,851,997.0,847,678,553.0,436.0,383.0,297.0
55432,2012-01-12T00:00:00Z,2012,1,4,False,True,15781,161.0,78.0,44.0,62.0,94.0,311,732,706,920.0,878.0,845.0,946.0,880,885,795,910,934,1078.0,1096,973,815.0,581.0,609.0,448.0
55432,2012-01-14T00:00:00Z,2012,1,6,False,True,15421,349.0,182.0,151.0,108.0,99.0,159,402,569,810.0,911.0,883.0,1014.0,1088,1007,1005,972,942,928.0,847,762,641.0,562.0,545.0,485.0
55432,2012-01-18T00:00:00Z,2012,1,3,False,True,16426,144.0,56.0,45.0,46.0,82.0,331,788,853,880.0,939.0,924.0,947.0,945,902,889,925,1049,1153.0,1126,1001,699.0,628.0,654.0,420.0
55432,2012-01-19T00:00:00Z,2012,1,4,False,True,15498,162.0,68.0,57.0,51.0,94.0,310,782,914,894.0,905.0,814.0,929.0,919,916,877,854,921,1014.0,864,913,694.0,615.0,581.0,350.0
55432,2012-01-21T00:00:00Z,2012,1,6,False,True,15901,302.0,196.0,138.0,126.0,117.0,183,473,648,853.0,868.0,880.0,966.0,1013,1048,994,944,981,940.0,985,880,650.0,609.0,593.0,514.0
55432,2012-01-24T00:00:00Z,2012,1,2,False,True,15686,154.0,57.0,38.0,49.0,90.0,316,825,832,946.0,859.0,920.0,873.0,827,847,842,911,943,1020.0,1117,982,777.0,632.0,499.0,330.0
55432,2012-01-26T00:00:00Z,2012,1,4,True,True,12112,278.0,162.0,100.0,89.0,71.0,157,220,341,407.0,595.0,748.0,878.0,865,961,845,840,760,636.0,673,579,482.0,529.0,514.0,382.0
55432,2012-02-11T00:00:00Z,2012,2,6,False,False,16954,327.0,172.0,120.0,104.0,111.0,189,464,697,1004.0,1072.0,999.0,979.0,1088,1085,1014,1015,1084,958.0,1068,896,787.0,608.0,568.0,545.0
55432,2012-02-13T00:00:00Z,2012,2,1,False,False,14772,31.0,52.0,35.0,48.0,85.0,342,750,1012,1005.0,870.0,861.0,831.0,805,843,906,856,878,1071.0,928,777,594.0,542.0,381.0,269.0
55432,2012-02-15T00:00:00Z,2012,2,3,False,False,16499,178.0,77.0,57.0,65.0,80.0,328,816,997,1054.0,997.0,949.0,883.0,908,866,1002,946,971,1005.0,1027,811,735.0,742.0,577.0,428.0
55432,2012-02-16T00:00:00Z,2012,2,4,False,False,16808,174.0,78.0,55.0,72.0,84.0,347,888,889,1042.0,979.0,903.0,861.0,972,946,1007,908,968,1190.0,1055,937,780.0,686.0,572.0,415.0
55432,2012-02-19T00:00:00Z,2012,2,7,False,False,15587,408.0,264.0,160.0,120.0,128.0,174,260,437,625.0,873.0,967.0,1160.0,1247,1111,1124,1045,1059,982.0,959,768,597.0,505.0,338.0,276.0
55432,2012-02-20T00:00:00Z,2012,2,1,False,False,14947,113.0,66.0,46.0,49.0,75.0,329,793,963,1016.0,861.0,916.0,920.0,814,858,862,898,944,1033.0,976,758,559.0,522.0,371.0,205.0
55432,2012-02-29T00:00:00Z,2012,2,3,False,False,15626,160.0,63.0,58.0,59.0,84.0,287,740,917,1046.0,914.0,940.0,843.0,851,757,910,925,894,980.0,896,889,828.0,726.0,526.0,333.0
55432,2012-03-01T00:00:00Z,2012,3,4,False,False,16397,210.0,75.0,54.0,60.0,78.0,327,720,959,1033.0,937.0,873.0,896.0,814,851,971,979,984,1077.0,974,1013,806.0,732.0,583.0,391.0
55432,2012-03-02T00:00:00Z,2012,3,5,False,False,15646,197.0,85.0,66.0,61.0,92.0,313,702,895,939.0,932.0,895.0,862.0,865,868,919,912,959,946.0,885,876,693.0,682.0,536.0,466.0
55432,2012-03-03T00:00:00Z,2012,3,6,False,False,17928,333.0,181.0,146.0,129.0,95.0,170,395,595,876.0,967.0,1015.0,977.0,1036,1012,987,980,1003,1125.0,1124,952,881.0,871.0,1066.0,1012.0
55432,2013-10-06T00:00:00Z,2013,10,7,False,True,14711,356.0,180.0,,137.0,147.0,130,221,341,486.0,701.0,809.0,1032.0,1095,1103,1033,1040,908,890.0,907,656,523.0,503.0,875.0,638.0
55432,2013-11-11T00:00:00Z,2013,11,1,False,False,13277,103.0,69.0,50.0,45.0,83.0,339,744,945,,819.0,822.0,769.0,863,901,768,863,897,963.0,927,686,611.0,453.0,359.0,198.0
55432,2013-09-02T00:00:00Z,2013,9,1,False,False,14617,159.0,,48.0,54.0,84.0,349,729,914,962.0,853.0,847.0,822.0,805,875,868,885,975,1034.0,919,711,632.0,554.0,360.0,178.0
55432,2013-01-02T00:00:00Z,2013,1,3,False,True,12158,157.0,66.0,58.0,49.0,76.0,195,446,500,619.0,633.0,768.0,919.0,895,835,774,764,761,813.0,660,589,482.0,479.0,382.0,238.0
55432,2013-10-01T00:00:00Z,2013,10,2,False,True,14797,87.0,56.0,41.0,38.0,91.0,376,798,834,871.0,812.0,912.0,869.0,840,891,843,784,864,969.0,896,874,706.0,630.0,445.0,270.0
55432,2013-10-04T00:00:00Z,2013,10,5,False,True,16351,239.0,85.0,61.0,59.0,99.0,371,801,881,896.0,932.0,923.0,986.0,935,973,893,907,975,956.0,948,945,839.0,644.0,576.0,427.0
55432,2013-10-10T00:00:00Z,2013,10,4,False,False,16823,130.0,71.0,55.0,46.0,98.0,362,819,905,981.0,989.0,1049.0,1022.0,979,966,988,957,1081,1135.0,1050,924,734.0,665.0,502.0,315.0
55432,2013-10-15T00:00:00Z,2013,10,2,False,False,15589,123.0,55.0,49.0,45.0,99.0,377,802,978,958.0,873.0,939.0,864.0,878,895,876,902,968,1059.0,956,812,759.0,606.0,489.0,227.0
55432,2013-10-25T00:00:00Z,2013,10,5,False,False,16423,184.0,77.0,66.0,61.0,105.0,327,825,953,994.0,926.0,973.0,966.0,957,946,946,965,949,945.0,902,910,704.0,622.0,599.0,521.0
55432,2013-10-26T00:00:00Z,2013,10,6,False,False,17707,365.0,171.0,133.0,104.0,115.0,238,593,777,1081.0,954.0,982.0,1015.0,1153,1212,1041,1133,1173,1036.0,1106,982,681.0,558.0,538.0,566.0
55432,2013-11-01T00:00:00Z,2013,11,5,False,False,16822,315.0,99.0,78.0,72.0,115.0,366,906,976,923.0,936.0,1049.0,941.0,980,896,960,963,1039,1038.0,896,862,682.0,649.0,580.0,501.0
55432,2013-11-07T00:00:00Z,2013,11,4,False,False,16945,143.0,73.0,51.0,52.0,103.0,435,863,947,965.0,968.0,1035.0,992.0,1024,1019,970,1028,974,1097.0,1048,875,751.0,706.0,537.0,289.0
55432,2013-11-08T00:00:00Z,2013,11,5,False,False,16883,155.0,77.0,57.0,64.0,110.0,397,871,1016,996.0,1000.0,1047.0,1042.0,971,966,939,976,1035,1004.0,965,890,633.0,625.0,590.0,457.0
55432,2013-11-10T00:00:00Z,2013,11,7,False,False,14421,369.0,227.0,155.0,132.0,119.0,142,311,419,538.0,794.0,808.0,934.0,1099,1062,1048,1088,1008,948.0,918,646,545.0,482.0,408.0,221.0
55432,2013-11-13T00:00:00Z,2013,11,3,False,False,16515,127.0,47.0,41.0,60.0,99.0,420,828,997,1042.0,930.0,925.0,944.0,874,1029,932,948,999,1115.0,1009,888,780.0,701.0,510.0,270.0
55432,2013-12-11T00:00:00Z,2013,12,3,False,False,16221,189.0,82.0,59.0,56.0,121.0,385,748,953,947.0,877.0,934.0,956.0,918,918,903,963,1004,1042.0,958,788,703.0,730.0,604.0,383.0
55432,2013-12-12T00:00:00Z,2013,12,4,False,False,16673,239.0,102.0,55.0,61.0,112.0,445,842,944,1021.0,876.0,954.0,920.0,980,875,947,967,954,1060.0,1027,950,686.0,674.0,591.0,391.0
55432,2013-12-24T00:00:00Z,2013,12,2,False,True,11369,173.0,93.0,70.0,57.0,81.0,285,538,569,658.0,648.0,772.0,784.0,845,806,805,675,644,563.0,506,440,383.0,346.0,356.0,272.0
55432,2013-12-26T00:00:00Z,2013,12,4,True,True,13659,138.0,70.0,68.0,48.0,53.0,113,226,314,452.0,602.0,829.0,1051.0,1256,1181,1153,874,829,885.0,1109,711,537.0,515.0,382.0,263.0
55432,2013-12-29T00:00:00Z,2013,12,7,False,True,13247,232.0,155.0,106.0,91.0,100.0,122,288,286,445.0,601.0,738.0,873.0,1043,930,894,895,886,1066.0,1054,647,559.0,459.0,441.0,336.0
55432,2013-12-31T00:00:00Z,2013,12,2,False,True,12781,160.0,117.0,69.0,66.0,80.0,224,440,497,589.0,725.0,925.0,906.0,1010,889,899,727,684,707.0,645,658,560.0,425.0,452.0,327.0
55432,2013-08-28T00:00:00Z,2013,8,3,False,False,15683,98.0,59.0,39.0,46.0,93.0,322,788,975,974.0,965.0,902.0,910.0,899,953,883,958,1010,989.0,960,796,697.0,646.0,494.0,227.0
55432,2013-09-04T00:00:00Z,2013,9,3,False,False,16002,126.0,51.0,48.0,50.0,88.0,369,820,1019,1012.0,943.0,908.0,899.0,874,908,924,969,968,1057.0,964,892,675.0,670.0,505.0,263.0
55432,2013-09-06T00:00:00Z,2013,9,5,False,False,16278,176.0,78.0,50.0,48.0,89.0,346,768,894,1050.0,971.0,1006.0,945.0,984,952,939,973,987,901.0,826,818,633.0,553.0,704.0,587.0
55432,2013-09-08T00:00:00Z,2013,9,7,False,False,15129,433.0,223.0,168.0,122.0,105.0,142,271,409,598.0,955.0,1070.0,1201.0,1188,1162,1051,999,886,859.0,841,562,550.0,628.0,501.0,205.0
55432,2013-09-09T00:00:00Z,2013,9,1,False,False,14683,109.0,72.0,52.0,42.0,95.0,355,771,941,970.0,880.0,814.0,860.0,884,816,841,898,973,1009.0,966,724,590.0,509.0,337.0,175.0
55432,2013-09-10T00:00:00Z,2013,9,2,False,False,15222,101.0,50.0,34.0,48.0,93.0,369,788,953,1001.0,755.0,956.0,901.0,877,885,873,908,961,988.0,923,798,718.0,604.0,413.0,225.0
55432,2013-09-16T00:00:00Z,2013,9,1,False,False,14045,115.0,45.0,46.0,43.0,79.0,380,747,971,951.0,780.0,814.0,864.0,794,757,869,904,894,982.0,873,643,543.0,465.0,307.0,179.0
55432,2013-09-17T00:00:00Z,2013,9,2,False,False,15334,92.0,48.0,45.0,49.0,81.0,327,731,919,1007.0,878.0,887.0,876.0,835,845,854,1020,996,1032.0,1013,919,679.0,560.0,433.0,208.0
55432,2013-09-22T00:00:00Z,2013,9,7,False,True,16651,404.0,272.0,158.0,132.0,114.0,232,487,667,777.0,1163.0,1398.0,1498.0,1181,1159,1035,1016,937,871.0,841,655,559.0,487.0,394.0,214.0
55432,2013-09-24T00:00:00Z,2013,9,2,False,True,15788,184.0,97.0,88.0,90.0,111.0,372,791,901,843.0,811.0,963.0,954.0,892,845,895,920,995,1047.0,1049,907,661.0,603.0,492.0,277.0
55432,2013-01-17T00:00:00Z,2013,1,4,False,True,16097,133.0,72.0,54.0,51.0,81.0,389,780,811,865.0,947.0,955.0,929.0,971,964,910,847,949,1094.0,1083,952,750.0,632.0,526.0,352.0
55432,2013-01-20T00:00:00Z,2013,1,7,False,True,14791,411.0,205.0,154.0,135.0,102.0,181,264,336,529.0,762.0,876.0,1066.0,1201,1256,1153,992,868,904.0,839,721,568.0,582.0,463.0,223.0
55432,2013-01-25T00:00:00Z,2013,1,5,False,True,17500,354.0,167.0,142.0,75.0,90.0,398,808,873,976.0,1037.0,1075.0,1071.0,1043,990,963,907,941,1092.0,995,1028,775.0,675.0,580.0,445.0
55432,2013-02-05T00:00:00Z,2013,2,2,False,False,15732,105.0,48.0,55.0,61.0,69.0,395,862,917,951.0,919.0,862.0,838.0,787,906,927,853,981,1100.0,1126,864,746.0,631.0,455.0,274.0
55432,2013-02-15T00:00:00Z,2013,2,5,False,False,15997,198.0,84.0,61.0,69.0,88.0,369,814,951,1009.0,879.0,894.0,889.0,879,896,875,912,940,1035.0,934,851,691.0,631.0,562.0,486.0
55432,2013-03-07T00:00:00Z,2013,3,4,False,False,17764,186.0,104.0,55.0,58.0,79.0,419,921,940,992.0,898.0,991.0,1004.0,955,926,1003,915,1103,1154.0,1110,1141,1009.0,712.0,622.0,467.0
55432,2013-03-13T00:00:00Z,2013,3,3,False,False,17072,171.0,69.0,46.0,61.0,90.0,425,861,1008,1019.0,929.0,905.0,953.0,889,964,915,1010,1026,1003.0,1014,1092,906.0,763.0,589.0,364.0
55432,2013-03-14T00:00:00Z,2013,3,4,False,False,16880,180.0,73.0,59.0,63.0,83.0,419,816,1000,1036.0,990.0,863.0,922.0,955,974,923,928,997,1147.0,1063,962,801.0,676.0,592.0,358.0
55432,2013-03-15T00:00:00Z,2013,3,5,False,False,17430,167.0,86.0,56.0,55.0,85.0,380,827,944,1031.0,943.0,919.0,973.0,1021,958,989,950,1038,1181.0,1083,1115,771.0,641.0,672.0,545.0
55432,2013-03-18T00:00:00Z,2013,3,1,False,False,15300,133.0,70.0,53.0,65.0,88.0,413,824,993,965.0,929.0,872.0,816.0,837,867,834,838,927,1100.0,986,716,631.0,654.0,375.0,314.0
55432,2013-03-22T00:00:00Z,2013,3,5,False,False,16710,155.0,95.0,53.0,59.0,77.0,391,895,913,961.0,1082.0,961.0,971.0,937,959,947,956,954,962.0,952,777,757.0,711.0,657.0,528.0
55432,2013-03-28T00:00:00Z,2013,3,4,False,False,16439,189.0,119.0,48.0,55.0,96.0,336,800,899,960.0,937.0,952.0,958.0,984,1021,1008,908,1027,1047.0,857,849,654.0,663.0,624.0,448.0
55432,2013-09-26T00:00:00Z,2013,9,4,False,True,16155,147.0,64.0,59.0,45.0,107.0,361,817,888,884.0,912.0,927.0,984.0,938,968,865,903,1025,1072.0,1057,866,682.0,652.0,546.0,386.0
55432,2013-09-29T00:00:00Z,2013,9,7,False,True,14973,380.0,240.0,154.0,117.0,109.0,180,293,428,634.0,863.0,951.0,1123.0,1259,1200,1099,985,908,841.0,796,665,551.0,509.0,396.0,292.0
55432,2013-10-09T00:00:00Z,2013,10,3,False,False,16050,95.0,59.0,43.0,40.0,88.0,340,820,997,983.0,875.0,901.0,997.0,928,1031,939,1013,941,988.0,1019,825,739.0,611.0,516.0,262.0
55432,2013-10-13T00:00:00Z,2013,10,7,False,False,15334,426.0,224.0,152.0,129.0,115.0,168,260,433,671.0,861.0,1098.0,1144.0,1284,1148,1114,997,949,942.0,786,679,549.0,527.0,422.0,256.0
55432,2013-10-14T00:00:00Z,2013,10,1,False,False,15139,132.0,56.0,52.0,49.0,84.0,364,760,964,896.0,913.0,917.0,866.0,892,877,910,877,955,1098.0,1018,727,635.0,525.0,380.0,192.0
55432,2013-10-17T00:00:00Z,2013,10,4,False,False,16235,147.0,67.0,44.0,51.0,96.0,374,803,981,933.0,882.0,975.0,896.0,982,1025,906,919,993,1032.0,957,898,709.0,626.0,595.0,344.0
55432,2013-10-23T00:00:00Z,2013,10,3,False,False,16197,115.0,64.0,42.0,36.0,89.0,333,844,992,970.0,952.0,948.0,996.0,935,953,939,925,996,1037.0,956,827,749.0,678.0,549.0,272.0
55432,2013-10-24T00:00:00Z,2013,10,4,False,False,16691,182.0,71.0,56.0,56.0,107.0,377,891,992,980.0,879.0,991.0,887.0,1021,966,917,943,992,1046.0,1019,954,734.0,687.0,562.0,381.0
55432,2013-10-27T00:00:00Z,2013,10,7,False,False,16002,490.0,262.0,192.0,125.0,143.0,156,306,515,772.0,947.0,1110.0,1159.0,1204,1189,1107,1056,961,944.0,844,654,628.0,554.0,393.0,291.0
55432,2013-12-14T00:00:00Z,2013,12,6,False,False,16466,421.0,247.0,175.0,116.0,133.0,262,573,689,893.0,1002.0,1052.0,1081.0,1085,1073,1046,904,872,839.0,828,727,615.0,593.0,600.0,640.0
55432,2013-12-17T00:00:00Z,2013,12,2,False,False,16084,116.0,71.0,56.0,45.0,95.0,427,811,892,953.0,938.0,943.0,979.0,946,951,933,951,952,1061.0,1042,860,654.0,617.0,512.0,279.0
55432,2013-12-19T00:00:00Z,2013,12,4,False,True,16843,197.0,107.0,62.0,75.0,105.0,400,790,966,985.0,930.0,938.0,963.0,949,949,980,990,957,1062.0,1013,917,818.0,702.0,587.0,401.0
55432,2013-12-27T00:00:00Z,2013,12,5,False,True,12933,153.0,92.0,73.0,74.0,86.0,207,433,449,561.0,623.0,826.0,911.0,905,957,845,753,674,682.0,765,833,708.0,510.0,443.0,370.0
55432,2013-12-30T00:00:00Z,2013,12,1,False,True,13189,201.0,99.0,64.0,57.0,90.0,219,436,488,592.0,726.0,913.0,1010.0,1069,960,931,868,765,745.0,704,596,499.0,477.0,408.0,272.0
55432,2013-02-07T00:00:00Z,2013,2,4,False,False,16389,162.0,79.0,41.0,62.0,80.0,426,818,989,1023.0,965.0,861.0,947.0,901,924,892,941,948,1005.0,997,1098,735.0,678.0,511.0,306.0
55432,2013-02-08T00:00:00Z,2013,2,5,False,False,17776,182.0,72.0,45.0,60.0,80.0,419,851,923,1043.0,1038.0,1039.0,1004.0,1101,1125,1162,1060,1122,1108.0,982,935,744.0,658.0,556.0,467.0
55432,2013-02-09T00:00:00Z,2013,2,6,False,False,17518,344.0,186.0,137.0,114.0,109.0,237,564,751,969.0,1096.0,1221.0,1146.0,1263,1194,1161,1072,934,937.0,917,827,675.0,567.0,550.0,547.0
55432,2013-02-10T00:00:00Z,2013,2,7,False,False,15610,384.0,284.0,170.0,123.0,132.0,201,313,429,682.0,843.0,993.0,1131.0,1169,1045,1178,1160,1213,919.0,901,699,520.0,493.0,406.0,222.0
55432,2013-04-11T00:00:00Z,2013,4,4,False,False,16737,127.0,69.0,55.0,57.0,88.0,403,872,998,953.0,990.0,951.0,1017.0,913,877,858,915,996,940.0,1044,1051,791.0,775.0,608.0,389.0
55432,2013-04-12T00:00:00Z,2013,4,5,False,False,17062,242.0,83.0,72.0,59.0,98.0,390,848,985,1044.0,905.0,946.0,991.0,952,947,946,1035,1011,1084.0,1124,1056,634.0,585.0,575.0,450.0
55432,2013-07-25T00:00:00Z,2013,7,4,False,False,15457,117.0,69.0,58.0,51.0,92.0,354,749,933,995.0,876.0,847.0,842.0,841,811,939,917,985,1045.0,933,826,716.0,665.0,535.0,261.0
55432,2013-08-01T00:00:00Z,2013,8,4,False,False,15760,145.0,66.0,46.0,53.0,83.0,343,794,962,987.0,891.0,863.0,901.0,848,872,921,939,975,1047.0,929,867,719.0,662.0,527.0,320.0
55432,2013-08-02T00:00:00Z,2013,8,5,False,False,15468,154.0,78.0,65.0,64.0,96.0,319,783,911,987.0,882.0,899.0,932.0,857,879,891,908,893,945.0,894,820,632.0,571.0,544.0,464.0
55432,2013-08-16T00:00:00Z,2013,8,5,False,False,15943,131.0,60.0,63.0,62.0,82.0,313,779,984,988.0,928.0,907.0,855.0,961,856,953,938,1056,1017.0,877,813,646.0,633.0,552.0,489.0
55432,2013-08-21T00:00:00Z,2013,8,3,False,False,15757,93.0,58.0,43.0,47.0,95.0,349,778,1014,1024.0,948.0,944.0,921.0,913,853,829,921,991,1066.0,983,823,695.0,656.0,445.0,268.0
55432,2013-08-22T00:00:00Z,2013,8,4,False,False,15928,130.0,64.0,50.0,56.0,81.0,348,777,961,1020.0,914.0,893.0,877.0,878,880,946,943,986,1066.0,951,884,763.0,644.0,498.0,318.0
55432,2013-08-26T00:00:00Z,2013,8,1,False,False,14790,114.0,66.0,53.0,45.0,87.0,329,782,966,938.0,880.0,823.0,891.0,887,885,868,885,985,1071.0,902,715,567.0,523.0,364.0,164.0
55432,2013-08-30T00:00:00Z,2013,8,5,False,False,17032,155.0,98.0,68.0,65.0,105.0,350,768,942,1015.0,1034.0,977.0,912.0,1004,1076,1025,996,1040,1073.0,1028,939,626.0,504.0,625.0,607.0
55432,2013-09-01T00:00:00Z,2013,9,7,False,False,14896,353.0,231.0,139.0,113.0,100.0,144,257,380,602.0,861.0,990.0,1085.0,1278,1362,1227,963,914,736.0,826,639,571.0,502.0,366.0,257.0
55432,2013-09-13T00:00:00Z,2013,9,5,False,False,15792,137.0,58.0,48.0,56.0,111.0,335,805,975,878.0,974.0,824.0,887.0,955,854,890,922,960,958.0,847,821,642.0,695.0,640.0,520.0
55432,2013-09-15T00:00:00Z,2013,9,7,False,False,13867,406.0,242.0,144.0,125.0,102.0,152,260,374,556.0,782.0,847.0,979.0,1059,1039,998,992,890,856.0,766,675,544.0,533.0,309.0,237.0
55432,2013-09-19T00:00:00Z,2013,9,4,False,False,16569,126.0,71.0,66.0,55.0,101.0,384,796,987,949.0,899.0,906.0,914.0,986,945,942,999,926,1038.0,825,872,865.0,794.0,695.0,428.0
55432,2013-09-23T00:00:00Z,2013,9,1,False,True,14860,121.0,64.0,50.0,46.0,102.0,363,808,813,869.0,799.0,881.0,939.0,911,854,845,891,943,1026.0,907,718,611.0,522.0,446.0,331.0
55432,2013-02-26T00:00:00Z,2013,2,2,False,False,16543,127.0,63.0,44.0,55.0,87.0,407,830,990,973.0,954.0,882.0,840.0,866,869,950,913,925,1122.0,1183,1093,855.0,639.0,511.0,365.0
55432,2013-03-06T00:00:00Z,2013,3,3,False,False,16843,127.0,58.0,40.0,46.0,87.0,400,846,1019,1052.0,844.0,944.0,974.0,877,906,918,906,1005,1027.0,1106,1114,909.0,689.0,568.0,381.0
55432,2013-03-08T00:00:00Z,2013,3,5,False,False,17964,257.0,109.0,76.0,55.0,96.0,392,832,984,1026.0,959.0,962.0,1044.0,1046,1083,1044,1095,1041,1081.0,1019,964,867.0,683.0,692.0,557.0
55432,2013-03-10T00:00:00Z,2013,3,7,False,False,16677,428.0,256.0,197.0,124.0,125.0,172,270,430,712.0,1091.0,1372.0,1122.0,966,948,1201,1179,1036,995.0,880,947,807.0,642.0,458.0,319.0
55432,2013-03-17T00:00:00Z,2013,3,7,False,False,15372,462.0,251.0,154.0,139.0,123.0,124,255,396,658.0,834.0,993.0,1197.0,1218,1217,1115,1002,940,945.0,868,650,598.0,531.0,445.0,257.0
55432,2013-03-19T00:00:00Z,2013,3,2,False,False,16037,101.0,60.0,48.0,48.0,78.0,425,849,970,983.0,915.0,870.0,879.0,824,917,862,955,951,1050.0,1034,935,718.0,746.0,478.0,341.0
55432,2013-03-23T00:00:00Z,2013,3,6,False,False,17394,376.0,203.0,127.0,94.0,105.0,217,552,704,958.0,1040.0,1157.0,1126.0,1192,1160,1102,998,1010,1034.0,940,853,686.0,555.0,617.0,588.0
55432,2013-03-25T00:00:00Z,2013,3,1,False,False,15318,124.0,50.0,41.0,59.0,97.0,383,787,971,1009.0,894.0,887.0,880.0,901,911,915,911,965,970.0,1023,725,637.0,546.0,367.0,265.0
55432,2013-03-27T00:00:00Z,2013,3,3,False,False,17215,139.0,57.0,38.0,46.0,95.0,412,859,987,1020.0,909.0,1009.0,1008.0,919,1032,959,969,987,1042.0,1120,1055,772.0,748.0,596.0,437.0
55432,2013-03-31T00:00:00Z,2013,3,7,True,False,12606,273.0,160.0,123.0,105.0,97.0,122,194,251,400.0,653.0,835.0,926.0,1060,967,915,955,749,659.0,714,599,573.0,545.0,450.0,281.0
55432,2013-04-09T00:00:00Z,2013,4,2,False,False,15639,114.0,62.0,41.0,46.0,73.0,412,870,918,959.0,872.0,871.0,888.0,871,874,895,930,981,1049.0,979,857,719.0,651.0,435.0,272.0
55432,2013-04-10T00:00:00Z,2013,4,3,False,False,16279,122.0,54.0,50.0,47.0,80.0,408,874,935,1064.0,880.0,985.0,898.0,971,903,945,929,979,985.0,950,853,741.0,777.0,551.0,298.0
55432,2013-04-14T00:00:00Z,2013,4,7,False,True,15328,387.0,231.0,206.0,133.0,135.0,158,285,409,694.0,900.0,1132.0,1240.0,1227,1303,1267,1104,857,661.0,712,632,587.0,549.0,340.0,179.0
55432,2013-07-21T00:00:00Z,2013,7,7,False,False,14089,419.0,253.0,173.0,146.0,98.0,125,256,420,642.0,872.0,860.0,1003.0,1094,1100,993,1005,927,861.0,763,567,545.0,445.0,338.0,184.0
55432,2013-07-24T00:00:00Z,2013,7,3,False,False,15460,104.0,54.0,31.0,57.0,87.0,346,740,951,1023.0,937.0,857.0,877.0,808,880,867,836,1000,1055.0,1015,709,768.0,687.0,481.0,290.0
55432,2013-07-30T00:00:00Z,2013,7,2,False,False,15212,89.0,60.0,50.0,52.0,83.0,327,777,939,1004.0,938.0,821.0,855.0,825,821,850,959,984,991.0,968,867,666.0,567.0,469.0,250.0
55432,2013-08-10T00:00:00Z,2013,8,6,False,False,14341,303.0,186.0,104.0,103.0,92.0,193,465,782,1071.0,1051.0,842.0,694.0,662,752,628,609,730,1034.0,807,716,730.0,543.0,625.0,619.0
55432,2013-08-17T00:00:00Z,2013,8,6,False,False,16100,288.0,165.0,129.0,83.0,77.0,183,481,633,968.0,1021.0,926.0,1064.0,1113,1010,999,953,1025,963.0,883,718,628.0,542.0,663.0,585.0
55432,2013-08-23T00:00:00Z,2013,8,5,False,False,15813,137.0,77.0,57.0,48.0,87.0,316,778,969,978.0,935.0,888.0,876.0,904,913,904,964,955,966.0,969,812,683.0,553.0,605.0,439.0
55432,2013-08-25T00:00:00Z,2013,8,7,False,False,15366,382.0,215.0,162.0,117.0,97.0,156,328,742,777.0,1017.0,1028.0,1103.0,1001,1179,1089,981,970,855.0,821,635,568.0,507.0,418.0,218.0
55432,2013-01-01T00:00:00Z,2013,1,2,True,True,13013,259.0,553.0,458.0,273.0,207.0,230,195,233,310.0,455.0,736.0,934.0,1063,1126,1040,901,733,699.0,586,563,456.0,455.0,334.0,214.0
55432,2013-01-06T00:00:00Z,2013,1,7,False,True,14803,262.0,167.0,121.0,100.0,121.0,148,301,467,645.0,1039.0,991.0,1053.0,1206,1072,1048,955,956,891.0,812,665,553.0,613.0,373.0,244.0
55432,2013-01-07T00:00:00Z,2013,1,1,False,True,13006,133.0,70.0,53.0,43.0,84.0,301,609,672,790.0,757.0,735.0,788.0,818,788,813,840,768,1026.0,855,606,502.0,395.0,325.0,235.0
55432,2013-01-10T00:00:00Z,2013,1,4,False,True,14470,173.0,90.0,45.0,64.0,75.0,327,721,734,869.0,776.0,855.0,813.0,924,803,813,840,899,1027.0,922,788,591.0,556.0,470.0,295.0
55432,2013-01-11T00:00:00Z,2013,1,5,False,True,15171,154.0,89.0,66.0,53.0,79.0,319,671,748,791.0,824.0,975.0,921.0,995,904,882,858,868,972.0,918,857,630.0,609.0,545.0,443.0
55432,2013-01-16T00:00:00Z,2013,1,3,False,True,15518,99.0,53.0,47.0,42.0,74.0,362,832,800,872.0,957.0,914.0,928.0,1048,922,881,840,928,1011.0,1008,889,672.0,581.0,460.0,298.0
55432,2013-02-18T00:00:00Z,2013,2,1,False,False,14883,135.0,84.0,48.0,59.0,86.0,366,769,987,955.0,882.0,795.0,793.0,869,794,828,877,978,1044.0,1007,746,614.0,542.0,399.0,226.0
55432,2013-02-19T00:00:00Z,2013,2,2,False,False,16071,86.0,54.0,53.0,42.0,71.0,417,820,945,1044.0,919.0,885.0,903.0,790,851,858,942,1051,1076.0,1107,984,750.0,690.0,457.0,276.0
55432,2013-02-20T00:00:00Z,2013,2,3,False,False,16412,142.0,59.0,44.0,45.0,95.0,431,830,978,959.0,908.0,932.0,930.0,937,870,914,928,990,1035.0,1113,1005,776.0,635.0,539.0,317.0
55432,2013-02-21T00:00:00Z,2013,2,4,False,False,17031,215.0,71.0,55.0,65.0,80.0,437,826,984,1013.0,1024.0,995.0,978.0,895,887,963,956,933,1110.0,1157,937,808.0,725.0,569.0,348.0
55432,2013-02-22T00:00:00Z,2013,2,5,False,False,16598,164.0,73.0,55.0,49.0,74.0,397,777,959,1015.0,1041.0,950.0,955.0,982,906,970,1013,996,1053.0,967,831,694.0,610.0,611.0,456.0
55432,2013-02-23T00:00:00Z,2013,2,6,False,False,15514,313.0,208.0,118.0,100.0,111.0,220,433,529,897.0,814.0,977.0,867.0,959,1016,973,951,1011,957.0,1079,744,629.0,553.0,557.0,498.0
55432,2013-02-24T00:00:00Z,2013,2,7,False,False,14938,347.0,240.0,155.0,118.0,107.0,155,249,396,575.0,774.0,862.0,1001.0,1064,1105,1126,1039,1040,1004.0,939,631,608.0,570.0,431.0,402.0
55432,2013-01-03T00:00:00Z,2013,1,4,False,True,15397,173.0,78.0,69.0,70.0,95.0,324,585,659,868.0,1025.0,1046.0,1043.0,1052,965,920,870,853,974.0,821,859,574.0,555.0,472.0,447.0
55432,2013-01-04T00:00:00Z,2013,1,5,False,True,15955,234.0,104.0,68.0,59.0,102.0,307,575,678,889.0,1047.0,1138.0,1225.0,1161,1098,965,885,892,978.0,787,733,580.0,555.0,490.0,405.0
55432,2013-01-12T00:00:00Z,2013,1,6,False,True,16341,300.0,208.0,120.0,112.0,104.0,235,569,652,919.0,1000.0,1007.0,1042.0,1104,1077,1085,981,907,863.0,952,801,707.0,576.0,553.0,467.0
55432,2013-01-13T00:00:00Z,2013,1,7,False,True,14171,371.0,250.0,151.0,96.0,125.0,163,255,358,540.0,775.0,884.0,910.0,1119,998,1027,1078,1207,809.0,783,646,531.0,527.0,363.0,205.0
55432,2013-01-23T00:00:00Z,2013,1,3,False,True,16271,236.0,113.0,106.0,84.0,72.0,369,787,927,920.0,901.0,927.0,839.0,790,851,821,880,955,1004.0,1082,948,732.0,660.0,743.0,524.0
55432,2013-01-27T00:00:00Z,2013,1,7,False,True,12845,379.0,183.0,163.0,116.0,91.0,142,187,256,348.0,600.0,711.0,780.0,880,921,883,804,794,809.0,824,697,632.0,722.0,593.0,330.0
55432,2013-10-16T00:00:00Z,2013,10,3,False,False,16280,120.0,51.0,45.0,46.0,103.0,368,830,993,984.0,1007.0,911.0,953.0,959,917,894,1006,961,1047.0,942,856,740.0,733.0,538.0,276.0
55432,2013-10-20T00:00:00Z,2013,10,7,False,False,15359,414.0,222.0,165.0,121.0,113.0,168,273,458,745.0,968.0,1132.0,1126.0,1155,1103,1103,1033,973,853.0,799,679,555.0,551.0,401.0,249.0
55432,2013-10-22T00:00:00Z,2013,10,2,False,False,15444,113.0,67.0,32.0,55.0,98.0,357,791,981,978.0,936.0,868.0,847.0,855,855,865,932,997,991.0,963,907,655.0,605.0,474.0,222.0
55432,2013-11-03T00:00:00Z,2013,11,7,False,False,16259,470.0,251.0,173.0,155.0,148.0,219,315,517,796.0,974.0,1123.0,1200.0,1261,1173,1063,1095,998,978.0,814,629,582.0,578.0,478.0,269.0
55432,2013-11-06T00:00:00Z,2013,11,3,False,False,15699,156.0,69.0,55.0,53.0,101.0,388,808,947,1024.0,934.0,923.0,981.0,857,909,595,1005,945,1062.0,929,858,683.0,685.0,439.0,293.0
55432,2013-09-07T00:00:00Z,2013,9,6,False,False,16816,348.0,170.0,105.0,103.0,93.0,201,458,737,1044.0,1163.0,1178.0,1156.0,1066,1126,1120,983,933,884.0,870,776,642.0,578.0,580.0,502.0
55432,2013-09-12T00:00:00Z,2013,9,4,False,False,15984,112.0,54.0,64.0,47.0,95.0,378,780,932,987.0,869.0,918.0,882.0,923,857,912,967,1004,1067.0,959,906,697.0,709.0,582.0,283.0
55432,2013-09-18T00:00:00Z,2013,9,3,False,False,15596,96.0,54.0,47.0,49.0,93.0,403,848,991,928.0,970.0,888.0,870.0,864,859,896,903,879,1039.0,939,849,699.0,622.0,536.0,274.0
55432,2013-09-20T00:00:00Z,2013,9,5,False,False,16646,205.0,94.0,84.0,76.0,100.0,378,810,950,966.0,895.0,900.0,962.0,969,928,954,1016,999,1084.0,1070,931,587.0,564.0,614.0,510.0
55432,2013-09-21T00:00:00Z,2013,9,6,False,True,16958,317.0,179.0,133.0,128.0,107.0,211,491,701,904.0,1023.0,1020.0,1120.0,1173,1215,1094,1025,1031,972.0,863,881,639.0,525.0,713.0,493.0
55432,2013-10-03T00:00:00Z,2013,10,4,False,True,15394,151.0,81.0,57.0,38.0,95.0,374,802,849,882.0,931.0,889.0,867.0,863,865,864,820,921,1013.0,962,883,715.0,659.0,513.0,300.0
55432,2013-10-08T00:00:00Z,2013,10,2,False,False,15054,126.0,67.0,54.0,35.0,67.0,289,784,900,996.0,813.0,867.0,870.0,868,870,859,893,929,1081.0,1010,817,687.0,585.0,408.0,179.0
55432,2013-01-28T00:00:00Z,2013,1,1,True,True,11253,156.0,177.0,241.0,220.0,111.0,132,221,274,370.0,501.0,700.0,852.0,957,899,865,717,719,706.0,601,500,399.0,397.0,323.0,215.0
55432,2013-02-01T00:00:00Z,2013,2,5,False,False,15737,193.0,75.0,61.0,63.0,88.0,398,820,964,991.0,886.0,912.0,865.0,848,864,939,931,964,963.0,922,868,637.0,519.0,524.0,442.0
55432,2013-02-04T00:00:00Z,2013,2,1,False,False,14645,129.0,65.0,50.0,58.0,79.0,391,797,935,980.0,862.0,867.0,826.0,733,792,801,863,845,1087.0,983,752,590.0,555.0,398.0,207.0
55432,2013-02-06T00:00:00Z,2013,2,3,False,False,16169,148.0,69.0,51.0,48.0,87.0,403,855,977,976.0,886.0,930.0,941.0,907,892,949,890,1000,1044.0,1095,875,728.0,610.0,494.0,314.0
55432,2013-02-11T00:00:00Z,2013,2,1,False,False,14389,104.0,68.0,43.0,52.0,80.0,380,793,953,1027.0,843.0,750.0,779.0,842,786,808,860,881,1031.0,907,671,634.0,525.0,357.0,215.0
55432,2013-02-12T00:00:00Z,2013,2,2,False,False,15315,104.0,54.0,50.0,57.0,72.0,369,763,927,959.0,861.0,820.0,838.0,806,825,876,860,968,1032.0,1139,861,731.0,646.0,423.0,274.0
55432,2013-02-13T00:00:00Z,2013,2,3,False,False,16222,133.0,62.0,46.0,41.0,91.0,408,870,969,1025.0,895.0,849.0,917.0,836,840,922,917,948,1068.0,1146,1022,727.0,686.0,476.0,328.0
55432,2013-02-14T00:00:00Z,2013,2,4,False,False,16907,138.0,74.0,56.0,51.0,90.0,411,835,979,1040.0,888.0,936.0,931.0,834,849,902,920,1057,1165.0,1187,1051,924.0,634.0,565.0,390.0
55432,2013-02-16T00:00:00Z,2013,2,6,False,False,17239,298.0,164.0,110.0,105.0,90.0,238,555,778,982.0,1055.0,1094.0,970.0,1047,1148,1052,1210,1094,1213.0,921,817,666.0,565.0,563.0,504.0
55432,2013-02-27T00:00:00Z,2013,2,3,False,False,16681,152.0,61.0,55.0,48.0,91.0,430,879,975,1027.0,972.0,923.0,902.0,907,833,930,906,985,1057.0,1096,1053,796.0,682.0,549.0,372.0
55432,2013-02-28T00:00:00Z,2013,2,4,False,False,16842,176.0,82.0,57.0,61.0,75.0,413,834,1024,1052.0,935.0,921.0,859.0,861,937,907,982,1102,1027.0,1030,999,817.0,711.0,624.0,356.0
55432,2013-03-01T00:00:00Z,2013,3,5,False,False,16161,186.0,96.0,62.0,66.0,89.0,351,720,865,1012.0,907.0,850.0,875.0,874,919,873,968,914,1024.0,1017,974,758.0,622.0,596.0,543.0
55432,2013-03-02T00:00:00Z,2013,3,6,False,False,18276,339.0,196.0,152.0,103.0,115.0,216,499,599,841.0,989.0,983.0,995.0,1117,1069,1037,1027,997,1211.0,1144,934,822.0,804.0,1007.0,1080.0
55432,2013-03-04T00:00:00Z,2013,3,1,False,False,15207,105.0,64.0,54.0,57.0,90.0,384,795,964,976.0,916.0,856.0,903.0,836,874,840,945,955,1083.0,1042,721,651.0,526.0,369.0,201.0
55432,2013-03-09T00:00:00Z,2013,3,6,False,False,17845,365.0,206.0,131.0,112.0,97.0,216,496,733,1078.0,1089.0,1229.0,1155.0,1093,1003,1169,1040,1038,1155.0,936,787,770.0,710.0,673.0,564.0
55432,2013-03-11T00:00:00Z,2013,3,1,False,False,15570,140.0,61.0,53.0,60.0,78.0,376,809,932,999.0,973.0,815.0,928.0,861,888,940,894,976,1150.0,1064,787,609.0,567.0,391.0,219.0
55432,2013-03-20T00:00:00Z,2013,3,3,False,False,16334,113.0,65.0,38.0,42.0,84.0,407,854,988,987.0,962.0,867.0,973.0,903,913,932,932,978,1114.0,973,856,744.0,693.0,566.0,350.0
55432,2013-03-24T00:00:00Z,2013,3,7,False,False,15220,371.0,256.0,171.0,119.0,96.0,152,270,395,628.0,989.0,665.0,921.0,1144,1256,1166,1224,1026,829.0,754,805,668.0,598.0,446.0,271.0
55432,2013-03-26T00:00:00Z,2013,3,2,False,False,15896,110.0,64.0,49.0,57.0,76.0,388,845,949,1023.0,984.0,904.0,884.0,889,895,897,857,940,1023.0,959,848,720.0,643.0,543.0,349.0
55432,2013-04-08T00:00:00Z,2013,4,1,False,False,15162,55.0,74.0,49.0,55.0,72.0,407,813,948,953.0,895.0,808.0,894.0,842,839,894,882,978,1078.0,964,684,711.0,644.0,406.0,217.0
55432,2013-04-13T00:00:00Z,2013,4,6,False,True,16800,371.0,188.0,136.0,107.0,100.0,209,535,695,951.0,1112.0,1227.0,1165.0,1122,1092,1064,982,893,864.0,845,772,652.0,533.0,613.0,572.0
55432,2013-07-22T00:00:00Z,2013,7,1,False,False,14057,107.0,53.0,49.0,57.0,89.0,331,749,887,954.0,872.0,795.0,797.0,823,794,767,878,853,1038.0,830,669,624.0,510.0,350.0,181.0
55432,2013-07-26T00:00:00Z,2013,7,5,False,False,15390,134.0,78.0,57.0,51.0,87.0,350,724,939,983.0,909.0,860.0,881.0,928,901,877,886,923,931.0,843,821,673.0,603.0,533.0,418.0
55432,2013-07-27T00:00:00Z,2013,7,6,False,False,16642,285.0,179.0,101.0,82.0,108.0,197,458,655,912.0,1064.0,1099.0,1155.0,1169,1095,1077,980,1008,1024.0,945,782,639.0,540.0,533.0,555.0
55432,2013-07-29T00:00:00Z,2013,7,1,False,False,14293,87.0,60.0,38.0,45.0,91.0,324,732,894,1002.0,795.0,820.0,842.0,879,816,825,896,936,990.0,863,674,614.0,503.0,404.0,163.0
55432,2013-07-31T00:00:00Z,2013,7,3,False,False,16391,102.0,59.0,44.0,47.0,78.0,326,755,891,1027.0,930.0,891.0,874.0,919,858,882,962,1000,1021.0,933,1136,942.0,743.0,590.0,381.0
55432,2013-08-04T00:00:00Z,2013,8,7,False,False,14351,380.0,214.0,163.0,121.0,102.0,119,258,354,593.0,799.0,914.0,1027.0,1153,1072,1053,1014,1029,932.0,768,591,583.0,541.0,373.0,198.0
55432,2013-08-07T00:00:00Z,2013,8,3,False,False,16207,251.0,121.0,96.0,84.0,87.0,339,772,977,992.0,955.0,863.0,890.0,912,827,911,946,926,1004.0,942,885,731.0,616.0,518.0,562.0
55432,2013-08-08T00:00:00Z,2013,8,4,False,False,16476,255.0,91.0,40.0,44.0,82.0,331,725,941,990.0,906.0,996.0,992.0,926,939,962,1000,923,1057.0,1104,1012,710.0,661.0,493.0,296.0
55432,2013-08-11T00:00:00Z,2013,8,7,False,False,13957,409.0,226.0,135.0,114.0,139.0,206,373,514,697.0,763.0,838.0,954.0,1014,969,989,910,854,877.0,752,589,593.0,488.0,363.0,191.0
55432,2013-08-14T00:00:00Z,2013,8,3,False,False,15649,102.0,64.0,32.0,42.0,91.0,307,738,1026,1055.0,959.0,802.0,902.0,934,887,916,914,968,1046.0,931,833,687.0,635.0,502.0,276.0
55432,2013-08-24T00:00:00Z,2013,8,6,False,False,16502,310.0,182.0,121.0,94.0,88.0,189,482,704,942.0,1085.0,1043.0,1116.0,1216,1194,1215,1020,922,735.0,847,740,673.0,536.0,554.0,494.0
55432,2013-08-31T00:00:00Z,2013,8,6,False,False,15914,352.0,214.0,129.0,92.0,101.0,217,462,744,937.0,1037.0,1058.0,1053.0,1059,972,971,963,975,893.0,838,743,555.0,487.0,554.0,508.0
55432,2013-09-03T00:00:00Z,2013,9,2,False,False,15374,137.0,52.0,36.0,49.0,76.0,348,773,936,945.0,987.0,877.0,908.0,808,847,858,897,970,1032.0,944,907,697.0,558.0,438.0,294.0
55432,2013-11-15T00:00:00Z,2013,11,5,False,False,16593,181.0,81.0,64.0,45.0,114.0,384,820,1026,944.0,979.0,919.0,938.0,922,958,1022,973,996,1106.0,927,838,702.0,611.0,610.0,433.0
55432,2013-11-16T00:00:00Z,2013,11,6,False,False,16592,345.0,178.0,143.0,90.0,95.0,216,438,657,851.0,1031.0,1012.0,1104.0,1117,1070,1057,1007,1061,935.0,884,736,724.0,604.0,640.0,597.0
55432,2013-12-15T00:00:00Z,2013,12,7,False,False,15047,450.0,256.0,174.0,125.0,121.0,159,297,366,538.0,725.0,944.0,970.0,1055,1062,1093,1111,1154,915.0,847,732,643.0,595.0,408.0,307.0
55432,2013-12-16T00:00:00Z,2013,12,1,False,False,14900,153.0,76.0,67.0,53.0,106.0,352,805,901,846.0,886.0,797.0,850.0,894,864,897,921,928,1064.0,924,758,566.0,526.0,431.0,235.0
55432,2013-12-20T00:00:00Z,2013,12,5,False,True,16565,227.0,132.0,77.0,64.0,129.0,367,779,871,897.0,897.0,1031.0,1000.0,1126,1067,1024,990,983,880.0,911,785,736.0,580.0,556.0,456.0
55432,2013-12-21T00:00:00Z,2013,12,6,False,True,15698,325.0,233.0,143.0,117.0,106.0,272,462,633,796.0,875.0,981.0,985.0,1068,969,915,991,885,980.0,1123,762,558.0,531.0,525.0,463.0
55432,2013-01-05T00:00:00Z,2013,1,6,False,True,16170,236.0,159.0,105.0,112.0,103.0,251,496,632,874.0,1132.0,1111.0,1090.0,1204,1136,1032,958,874,871.0,823,760,621.0,580.0,536.0,474.0
55432,2013-01-08T00:00:00Z,2013,1,2,False,True,14816,115.0,58.0,49.0,56.0,61.0,337,715,698,845.0,891.0,961.0,892.0,895,860,802,792,906,1054.0,1062,819,591.0,562.0,458.0,337.0
55432,2013-01-09T00:00:00Z,2013,1,3,False,True,14751,177.0,75.0,42.0,45.0,76.0,321,703,700,830.0,831.0,832.0,801.0,870,821,788,885,908,1171.0,1036,913,538.0,591.0,512.0,285.0
55432,2013-01-18T00:00:00Z,2013,1,5,False,True,16074,201.0,85.0,46.0,53.0,89.0,385,758,845,880.0,989.0,1000.0,1018.0,1057,920,931,766,834,1065.0,1008,912,605.0,600.0,540.0,487.0
55432,2013-01-19T00:00:00Z,2013,1,6,False,True,16584,450.0,230.0,120.0,107.0,91.0,224,520,598,854.0,869.0,1000.0,989.0,1100,1076,1050,1121,1088,1084.0,959,768,707.0,569.0,485.0,525.0
55432,2013-01-21T00:00:00Z,2013,1,1,False,True,14916,147.0,75.0,56.0,55.0,77.0,361,727,837,975.0,837.0,850.0,865.0,863,785,823,780,906,995.0,1037,695,636.0,575.0,550.0,409.0
55432,2013-01-22T00:00:00Z,2013,1,2,False,True,16183,237.0,119.0,105.0,96.0,87.0,390,793,802,923.0,980.0,926.0,906.0,917,897,858,844,917,1073.0,1024,920,644.0,604.0,619.0,502.0
55432,2013-01-24T00:00:00Z,2013,1,4,False,True,17214,264.0,130.0,113.0,114.0,81.0,415,806,892,934.0,869.0,922.0,985.0,982,952,1239,743,759,1093.0,1082,980,755.0,726.0,718.0,660.0
55432,2013-01-29T00:00:00Z,2013,1,2,False,False,14268,92.0,66.0,53.0,57.0,66.0,240,575,779,858.0,906.0,837.0,791.0,819,854,779,834,936,1033.0,1060,835,639.0,560.0,374.0,225.0
55432,2013-01-31T00:00:00Z,2013,1,4,False,False,16491,245.0,88.0,76.0,47.0,74.0,425,811,961,990.0,832.0,889.0,942.0,872,894,984,972,952,1083.0,1097,979,810.0,645.0,528.0,295.0
55432,2013-02-03T00:00:00Z,2013,2,7,False,False,14288,467.0,249.0,174.0,139.0,129.0,169,253,372,551.0,656.0,791.0,912.0,1040,1079,1039,1013,984,1000.0,892,670,648.0,460.0,388.0,213.0
55432,2013-08-13T00:00:00Z,2013,8,2,False,False,15261,116.0,60.0,47.0,38.0,76.0,338,762,962,1005.0,867.0,833.0,839.0,862,844,863,910,989,1016.0,1023,894,682.0,592.0,430.0,213.0
55432,2013-10-28T00:00:00Z,2013,10,1,False,False,15118,109.0,64.0,58.0,52.0,96.0,332,819,961,942.0,813.0,875.0,848.0,900,894,869,916,991,1101.0,992,772,595.0,484.0,405.0,230.0
55432,2013-10-29T00:00:00Z,2013,10,2,False,False,15652,102.0,51.0,53.0,48.0,94.0,379,852,926,972.0,929.0,891.0,922.0,858,849,885,927,966,1117.0,1042,824,689.0,624.0,413.0,239.0
55432,2013-10-30T00:00:00Z,2013,10,3,False,False,16271,122.0,58.0,34.0,42.0,96.0,381,863,999,994.0,957.0,897.0,865.0,951,940,895,900,986,998.0,1036,902,723.0,746.0,585.0,301.0
55432,2013-10-31T00:00:00Z,2013,10,4,False,False,16826,151.0,75.0,52.0,54.0,94.0,424,871,927,1012.0,930.0,928.0,987.0,933,950,989,977,1047,1024.0,988,975,790.0,708.0,614.0,326.0
55432,2013-11-02T00:00:00Z,2013,11,6,False,False,17598,408.0,235.0,158.0,122.0,101.0,223,565,851,1110.0,1103.0,1124.0,1139.0,1182,1172,1054,1036,996,943.0,931,770,700.0,583.0,585.0,507.0
55432,2013-11-04T00:00:00Z,2013,11,1,False,False,15265,233.0,58.0,58.0,60.0,98.0,362,863,905,889.0,903.0,885.0,902.0,888,819,912,906,993,1112.0,943,738,614.0,548.0,373.0,203.0
55432,2013-11-05T00:00:00Z,2013,11,2,False,False,15457,99.0,38.0,55.0,44.0,102.0,401,821,990,949.0,958.0,990.0,1028.0,984,884,836,836,940,1045.0,894,681,658.0,552.0,446.0,226.0
55432,2013-11-09T00:00:00Z,2013,11,6,False,False,18049,337.0,182.0,132.0,96.0,84.0,265,575,799,1014.0,1086.0,1195.0,1190.0,1279,1332,1210,1142,1095,1175.0,946,895,655.0,576.0,290.0,499.0
55432,2013-11-12T00:00:00Z,2013,11,2,False,False,15492,105.0,52.0,49.0,32.0,84.0,367,797,993,925.0,860.0,849.0,846.0,818,897,843,893,1004,1100.0,1014,890,717.0,636.0,445.0,276.0
55432,2013-11-14T00:00:00Z,2013,11,4,False,False,17442,145.0,70.0,55.0,58.0,123.0,429,858,1004,1057.0,965.0,989.0,890.0,963,939,995,1030,1016,1128.0,1139,1004,758.0,731.0,720.0,376.0
55432,2013-11-17T00:00:00Z,2013,11,7,False,False,13771,457.0,232.0,161.0,133.0,111.0,146,261,324,494.0,647.0,816.0,910.0,1087,1095,968,1008,911,930.0,765,623,558.0,503.0,397.0,234.0
55432,2013-12-10T00:00:00Z,2013,12,2,False,False,15945,107.0,72.0,50.0,53.0,108.0,422,870,961,939.0,869.0,819.0,959.0,916,944,890,911,973,1071.0,944,855,713.0,687.0,489.0,323.0
55432,2013-12-13T00:00:00Z,2013,12,5,False,False,17142,221.0,135.0,90.0,63.0,108.0,385,815,951,921.0,978.0,1063.0,997.0,964,954,984,1011,1007,966.0,929,911,768.0,685.0,636.0,600.0
55432,2013-12-18T00:00:00Z,2013,12,3,False,False,16125,145.0,66.0,59.0,55.0,115.0,409,829,941,891.0,966.0,966.0,917.0,950,965,879,951,942,1044.0,1004,830,648.0,594.0,596.0,363.0
55432,2013-12-22T00:00:00Z,2013,12,7,False,True,14138,324.0,207.0,157.0,114.0,114.0,191,316,402,557.0,844.0,904.0,1042.0,1105,1089,953,914,805,822.0,820,653,540.0,500.0,438.0,327.0
55432,2013-12-23T00:00:00Z,2013,12,1,False,True,13943,173.0,98.0,79.0,66.0,112.0,294,591,681,752.0,848.0,914.0,1047.0,969,961,944,882,798,812.0,711,613,507.0,468.0,358.0,265.0
55432,2013-12-28T00:00:00Z,2013,12,6,False,True,13252,219.0,128.0,98.0,63.0,68.0,183,431,422,569.0,712.0,851.0,1079.0,1068,1030,836,848,711,738.0,732,661,553.0,482.0,441.0,329.0
55432,2013-01-14T00:00:00Z,2013,1,1,False,True,13463,119.0,51.0,53.0,47.0,82.0,316,715,736,840.0,847.0,782.0,719.0,859,827,757,788,870,1018.0,871,655,545.0,487.0,308.0,171.0
55432,2013-01-15T00:00:00Z,2013,1,2,False,True,14757,101.0,70.0,48.0,40.0,76.0,375,752,788,884.0,925.0,924.0,872.0,833,826,840,887,854,1040.0,971,760,632.0,576.0,451.0,232.0
55432,2013-01-26T00:00:00Z,2013,1,6,True,True,14429,300.0,168.0,122.0,114.0,98.0,168,411,548,744.0,892.0,999.0,1013.0,1017,1038,902,769,812,738.0,787,697,559.0,565.0,523.0,445.0
55432,2013-01-30T00:00:00Z,2013,1,3,False,False,15580,128.0,56.0,41.0,51.0,76.0,395,754,909,987.0,894.0,907.0,867.0,829,901,884,945,926,1115.0,986,833,680.0,624.0,474.0,318.0
55432,2013-02-02T00:00:00Z,2013,2,6,False,False,15488,305.0,151.0,121.0,91.0,95.0,201,461,574,803.0,881.0,897.0,985.0,1073,1025,968,976,1024,917.0,967,764,644.0,568.0,492.0,505.0
55432,2013-02-17T00:00:00Z,2013,2,7,False,False,14418,392.0,237.0,157.0,105.0,119.0,138,253,361,532.0,771.0,863.0,925.0,1045,1042,1045,1063,954,932.0,915,688,633.0,522.0,477.0,249.0
55432,2013-02-25T00:00:00Z,2013,2,1,False,False,14785,172.0,65.0,56.0,65.0,66.0,377,770,1012,1009.0,845.0,895.0,903.0,869,872,873,873,221,1008.0,1013,833,689.0,597.0,388.0,314.0
55432,2013-03-03T00:00:00Z,2013,3,7,False,False,16226,953.0,371.0,248.0,234.0,307.0,415,493,546,607.0,737.0,879.0,993.0,1035,1074,993,1088,982,971.0,848,662,610.0,528.0,423.0,229.0
55432,2013-03-05T00:00:00Z,2013,3,2,False,False,16152,127.0,57.0,45.0,51.0,74.0,414,876,974,1000.0,926.0,909.0,847.0,827,908,936,960,1030,1096.0,1043,947,735.0,688.0,421.0,261.0
55432,2013-03-12T00:00:00Z,2013,3,2,False,False,16044,106.0,55.0,60.0,47.0,75.0,498,905,994,962.0,932.0,843.0,859.0,865,917,918,967,949,971.0,1007,946,754.0,659.0,489.0,266.0
55432,2013-03-16T00:00:00Z,2013,3,6,False,False,18585,339.0,217.0,126.0,128.0,115.0,255,535,758,1013.0,1099.0,1153.0,1134.0,1167,1249,1148,1139,1043,1184.0,1026,1163,792.0,632.0,578.0,592.0
55432,2013-03-21T00:00:00Z,2013,3,4,False,False,16747,194.0,91.0,56.0,63.0,82.0,382,885,1015,1004.0,920.0,945.0,949.0,901,977,917,985,998,1127.0,962,910,740.0,751.0,588.0,305.0
55432,2013-07-20T00:00:00Z,2013,7,6,False,False,17058,355.0,199.0,139.0,87.0,99.0,182,495,670,987.0,1103.0,1045.0,1061.0,1121,1075,1051,998,1077,1158.0,1084,768,565.0,475.0,644.0,620.0
55432,2013-07-23T00:00:00Z,2013,7,2,False,False,14875,89.0,59.0,50.0,44.0,85.0,349,780,912,1003.0,878.0,805.0,818.0,789,804,790,875,955,999.0,989,780,735.0,635.0,461.0,191.0
55432,2013-07-28T00:00:00Z,2013,7,7,False,False,14788,394.0,219.0,141.0,112.0,101.0,125,243,350,612.0,766.0,1011.0,1029.0,1167,1196,1176,1188,1162,801.0,711,591,578.0,507.0,386.0,222.0
55432,2013-08-03T00:00:00Z,2013,8,6,False,False,16104,306.0,185.0,104.0,92.0,84.0,192,466,700,964.0,992.0,1062.0,1046.0,1068,1093,1020,949,1020,959.0,870,713,585.0,563.0,575.0,496.0
55432,2013-08-05T00:00:00Z,2013,8,1,False,False,15010,123.0,55.0,44.0,49.0,85.0,323,721,962,999.0,842.0,860.0,895.0,876,891,885,905,985,1061.0,959,736,638.0,561.0,373.0,182.0
55432,2013-08-06T00:00:00Z,2013,8,2,False,False,15960,110.0,57.0,45.0,35.0,69.0,341,772,953,1026.0,893.0,896.0,845.0,803,833,903,926,986,993.0,987,919,739.0,667.0,603.0,559.0
55432,2013-08-09T00:00:00Z,2013,8,5,False,False,17032,152.0,72.0,62.0,52.0,88.0,320,776,962,1012.0,999.0,1009.0,1025.0,1054,979,982,1063,1037,1051.0,1042,955,680.0,609.0,586.0,465.0
55432,2013-08-12T00:00:00Z,2013,8,1,False,False,14563,108.0,70.0,42.0,60.0,86.0,341,754,946,928.0,878.0,849.0,819.0,840,889,877,877,902,1053.0,885,714,645.0,503.0,303.0,194.0
55432,2013-08-15T00:00:00Z,2013,8,4,False,False,15900,104.0,64.0,43.0,48.0,86.0,343,803,957,998.0,891.0,946.0,902.0,864,857,986,947,986,1047.0,1022,913,712.0,572.0,538.0,271.0
55432,2013-08-18T00:00:00Z,2013,8,7,False,False,15264,422.0,228.0,157.0,110.0,110.0,128,256,383,651.0,935.0,1037.0,1115.0,1229,1277,1326,1195,911,867.0,672,601,569.0,466.0,385.0,234.0
55432,2013-08-19T00:00:00Z,2013,8,1,False,False,14831,112.0,62.0,34.0,45.0,83.0,328,721,929,974.0,849.0,836.0,850.0,756,849,837,1026,973,1085.0,1056,777,600.0,532.0,331.0,186.0
55432,2013-08-20T00:00:00Z,2013,8,2,False,False,15071,92.0,52.0,33.0,47.0,74.0,322,793,912,1019.0,874.0,863.0,874.0,841,825,904,904,900,1060.0,947,842,691.0,616.0,400.0,186.0
55432,2013-08-27T00:00:00Z,2013,8,2,False,False,15262,85.0,50.0,37.0,48.0,78.0,357,784,964,1004.0,936.0,876.0,883.0,845,838,909,930,960,1011.0,917,832,690.0,600.0,431.0,197.0
55432,2013-08-29T00:00:00Z,2013,8,4,False,False,15636,113.0,70.0,54.0,52.0,92.0,366,764,1022,1001.0,882.0,873.0,880.0,894,816,916,918,887,1006.0,952,845,721.0,637.0,548.0,327.0
55432,2013-09-05T00:00:00Z,2013,9,4,False,False,16109,153.0,66.0,62.0,49.0,81.0,365,744,983,946.0,964.0,949.0,1034.0,961,951,902,870,997,997.0,929,859,696.0,670.0,537.0,344.0
55432,2013-09-11T00:00:00Z,2013,9,3,False,False,15467,106.0,63.0,51.0,51.0,94.0,366,792,1034,967.0,934.0,854.0,787.0,705,905,883,914,1042,993.0,1003,854,666.0,642.0,534.0,227.0
55432,2013-09-14T00:00:00Z,2013,9,6,False,False,16017,333.0,180.0,128.0,105.0,90.0,188,397,608,833.0,945.0,970.0,964.0,1140,1137,1239,1048,1015,886.0,846,705,591.0,497.0,602.0,570.0
55432,2013-09-25T00:00:00Z,2013,9,3,False,True,16239,117.0,65.0,45.0,52.0,93.0,385,835,901,869.0,907.0,997.0,1053.0,1018,1001,902,913,987,1055.0,976,882,735.0,627.0,538.0,286.0
55432,2013-09-27T00:00:00Z,2013,9,5,False,True,16139,156.0,70.0,71.0,56.0,111.0,367,800,859,926.0,945.0,978.0,947.0,962,980,1025,978,1046,906.0,882,713,631.0,477.0,705.0,548.0
55432,2013-09-28T00:00:00Z,2013,9,6,False,True,16941,336.0,178.0,150.0,97.0,105.0,274,479,728,918.0,977.0,1063.0,1077.0,1253,1173,1121,1109,996,1025.0,1032,789,516.0,521.0,491.0,533.0
55432,2013-09-30T00:00:00Z,2013,9,1,False,True,14875,85.0,77.0,49.0,47.0,86.0,357,791,888,848.0,849.0,904.0,919.0,929,917,898,850,924,1132.0,889,723,601.0,528.0,389.0,195.0
55432,2013-10-02T00:00:00Z,2013,10,3,False,True,15356,159.0,65.0,44.0,43.0,94.0,390,777,866,976.0,919.0,905.0,1008.0,889,917,845,857,904,991.0,911,792,674.0,615.0,478.0,237.0
55432,2013-10-05T00:00:00Z,2013,10,6,False,True,15406,375.0,154.0,110.0,100.0,82.0,215,392,639,835.0,957.0,1046.0,1113.0,1219,1224,980,845,835,828.0,720,678,560.0,575.0,514.0,410.0
55432,2013-10-07T00:00:00Z,2013,10,1,True,True,13023,384.0,198.0,136.0,99.0,71.0,176,250,297,463.0,636.0,848.0,993.0,1064,1009,903,874,903,791.0,695,615,576.0,450.0,381.0,211.0
55432,2013-10-11T00:00:00Z,2013,10,5,False,False,16874,159.0,60.0,64.0,51.0,100.0,341,774,931,973.0,1051.0,908.0,926.0,859,871,1006,975,1006,1074.0,1067,1012,863.0,603.0,712.0,488.0
55432,2013-10-12T00:00:00Z,2013,10,6,False,False,17159,281.0,199.0,106.0,88.0,97.0,209,527,711,985.0,1008.0,1170.0,1158.0,1144,1239,1173,1009,1043,946.0,921,834,649.0,588.0,557.0,517.0
55432,2013-10-18T00:00:00Z,2013,10,5,False,False,16485,187.0,92.0,70.0,50.0,115.0,354,848,959,822.0,900.0,1041.0,902.0,919,950,941,979,1001,926.0,873,955,776.0,633.0,602.0,590.0
55432,2013-10-19T00:00:00Z,2013,10,6,False,False,17051,333.0,210.0,137.0,85.0,97.0,207,540,686,1144.0,1176.0,1199.0,1040.0,1077,1007,1052,1005,961,935.0,914,769,658.0,620.0,631.0,568.0
55432,2013-10-21T00:00:00Z,2013,10,1,False,False,15247,125.0,46.0,45.0,49.0,102.0,365,779,987,919.0,895.0,838.0,914.0,937,949,838,932,1021,1094.0,878,744,637.0,553.0,393.0,207.0
55432,2014-08-11T00:00:00Z,2014,8,1,False,False,13130,133.0,53.0,51.0,55.0,85.0,316,697,864,,782.0,858.0,847.0,816,762,874,851,940,957.0,934,651,617.0,492.0,331.0,164.0
55432,2014-07-14T00:00:00Z,2014,7,1,False,False,12577,80.0,60.0,46.0,63.0,108.0,332,694,833,,771.0,794.0,749.0,788,773,796,790,934,926.0,858,669,552.0,441.0,331.0,189.0
55432,2014-06-23T00:00:00Z,2014,6,1,False,False,13637,,40.0,50.0,54.0,85.0,329,720,907,916.0,748.0,729.0,849.0,779,779,860,884,916,1038.0,874,653,505.0,450.0,301.0,171.0
55432,2014-01-22T00:00:00Z,2014,1,3,False,True,15422,114.0,66.0,56.0,43.0,86.0,350,650,893,921.0,920.0,835.0,908.0,898,893,855,904,938,1104.0,1042,844,674.0,662.0,512.0,254.0
55432,2014-10-05T00:00:00Z,2014,10,7,False,True,13413,301.0,198.0,,172.0,144.0,161,226,320,476.0,740.0,881.0,968.0,1163,1107,931,848,773,752.0,664,568,437.0,450.0,589.0,544.0
55432,2014-11-09T00:00:00Z,2014,11,7,False,False,15932,398.0,244.0,184.0,130.0,128.0,177,365,524,717.0,1036.0,1094.0,1244.0,1130,1282,1160,1090,920,967.0,855,681,557.0,459.0,352.0,238.0
55432,2014-11-10T00:00:00Z,2014,11,1,False,False,14778,116.0,59.0,44.0,61.0,100.0,345,774,970,921.0,889.0,835.0,841.0,865,859,851,882,939,1001.0,916,725,713.0,551.0,346.0,175.0
55432,2014-11-23T00:00:00Z,2014,11,7,False,False,16110,458.0,252.0,185.0,147.0,142.0,207,356,497,790.0,1090.0,1093.0,1228.0,1306,1233,1075,979,888,795.0,803,637,626.0,561.0,436.0,326.0
55432,2014-11-25T00:00:00Z,2014,11,2,False,False,15443,159.0,82.0,64.0,44.0,89.0,357,844,911,929.0,809.0,786.0,843.0,858,817,856,849,930,1013.0,1103,1045,694.0,646.0,433.0,282.0
55432,2014-11-28T00:00:00Z,2014,11,5,False,False,16192,203.0,104.0,78.0,81.0,105.0,366,888,955,931.0,869.0,873.0,875.0,941,902,980,1021,974,955.0,838,841,686.0,636.0,582.0,508.0
55432,2014-12-03T00:00:00Z,2014,12,3,False,False,16262,205.0,96.0,60.0,98.0,110.0,427,911,1034,952.0,887.0,869.0,918.0,907,939,828,926,946,1059.0,886,934,671.0,650.0,552.0,397.0
55432,2014-12-06T00:00:00Z,2014,12,6,False,False,16365,327.0,250.0,168.0,164.0,117.0,214,531,669,900.0,956.0,1039.0,1008.0,1054,1037,977,1106,951,878.0,839,838,625.0,573.0,580.0,564.0
55432,2014-12-11T00:00:00Z,2014,12,4,False,False,15697,147.0,89.0,59.0,59.0,100.0,360,833,882,937.0,886.0,779.0,814.0,859,840,937,955,929,992.0,1036,882,637.0,711.0,556.0,418.0
55432,2014-12-18T00:00:00Z,2014,12,4,False,False,15978,164.0,84.0,65.0,71.0,97.0,386,794,861,877.0,813.0,845.0,941.0,902,918,896,1059,1013,959.0,1033,921,688.0,610.0,582.0,399.0
55432,2014-12-19T00:00:00Z,2014,12,5,False,False,15879,210.0,128.0,71.0,89.0,116.0,371,742,831,849.0,854.0,937.0,929.0,950,952,936,939,964,997.0,1029,889,617.0,541.0,508.0,430.0
55432,2014-12-20T00:00:00Z,2014,12,6,False,True,15445,333.0,209.0,150.0,167.0,122.0,212,496,628,807.0,869.0,908.0,998.0,981,915,926,1003,964,841.0,921,802,601.0,529.0,543.0,520.0
55432,2014-01-09T00:00:00Z,2014,1,4,False,True,14492,142.0,84.0,47.0,53.0,80.0,293,671,763,837.0,788.0,809.0,857.0,878,899,812,849,909,1057.0,923,748,620.0,603.0,454.0,316.0
55432,2014-01-15T00:00:00Z,2014,1,3,False,True,16027,139.0,57.0,44.0,50.0,77.0,314,748,812,941.0,938.0,1008.0,966.0,952,963,912,749,1108,1044.0,956,1008,643.0,652.0,565.0,381.0
55432,2014-01-16T00:00:00Z,2014,1,4,False,True,15992,185.0,92.0,54.0,51.0,81.0,321,670,853,865.0,966.0,976.0,983.0,940,954,866,998,1000,1079.0,1016,824,671.0,732.0,501.0,314.0
55432,2014-01-26T00:00:00Z,2014,1,7,False,True,12514,362.0,199.0,144.0,103.0,88.0,118,238,321,455.0,695.0,751.0,909.0,1024,957,857,723,713,713.0,682,529,479.0,521.0,505.0,428.0
55432,2014-01-29T00:00:00Z,2014,1,3,False,False,15969,121.0,46.0,52.0,40.0,98.0,351,784,957,904.0,959.0,915.0,916.0,903,848,900,958,982,1048.0,1017,956,721.0,678.0,493.0,322.0
55432,2014-02-04T00:00:00Z,2014,2,2,False,False,15312,87.0,43.0,47.0,52.0,93.0,360,788,965,945.0,951.0,891.0,836.0,804,815,860,857,951,1070.0,1053,837,743.0,615.0,408.0,241.0
55432,2014-02-06T00:00:00Z,2014,2,4,False,False,16181,125.0,66.0,53.0,67.0,97.0,362,779,945,914.0,962.0,882.0,947.0,868,891,869,949,1003,1102.0,1101,886,774.0,659.0,519.0,361.0
55432,2014-03-29T00:00:00Z,2014,3,6,False,False,16334,369.0,177.0,130.0,115.0,92.0,190,462,705,850.0,931.0,1036.0,1114.0,1093,1073,1031,1023,959,906.0,895,786,660.0,569.0,552.0,616.0
55432,2014-04-18T00:00:00Z,2014,4,5,True,True,12528,296.0,167.0,145.0,109.0,113.0,168,342,313,471.0,719.0,948.0,1024.0,1017,994,868,740,692,621.0,632,528,475.0,384.0,489.0,273.0
55432,2014-04-19T00:00:00Z,2014,4,6,False,True,14883,160.0,118.0,81.0,68.0,84.0,157,351,447,670.0,972.0,1081.0,1132.0,1141,1071,979,1081,919,821.0,943,680,517.0,529.0,491.0,390.0
55432,2014-04-25T00:00:00Z,2014,4,5,True,True,13024,351.0,163.0,108.0,74.0,124.0,207,291,364,406.0,516.0,683.0,899.0,1245,1202,1199,992,601,605.0,645,608,522.0,434.0,425.0,360.0
55432,2014-04-28T00:00:00Z,2014,4,1,False,False,14367,137.0,60.0,49.0,45.0,89.0,341,767,812,867.0,890.0,840.0,833.0,856,788,812,900,955,1051.0,899,765,577.0,505.0,360.0,169.0
55432,2014-05-03T00:00:00Z,2014,5,6,False,False,16354,366.0,222.0,147.0,141.0,110.0,212,396,651,802.0,959.0,954.0,1048.0,1025,951,1074,1013,1099,1014.0,1045,830,660.0,580.0,544.0,511.0
55432,2014-05-06T00:00:00Z,2014,5,2,False,False,14902,103.0,51.0,42.0,43.0,70.0,361,852,894,942.0,875.0,778.0,826.0,856,790,754,936,960,972.0,982,856,668.0,612.0,408.0,271.0
55432,2014-05-17T00:00:00Z,2014,5,6,False,False,16755,347.0,181.0,139.0,122.0,103.0,241,473,730,1005.0,1073.0,1111.0,1103.0,1110,1175,1053,1061,1007,871.0,759,740,666.0,564.0,551.0,570.0
55432,2014-05-20T00:00:00Z,2014,5,2,False,False,14980,99.0,53.0,46.0,62.0,89.0,378,776,920,939.0,777.0,798.0,813.0,801,807,852,966,941,1057.0,968,805,688.0,716.0,405.0,224.0
55432,2014-05-24T00:00:00Z,2014,5,6,False,False,16679,298.0,185.0,140.0,111.0,113.0,231,469,686,992.0,1155.0,1128.0,1142.0,1194,1183,1060,989,881,882.0,805,775,603.0,523.0,593.0,541.0
55432,2014-06-02T00:00:00Z,2014,6,1,False,False,13944,53.0,57.0,44.0,52.0,92.0,354,750,951,867.0,805.0,781.0,770.0,769,806,840,851,949,972.0,869,677,582.0,502.0,367.0,184.0
55432,2014-01-01T00:00:00Z,2014,1,3,True,True,11755,301.0,493.0,406.0,250.0,204.0,213,214,213,315.0,427.0,613.0,842.0,981,1047,890,789,647,607.0,550,460,430.0,395.0,266.0,202.0
55432,2014-01-03T00:00:00Z,2014,1,5,False,True,14766,137.0,78.0,70.0,77.0,127.0,356,575,697,853.0,1058.0,960.0,996.0,1016,983,935,830,804,882.0,735,702,564.0,523.0,452.0,356.0
55432,2014-01-04T00:00:00Z,2014,1,6,False,True,15372,233.0,140.0,83.0,89.0,111.0,305,535,610,797.0,1119.0,1095.0,1042.0,1072,1020,983,937,886,776.0,761,761,639.0,541.0,443.0,394.0
55432,2014-01-06T00:00:00Z,2014,1,1,False,True,13486,144.0,77.0,47.0,53.0,82.0,280,586,720,812.0,746.0,893.0,946.0,913,872,862,770,889,972.0,826,541,451.0,430.0,360.0,214.0
55432,2014-01-31T00:00:00Z,2014,1,5,False,False,14311,173.0,94.0,66.0,53.0,113.0,333,787,948,943.0,916.0,935.0,955.0,976,925,901,1013,899,991.0,944,905,441.0,,,
55432,2014-07-15T00:00:00Z,2014,7,2,False,False,13937,83.0,64.0,45.0,39.0,67.0,303,747,898,952.0,869.0,786.0,746.0,824,822,731,847,869,891.0,905,719,609.0,553.0,362.0,206.0
55432,2014-07-20T00:00:00Z,2014,7,7,False,False,13646,410.0,243.0,221.0,149.0,110.0,113,237,413,570.0,761.0,900.0,929.0,998,979,1051,964,917,862.0,731,624,496.0,454.0,341.0,173.0
55432,2014-07-30T00:00:00Z,2014,7,3,False,False,15211,101.0,47.0,40.0,49.0,65.0,323,755,958,916.0,868.0,898.0,809.0,862,868,870,899,934,969.0,950,803,684.0,751.0,557.0,235.0
55432,2014-07-31T00:00:00Z,2014,7,4,False,False,15541,145.0,61.0,53.0,51.0,68.0,342,776,925,937.0,870.0,798.0,899.0,913,840,875,937,929,923.0,933,847,729.0,668.0,567.0,455.0
55432,2014-08-01T00:00:00Z,2014,8,5,False,False,16280,172.0,100.0,82.0,79.0,114.0,293,733,888,907.0,900.0,917.0,863.0,929,924,956,959,968,1143.0,1014,933,768.0,624.0,574.0,440.0
55432,2014-08-02T00:00:00Z,2014,8,6,False,False,16464,324.0,174.0,128.0,102.0,99.0,187,447,669,899.0,992.0,1036.0,1034.0,1032,1020,1070,1068,1041,1045.0,864,825,723.0,573.0,626.0,486.0
55432,2014-08-05T00:00:00Z,2014,8,2,False,False,14162,103.0,45.0,51.0,57.0,67.0,303,750,899,913.0,797.0,811.0,895.0,817,794,807,942,789,877.0,914,802,603.0,570.0,397.0,159.0
55432,2014-08-08T00:00:00Z,2014,8,5,False,False,15719,107.0,72.0,57.0,62.0,91.0,303,782,914,900.0,931.0,930.0,1025.0,966,932,954,932,942,837.0,861,828,634.0,595.0,581.0,483.0
55432,2014-08-09T00:00:00Z,2014,8,6,False,False,15977,329.0,175.0,154.0,110.0,110.0,184,483,737,1057.0,1000.0,1045.0,1035.0,958,949,1076,1062,910,870.0,861,701,623.0,509.0,538.0,501.0
55432,2014-08-16T00:00:00Z,2014,8,6,False,False,15183,285.0,184.0,156.0,123.0,96.0,173,460,693,934.0,978.0,1078.0,1091.0,1005,998,998,858,818,636.0,761,686,541.0,450.0,572.0,609.0
55432,2014-08-17T00:00:00Z,2014,8,7,False,False,13132,428.0,225.0,205.0,118.0,150.0,118,229,280,441.0,661.0,783.0,883.0,946,896,950,992,892,901.0,837,549,532.0,475.0,355.0,286.0
55432,2014-08-18T00:00:00Z,2014,8,1,False,False,13316,109.0,54.0,66.0,43.0,74.0,324,679,878,835.0,788.0,749.0,791.0,751,783,799,818,866,944.0,850,658,529.0,467.0,301.0,160.0
55432,2014-08-20T00:00:00Z,2014,8,3,False,False,15078,132.0,81.0,68.0,78.0,65.0,297,756,950,999.0,852.0,829.0,923.0,824,823,842,930,938,908.0,742,861,659.0,600.0,582.0,339.0
55432,2014-08-22T00:00:00Z,2014,8,5,False,False,14554,146.0,57.0,57.0,39.0,77.0,290,739,971,818.0,800.0,785.0,887.0,816,849,813,925,817,905.0,776,816,572.0,561.0,543.0,495.0
55432,2014-08-28T00:00:00Z,2014,8,4,False,False,15186,124.0,72.0,59.0,49.0,81.0,316,712,872,957.0,865.0,809.0,850.0,837,839,873,899,918,926.0,931,874,716.0,701.0,582.0,324.0
55432,2014-08-29T00:00:00Z,2014,8,5,False,False,15127,209.0,78.0,57.0,60.0,79.0,294,763,956,936.0,805.0,785.0,920.0,809,835,820,927,908,953.0,935,787,637.0,536.0,583.0,455.0
55432,2014-08-31T00:00:00Z,2014,8,7,False,False,14320,341.0,209.0,168.0,145.0,138.0,143,269,391,559.0,792.0,974.0,1059.0,1050,1140,1056,1050,962,834.0,841,615,501.0,479.0,373.0,231.0
55432,2014-09-06T00:00:00Z,2014,9,6,False,False,15842,313.0,187.0,115.0,116.0,94.0,164,419,590,737.0,1013.0,994.0,968.0,1133,1164,1056,974,966,831.0,871,874,584.0,543.0,590.0,546.0
55432,2014-09-12T00:00:00Z,2014,9,5,False,False,15563,154.0,69.0,48.0,73.0,86.0,306,691,914,959.0,796.0,842.0,889.0,865,909,902,959,1037,1005.0,931,866,666.0,587.0,528.0,481.0
55432,2014-09-13T00:00:00Z,2014,9,6,False,False,15853,311.0,151.0,127.0,117.0,127.0,191,480,595,786.0,859.0,976.0,958.0,994,1087,1075,1050,1168,1081.0,784,678,602.0,562.0,559.0,535.0
55432,2014-09-17T00:00:00Z,2014,9,3,False,False,15375,118.0,69.0,41.0,49.0,64.0,325,778,970,966.0,879.0,896.0,834.0,898,898,829,950,946,992.0,952,883,630.0,576.0,551.0,281.0
55432,2014-06-03T00:00:00Z,2014,6,2,False,False,15485,85.0,51.0,51.0,53.0,93.0,319,846,929,1012.0,768.0,793.0,863.0,875,851,837,955,972,1038.0,991,980,773.0,542.0,517.0,291.0
55432,2014-06-06T00:00:00Z,2014,6,5,False,False,14629,144.0,73.0,72.0,63.0,83.0,297,735,914,966.0,861.0,765.0,815.0,873,883,803,922,804,916.0,781,719,681.0,497.0,520.0,442.0
55432,2014-06-08T00:00:00Z,2014,6,7,False,False,12884,351.0,200.0,171.0,143.0,108.0,111,227,358,488.0,672.0,765.0,892.0,974,996,904,871,805,684.0,787,605,523.0,486.0,399.0,364.0
55432,2014-06-10T00:00:00Z,2014,6,2,False,False,13949,95.0,55.0,63.0,36.0,74.0,281,704,908,907.0,748.0,775.0,836.0,746,832,784,844,933,969.0,956,764,607.0,500.0,341.0,191.0
55432,2014-07-01T00:00:00Z,2014,7,2,False,True,13952,82.0,64.0,56.0,44.0,77.0,334,740,817,883.0,809.0,815.0,831.0,866,826,751,790,856,916.0,926,744,584.0,584.0,381.0,176.0
55432,2014-07-04T00:00:00Z,2014,7,5,False,True,14492,127.0,66.0,50.0,49.0,76.0,302,706,838,862.0,804.0,833.0,821.0,920,915,806,843,870,908.0,840,739,628.0,537.0,546.0,406.0
55432,2014-07-07T00:00:00Z,2014,7,1,False,True,13432,99.0,51.0,46.0,61.0,80.0,312,714,753,783.0,788.0,785.0,821.0,871,823,827,821,871,958.0,839,665,520.0,476.0,331.0,137.0
55432,2014-07-16T00:00:00Z,2014,7,3,False,False,14065,124.0,59.0,41.0,48.0,61.0,305,755,931,846.0,863.0,818.0,759.0,834,777,761,929,844,906.0,800,688,647.0,661.0,401.0,207.0
55432,2014-07-19T00:00:00Z,2014,7,6,True,False,15774,284.0,153.0,120.0,98.0,106.0,188,401,697,945.0,1031.0,1063.0,1061.0,1112,1196,1175,928,879,727.0,812,716,564.0,479.0,498.0,541.0
55432,2014-04-17T00:00:00Z,2014,4,4,False,True,16499,167.0,92.0,58.0,122.0,134.0,367,780,908,884.0,956.0,1031.0,1015.0,1000,972,969,966,964,982.0,868,844,724.0,678.0,580.0,438.0
55432,2014-04-21T00:00:00Z,2014,4,1,True,True,12835,166.0,112.0,68.0,64.0,85.0,151,276,372,444.0,762.0,1099.0,1160.0,1155,958,973,814,746,741.0,668,547,498.0,446.0,353.0,177.0
55432,2014-04-26T00:00:00Z,2014,4,6,False,True,14302,232.0,158.0,115.0,99.0,88.0,179,397,531,665.0,863.0,909.0,990.0,1076,1037,925,917,870,835.0,753,691,550.0,492.0,485.0,445.0
55432,2014-04-29T00:00:00Z,2014,4,2,False,False,15590,98.0,57.0,41.0,81.0,123.0,353,830,979,978.0,838.0,854.0,925.0,922,882,919,914,959,1031.0,941,886,721.0,591.0,436.0,231.0
55432,2014-04-30T00:00:00Z,2014,4,3,False,False,15194,112.0,57.0,45.0,51.0,80.0,322,725,959,989.0,886.0,870.0,814.0,912,843,918,941,978,1002.0,834,842,673.0,641.0,453.0,247.0
55432,2014-05-01T00:00:00Z,2014,5,4,False,False,15769,110.0,75.0,46.0,57.0,96.0,350,832,1013,968.0,815.0,808.0,855.0,901,867,909,1001,999,980.0,941,936,776.0,649.0,490.0,295.0
55432,2014-05-07T00:00:00Z,2014,5,3,False,False,15471,140.0,56.0,49.0,55.0,95.0,417,879,945,994.0,818.0,857.0,860.0,902,819,877,919,986,1010.0,864,805,699.0,668.0,509.0,248.0
55432,2014-05-09T00:00:00Z,2014,5,5,False,False,16150,203.0,99.0,71.0,66.0,95.0,321,811,923,922.0,844.0,888.0,861.0,870,893,836,975,996,997.0,1064,921,646.0,596.0,590.0,662.0
55432,2014-05-13T00:00:00Z,2014,5,2,False,False,15200,115.0,45.0,50.0,38.0,74.0,344,839,974,912.0,830.0,840.0,849.0,852,854,864,962,959,976.0,982,894,676.0,594.0,482.0,195.0
55432,2014-05-14T00:00:00Z,2014,5,3,False,False,15572,106.0,59.0,50.0,45.0,89.0,380,847,963,975.0,845.0,857.0,851.0,882,821,904,907,997,1012.0,888,861,659.0,704.0,578.0,292.0
55432,2014-05-15T00:00:00Z,2014,5,4,False,False,16056,127.0,76.0,56.0,59.0,84.0,373,802,947,1005.0,864.0,889.0,885.0,873,939,894,915,996,1059.0,921,875,793.0,704.0,568.0,352.0
55432,2014-05-18T00:00:00Z,2014,5,7,False,False,14424,378.0,235.0,165.0,143.0,129.0,163,280,401,631.0,941.0,1001.0,1027.0,1037,1184,1139,895,923,946.0,631,652,509.0,487.0,329.0,198.0
55432,2014-05-19T00:00:00Z,2014,5,1,False,False,14200,109.0,69.0,47.0,53.0,83.0,354,775,868,957.0,820.0,798.0,824.0,742,787,817,872,964,1031.0,862,706,609.0,538.0,347.0,168.0
55432,2014-06-07T00:00:00Z,2014,6,6,False,False,14557,303.0,166.0,132.0,106.0,98.0,174,371,533,749.0,832.0,981.0,940.0,1008,1069,972,877,890,874.0,819,627,590.0,488.0,470.0,488.0
55432,2014-06-09T00:00:00Z,2014,6,1,True,False,11888,240.0,155.0,110.0,96.0,99.0,164,282,297,414.0,626.0,822.0,938.0,973,921,869,827,744,733.0,649,502,499.0,452.0,290.0,186.0
55432,2014-06-11T00:00:00Z,2014,6,3,False,False,14558,75.0,57.0,48.0,56.0,66.0,329,786,943,934.0,912.0,847.0,757.0,841,874,812,817,938,1002.0,855,786,645.0,539.0,396.0,243.0
55432,2014-06-13T00:00:00Z,2014,6,5,False,False,15242,119.0,68.0,57.0,58.0,97.0,335,787,970,965.0,864.0,867.0,868.0,898,820,869,881,932,963.0,832,795,633.0,521.0,634.0,409.0
55432,2014-06-26T00:00:00Z,2014,6,4,False,False,15109,113.0,63.0,59.0,64.0,95.0,343,748,947,943.0,841.0,881.0,832.0,805,861,779,924,908,979.0,950,873,682.0,602.0,490.0,327.0
55432,2014-06-27T00:00:00Z,2014,6,5,False,False,15383,160.0,83.0,57.0,52.0,113.0,316,829,924,936.0,862.0,809.0,934.0,901,910,855,858,929,971.0,870,788,659.0,545.0,524.0,498.0
55432,2014-07-06T00:00:00Z,2014,7,7,False,True,13712,353.0,212.0,145.0,128.0,104.0,132,248,339,547.0,810.0,916.0,1001.0,1108,1155,1111,1100,826,806.0,646,608,507.0,435.0,282.0,193.0
55432,2014-07-11T00:00:00Z,2014,7,5,False,True,15513,152.0,65.0,68.0,66.0,70.0,321,758,855,853.0,898.0,879.0,894.0,846,919,871,907,978,992.0,893,897,698.0,610.0,562.0,461.0
55432,2014-07-13T00:00:00Z,2014,7,7,False,True,13633,382.0,224.0,186.0,162.0,121.0,126,260,305,548.0,718.0,919.0,991.0,1100,1048,989,954,967,823.0,721,589,505.0,504.0,286.0,205.0
55432,2014-07-22T00:00:00Z,2014,7,2,False,False,14567,81.0,56.0,38.0,58.0,70.0,329,816,957,878.0,897.0,860.0,816.0,856,795,807,879,951,979.0,859,791,668.0,558.0,373.0,195.0
55432,2014-07-26T00:00:00Z,2014,7,6,False,False,15408,308.0,147.0,126.0,102.0,93.0,194,390,544,762.0,842.0,932.0,985.0,1063,1020,1098,950,1109,1016.0,950,722,574.0,504.0,469.0,508.0
55432,2014-07-28T00:00:00Z,2014,7,1,False,False,14002,112.0,50.0,37.0,46.0,71.0,307,736,905,798.0,814.0,821.0,817.0,750,777,873,966,875,1028.0,894,708,604.0,509.0,331.0,173.0
55432,2014-12-15T00:00:00Z,2014,12,1,False,False,15949,139.0,72.0,58.0,60.0,102.0,379,780,889,956.0,835.0,886.0,1026.0,1037,1057,1031,1059,1022,1181.0,991,708,568.0,525.0,380.0,208.0
55432,2014-12-16T00:00:00Z,2014,12,2,False,False,15410,91.0,60.0,54.0,56.0,80.0,401,817,887,981.0,855.0,845.0,908.0,920,867,861,899,946,1080.0,959,832,664.0,590.0,472.0,285.0
55432,2014-12-17T00:00:00Z,2014,12,3,False,False,15764,154.0,64.0,32.0,50.0,95.0,364,827,880,889.0,931.0,902.0,961.0,895,822,906,862,949,1067.0,988,936,636.0,634.0,575.0,345.0
55432,2014-12-21T00:00:00Z,2014,12,7,False,True,14524,344.0,223.0,172.0,146.0,134.0,174,272,389,603.0,834.0,871.0,1077.0,1187,1036,992,1150,1053,835.0,721,570,561.0,506.0,386.0,288.0
55432,2014-12-22T00:00:00Z,2014,12,1,False,True,14186,138.0,73.0,49.0,58.0,109.0,299,640,709,752.0,777.0,931.0,996.0,1072,946,934,908,961,902.0,743,609,492.0,473.0,368.0,247.0
55432,2014-01-10T00:00:00Z,2014,1,5,False,True,15750,156.0,82.0,84.0,65.0,83.0,302,609,752,794.0,835.0,955.0,951.0,945,1000,888,1009,928,1104.0,1102,898,595.0,576.0,556.0,481.0
55432,2014-01-12T00:00:00Z,2014,1,7,False,True,14408,343.0,230.0,148.0,109.0,95.0,146,293,461,594.0,831.0,915.0,1063.0,1166,1162,1037,968,878,895.0,805,618,555.0,511.0,366.0,219.0
55432,2014-01-17T00:00:00Z,2014,1,5,False,True,16235,166.0,86.0,48.0,56.0,88.0,312,729,852,875.0,945.0,997.0,1022.0,991,915,945,912,1011,1037.0,982,979,672.0,616.0,507.0,492.0
55432,2014-01-18T00:00:00Z,2014,1,6,False,True,17977,324.0,156.0,129.0,92.0,69.0,213,498,680,944.0,1044.0,1181.0,1176.0,1248,1234,1240,1090,971,1040.0,1185,1013,720.0,637.0,599.0,494.0
55432,2014-01-19T00:00:00Z,2014,1,7,False,True,15412,378.0,210.0,147.0,113.0,103.0,177,293,398,625.0,873.0,1026.0,1173.0,1270,1091,1134,1085,896,873.0,838,755,616.0,583.0,472.0,283.0
55432,2014-07-29T00:00:00Z,2014,7,2,False,False,14650,95.0,44.0,45.0,36.0,57.0,332,753,897,822.0,869.0,809.0,807.0,854,860,846,912,948,981.0,959,805,720.0,571.0,383.0,245.0
55432,2014-08-07T00:00:00Z,2014,8,4,False,False,15695,115.0,62.0,58.0,63.0,79.0,345,795,913,907.0,848.0,937.0,925.0,922,846,901,942,809,1026.0,944,1027,707.0,711.0,500.0,313.0
55432,2014-08-15T00:00:00Z,2014,8,5,False,False,15358,211.0,100.0,78.0,101.0,114.0,339,750,913,884.0,843.0,888.0,852.0,882,888,904,914,920,934.0,800,765,656.0,558.0,620.0,444.0
55432,2014-08-21T00:00:00Z,2014,8,4,False,False,15198,187.0,101.0,118.0,64.0,66.0,305,733,955,931.0,830.0,829.0,859.0,880,878,902,895,912,957.0,976,847,548.0,584.0,523.0,318.0
55432,2014-08-23T00:00:00Z,2014,8,6,False,False,15445,302.0,147.0,127.0,109.0,92.0,193,448,626,761.0,937.0,962.0,970.0,1103,1059,922,911,944,833.0,877,746,699.0,584.0,575.0,518.0
55432,2014-08-24T00:00:00Z,2014,8,7,False,False,15169,392.0,213.0,168.0,129.0,123.0,160,282,634,908.0,955.0,975.0,1034.0,1197,1102,1018,981,1056,891.0,807,593,517.0,487.0,350.0,197.0
55432,2014-08-30T00:00:00Z,2014,8,6,False,False,14855,295.0,156.0,132.0,116.0,90.0,197,432,572,852.0,914.0,871.0,996.0,871,837,821,828,872,1021.0,989,807,591.0,492.0,565.0,538.0
55432,2014-09-05T00:00:00Z,2014,9,5,False,False,15578,197.0,97.0,66.0,62.0,85.0,289,739,862,897.0,940.0,950.0,931.0,818,875,965,910,895,905.0,915,827,660.0,592.0,599.0,502.0
55432,2014-09-08T00:00:00Z,2014,9,1,False,False,14692,121.0,51.0,54.0,90.0,176.0,422,731,942,965.0,813.0,805.0,835.0,845,819,842,905,883,976.0,928,797,563.0,554.0,402.0,173.0
55432,2014-09-10T00:00:00Z,2014,9,3,False,False,14987,124.0,63.0,46.0,53.0,78.0,266,704,955,996.0,865.0,852.0,837.0,864,835,842,920,915,977.0,891,918,621.0,619.0,512.0,234.0
55432,2014-09-11T00:00:00Z,2014,9,4,False,False,15558,131.0,76.0,60.0,64.0,90.0,298,760,934,965.0,869.0,872.0,888.0,896,915,875,923,926,1028.0,999,903,703.0,595.0,519.0,269.0
55432,2014-09-15T00:00:00Z,2014,9,1,False,False,14179,144.0,71.0,43.0,50.0,83.0,276,723,921,896.0,812.0,840.0,832.0,840,807,793,917,836,989.0,927,739,570.0,524.0,357.0,189.0
55432,2014-09-16T00:00:00Z,2014,9,2,False,False,14668,104.0,53.0,39.0,47.0,71.0,284,801,946,888.0,826.0,758.0,832.0,855,847,862,909,955,935.0,948,850,651.0,557.0,388.0,262.0
55432,2014-09-23T00:00:00Z,2014,9,2,False,True,15085,97.0,40.0,48.0,46.0,70.0,309,797,813,848.0,865.0,915.0,968.0,991,956,895,874,1018,972.0,927,786,643.0,543.0,445.0,219.0
55432,2014-09-27T00:00:00Z,2014,9,6,False,True,16289,330.0,189.0,152.0,111.0,88.0,237,498,661,861.0,1063.0,1037.0,1038.0,1116,1127,1140,1087,914,836.0,750,675,610.0,573.0,633.0,563.0
55432,2014-10-04T00:00:00Z,2014,10,6,False,True,14804,279.0,156.0,120.0,89.0,88.0,196,379,555,709.0,874.0,1016.0,1040.0,1120,1201,957,918,904,871.0,775,654,594.0,469.0,433.0,407.0
55432,2014-10-09T00:00:00Z,2014,10,4,False,False,15431,166.0,89.0,68.0,49.0,71.0,332,763,949,910.0,858.0,882.0,870.0,847,869,880,889,905,1026.0,994,845,781.0,635.0,480.0,273.0
55432,2014-10-12T00:00:00Z,2014,10,7,False,False,15007,373.0,213.0,168.0,141.0,131.0,151,256,377,672.0,890.0,1065.0,1142.0,1196,1191,1158,1038,946,798.0,771,627,576.0,516.0,396.0,215.0
55432,2014-10-13T00:00:00Z,2014,10,1,False,False,14227,109.0,57.0,53.0,51.0,86.0,319,795,966,874.0,805.0,791.0,846.0,841,812,866,856,868,1027.0,869,694,627.0,487.0,349.0,179.0
55432,2014-10-16T00:00:00Z,2014,10,4,False,False,15606,177.0,109.0,75.0,59.0,90.0,335,830,938,951.0,822.0,802.0,944.0,910,867,897,944,931,932.0,970,854,680.0,649.0,540.0,300.0
55432,2014-10-17T00:00:00Z,2014,10,5,False,False,15232,187.0,81.0,72.0,83.0,81.0,325,779,907,922.0,869.0,858.0,820.0,883,877,864,955,830,981.0,887,827,619.0,546.0,508.0,471.0
55432,2014-10-21T00:00:00Z,2014,10,2,False,False,15145,112.0,62.0,51.0,70.0,97.0,328,833,921,882.0,844.0,829.0,857.0,860,792,816,894,988,1066.0,978,884,685.0,604.0,443.0,249.0
55432,2014-03-22T00:00:00Z,2014,3,6,False,False,16955,345.0,200.0,144.0,108.0,116.0,184,440,692,898.0,1014.0,971.0,1043.0,1067,1155,1050,1055,1122,1082.0,1060,790,681.0,548.0,680.0,510.0
55432,2014-03-23T00:00:00Z,2014,3,7,False,False,15219,438.0,268.0,187.0,141.0,117.0,135,289,420,673.0,999.0,1185.0,1167.0,1174,1236,1040,1008,858,741.0,669,698,626.0,543.0,374.0,233.0
55432,2014-03-30T00:00:00Z,2014,3,7,False,False,14629,372.0,212.0,192.0,154.0,125.0,128,256,373,673.0,879.0,1058.0,1123.0,1135,1097,1083,1016,953,894.0,701,623,548.0,512.0,313.0,209.0
55432,2014-04-07T00:00:00Z,2014,4,1,False,False,14817,37.0,47.0,31.0,41.0,86.0,361,796,905,884.0,795.0,882.0,847.0,925,869,811,877,970,1023.0,957,772,778.0,569.0,367.0,187.0
55432,2014-04-15T00:00:00Z,2014,4,2,False,True,14939,80.0,45.0,31.0,63.0,77.0,344,810,854,924.0,890.0,913.0,896.0,898,893,857,901,953,943.0,781,796,702.0,597.0,449.0,242.0
55432,2014-04-22T00:00:00Z,2014,4,2,False,True,14553,91.0,60.0,34.0,51.0,84.0,282,716,777,901.0,847.0,896.0,948.0,941,910,935,809,849,968.0,885,725,590.0,585.0,436.0,233.0
55432,2014-04-23T00:00:00Z,2014,4,3,False,True,15320,87.0,54.0,44.0,52.0,85.0,277,736,822,902.0,878.0,1064.0,1029.0,1010,870,899,795,942,984.0,995,826,608.0,595.0,466.0,300.0
55432,2014-05-10T00:00:00Z,2014,5,6,False,False,15519,405.0,206.0,150.0,143.0,117.0,231,452,672,935.0,1009.0,1010.0,963.0,871,974,964,988,868,855.0,864,678,555.0,515.0,528.0,566.0
55432,2014-05-11T00:00:00Z,2014,5,7,False,False,13667,395.0,237.0,193.0,125.0,122.0,118,221,308,541.0,756.0,889.0,975.0,1041,920,907,939,978,886.0,788,650,530.0,576.0,341.0,231.0
55432,2014-05-16T00:00:00Z,2014,5,5,False,False,16077,150.0,70.0,60.0,63.0,93.0,379,836,953,921.0,883.0,893.0,935.0,956,932,911,933,970,1027.0,908,806,691.0,561.0,599.0,547.0
55432,2014-05-22T00:00:00Z,2014,5,4,False,False,15935,133.0,74.0,42.0,59.0,92.0,365,863,1011,978.0,802.0,920.0,864.0,889,884,885,963,979,1060.0,953,826,808.0,718.0,485.0,282.0
55432,2014-05-23T00:00:00Z,2014,5,5,False,False,15640,163.0,78.0,77.0,60.0,79.0,370,843,977,933.0,883.0,961.0,840.0,947,915,867,970,921,959.0,879,730,674.0,499.0,542.0,473.0
55432,2014-05-27T00:00:00Z,2014,5,2,False,False,15342,94.0,48.0,55.0,71.0,109.0,392,784,991,950.0,915.0,895.0,863.0,893,799,833,911,939,1017.0,952,807,729.0,613.0,440.0,242.0
55432,2014-12-07T00:00:00Z,2014,12,7,False,False,15204,409.0,246.0,177.0,156.0,135.0,179,310,452,636.0,962.0,1005.0,1123.0,1208,1158,991,993,1001,726.0,779,718,595.0,537.0,422.0,286.0
55432,2014-12-08T00:00:00Z,2014,12,1,False,False,14628,141.0,53.0,40.0,55.0,126.0,401,780,860,849.0,829.0,805.0,862.0,882,808,923,851,895,1067.0,969,724,641.0,530.0,306.0,231.0
55432,2014-12-13T00:00:00Z,2014,12,6,False,False,16326,420.0,212.0,155.0,147.0,120.0,242,525,728,854.0,954.0,981.0,1010.0,1134,1069,974,998,951,849.0,900,845,636.0,538.0,554.0,530.0
55432,2014-12-23T00:00:00Z,2014,12,2,False,True,14009,142.0,67.0,67.0,62.0,90.0,279,640,678,768.0,715.0,867.0,927.0,891,976,865,916,823,942.0,843,755,492.0,484.0,424.0,296.0
55432,2014-11-18T00:00:00Z,2014,11,2,False,False,13573,106.0,68.0,48.0,59.0,91.0,344,819,959,,,858.0,879.0,887,811,797,930,918,1060.0,1018,871,664.0,654.0,490.0,242.0
55432,2014-01-20T00:00:00Z,2014,1,1,False,True,13800,127.0,73.0,50.0,58.0,88.0,311,731,830,921.0,801.0,788.0,845.0,833,815,790,813,869,1000.0,917,717,521.0,406.0,332.0,164.0
55432,2014-01-21T00:00:00Z,2014,1,2,False,True,14700,84.0,61.0,41.0,38.0,83.0,338,734,805,887.0,909.0,892.0,810.0,864,871,813,903,901,1035.0,971,789,622.0,583.0,406.0,260.0
55432,2014-09-20T00:00:00Z,2014,9,6,False,True,17367,329.0,190.0,135.0,139.0,101.0,225,472,729,1046.0,1053.0,1086.0,1148.0,1111,1245,1070,998,1109,1003.0,1062,924,582.0,534.0,495.0,581.0
55432,2014-09-21T00:00:00Z,2014,9,7,False,True,15353,393.0,226.0,173.0,170.0,153.0,204,488,616,817.0,1038.0,1077.0,842.0,1189,1155,1083,965,925,810.0,745,621,532.0,513.0,377.0,241.0
55432,2014-09-24T00:00:00Z,2014,9,3,False,True,15326,103.0,50.0,33.0,51.0,83.0,340,847,851,865.0,933.0,910.0,1012.0,987,945,836,841,987,989.0,906,796,627.0,581.0,465.0,288.0
55432,2014-10-02T00:00:00Z,2014,10,4,False,True,15228,178.0,76.0,49.0,44.0,80.0,334,808,904,889.0,889.0,885.0,895.0,973,880,849,809,879,991.0,882,858,661.0,597.0,472.0,346.0
55432,2014-10-08T00:00:00Z,2014,10,3,False,False,14765,108.0,52.0,54.0,58.0,76.0,330,725,861,856.0,879.0,784.0,866.0,862,857,793,884,858,1009.0,881,825,729.0,618.0,449.0,351.0
55432,2014-10-14T00:00:00Z,2014,10,2,False,False,14891,108.0,57.0,38.0,48.0,82.0,314,801,938,927.0,857.0,841.0,880.0,901,840,805,846,915,986.0,994,849,614.0,531.0,461.0,258.0
55432,2014-10-22T00:00:00Z,2014,10,3,False,False,15820,121.0,54.0,42.0,50.0,86.0,348,846,1004,991.0,879.0,864.0,855.0,909,941,868,977,915,1053.0,892,874,668.0,637.0,609.0,337.0
55432,2014-10-23T00:00:00Z,2014,10,4,False,False,16301,158.0,85.0,71.0,86.0,82.0,364,828,904,879.0,895.0,915.0,913.0,930,868,852,972,952,1016.0,980,902,729.0,654.0,787.0,479.0
55432,2014-10-25T00:00:00Z,2014,10,6,False,False,16715,367.0,164.0,143.0,112.0,95.0,231,532,753,950.0,1015.0,1045.0,1131.0,1144,1116,1024,959,984,913.0,907,751,601.0,557.0,605.0,616.0
55432,2014-10-31T00:00:00Z,2014,10,5,False,False,17156,257.0,122.0,98.0,132.0,141.0,365,850,1001,963.0,837.0,976.0,960.0,975,1024,980,1074,1044,1040.0,1008,940,642.0,615.0,593.0,519.0
55432,2014-11-02T00:00:00Z,2014,11,7,False,False,16239,343.0,222.0,202.0,139.0,127.0,196,327,523,709.0,920.0,1094.0,1175.0,1279,1105,1185,1270,945,1038.0,759,691,721.0,587.0,464.0,218.0
55432,2014-10-30T00:00:00Z,2014,10,4,False,False,16669,178.0,107.0,61.0,76.0,99.0,374,823,920,950.0,887.0,903.0,872.0,991,863,911,929,993,1067.0,947,1036,798.0,661.0,737.0,486.0
55432,2014-11-01T00:00:00Z,2014,11,6,False,False,17656,383.0,265.0,193.0,151.0,142.0,257,530,871,1112.0,1079.0,1141.0,1152.0,1181,1148,1126,1069,941,1020.0,860,808,627.0,571.0,578.0,451.0
55432,2014-11-06T00:00:00Z,2014,11,4,False,False,16032,132.0,77.0,48.0,62.0,73.0,375,782,919,944.0,777.0,913.0,911.0,882,892,888,920,981,1113.0,1079,1034,703.0,643.0,564.0,320.0
55432,2014-11-07T00:00:00Z,2014,11,5,False,False,16611,154.0,74.0,51.0,58.0,102.0,376,844,895,963.0,931.0,948.0,963.0,913,988,954,1125,1001,1044.0,966,897,748.0,597.0,581.0,438.0
55432,2014-11-12T00:00:00Z,2014,11,3,False,False,15986,131.0,88.0,47.0,50.0,89.0,386,826,987,909.0,864.0,836.0,849.0,908,823,853,910,929,1057.0,975,1015,745.0,757.0,545.0,407.0
55432,2014-11-13T00:00:00Z,2014,11,4,False,False,16250,162.0,80.0,57.0,58.0,89.0,407,805,925,937.0,800.0,828.0,896.0,896,847,826,974,976,1070.0,1056,1003,826.0,726.0,684.0,322.0
55432,2014-11-14T00:00:00Z,2014,11,5,False,False,17298,227.0,93.0,86.0,110.0,130.0,371,764,996,974.0,895.0,925.0,1032.0,1038,1051,1066,1022,1054,1071.0,976,998,752.0,637.0,558.0,472.0
55432,2014-11-17T00:00:00Z,2014,11,1,False,False,14717,109.0,61.0,53.0,49.0,82.0,378,809,940,898.0,780.0,806.0,870.0,830,844,872,901,937,1076.0,929,684,686.0,557.0,377.0,189.0
55432,2014-11-19T00:00:00Z,2014,11,3,False,False,15515,117.0,65.0,45.0,58.0,83.0,383,839,970,921.0,774.0,900.0,853.0,869,853,814,891,883,1042.0,1006,949,693.0,689.0,561.0,257.0
55432,2014-12-09T00:00:00Z,2014,12,2,False,False,15206,104.0,64.0,28.0,48.0,106.0,395,867,917,857.0,873.0,854.0,847.0,874,856,871,862,945,1070.0,946,881,637.0,625.0,445.0,234.0
55432,2014-12-10T00:00:00Z,2014,12,3,False,False,15438,123.0,66.0,44.0,43.0,73.0,383,888,949,999.0,848.0,789.0,889.0,853,821,830,967,931,987.0,855,948,635.0,667.0,548.0,302.0
55432,2014-12-12T00:00:00Z,2014,12,5,False,False,16053,200.0,83.0,77.0,73.0,111.0,366,820,912,927.0,791.0,888.0,887.0,850,922,945,1006,977,933.0,910,867,682.0,637.0,652.0,537.0
55432,2014-08-13T00:00:00Z,2014,8,3,False,False,15060,104.0,54.0,38.0,42.0,85.0,297,749,898,985.0,863.0,870.0,878.0,827,917,847,904,903,920.0,849,848,665.0,624.0,546.0,347.0
55432,2014-08-19T00:00:00Z,2014,8,2,False,False,14126,83.0,69.0,42.0,52.0,56.0,263,716,892,882.0,807.0,861.0,836.0,821,816,803,860,837,902.0,780,826,634.0,589.0,430.0,269.0
55432,2014-08-25T00:00:00Z,2014,8,1,False,False,13924,105.0,54.0,45.0,55.0,88.0,308,744,929,934.0,762.0,788.0,857.0,845,805,814,861,909,972.0,858,668,552.0,461.0,336.0,174.0
55432,2014-08-26T00:00:00Z,2014,8,2,False,False,14288,77.0,51.0,48.0,51.0,81.0,304,706,921,850.0,831.0,802.0,815.0,863,892,796,887,828,930.0,968,777,642.0,544.0,377.0,247.0
55432,2014-08-27T00:00:00Z,2014,8,3,False,False,14666,106.0,49.0,38.0,47.0,85.0,297,781,933,905.0,830.0,796.0,811.0,798,831,862,835,890,1004.0,758,892,648.0,647.0,511.0,312.0
55432,2014-09-01T00:00:00Z,2014,9,1,False,False,14203,67.0,72.0,48.0,42.0,78.0,285,746,952,894.0,790.0,841.0,831.0,846,809,852,890,892,1000.0,863,728,582.0,539.0,370.0,186.0
55432,2014-09-02T00:00:00Z,2014,9,2,False,False,14549,93.0,47.0,48.0,45.0,76.0,269,747,943,977.0,831.0,838.0,838.0,838,818,744,898,881,1003.0,978,819,665.0,593.0,374.0,186.0
55432,2014-09-03T00:00:00Z,2014,9,3,False,False,15115,107.0,45.0,42.0,46.0,69.0,256,748,976,906.0,822.0,847.0,834.0,893,850,820,997,939,978.0,1006,782,642.0,569.0,584.0,357.0
55432,2014-09-04T00:00:00Z,2014,9,4,False,False,16123,195.0,103.0,80.0,69.0,96.0,286,693,986,995.0,920.0,935.0,898.0,928,846,902,1024,1079,1010.0,989,702,628.0,697.0,637.0,425.0
55432,2014-09-19T00:00:00Z,2014,9,5,False,False,15792,181.0,85.0,72.0,64.0,99.0,332,801,863,851.0,844.0,888.0,924.0,917,926,856,975,1013,1014.0,885,866,629.0,525.0,588.0,594.0
55432,2014-09-22T00:00:00Z,2014,9,1,False,True,14036,96.0,63.0,46.0,63.0,83.0,363,768,811,884.0,816.0,856.0,845.0,838,889,812,853,943,957.0,902,701,492.0,477.0,293.0,185.0
55432,2014-09-28T00:00:00Z,2014,9,7,False,True,15667,392.0,242.0,168.0,147.0,143.0,153,303,429,680.0,1017.0,1219.0,1188.0,1257,1231,1141,1032,970,845.0,738,661,593.0,495.0,366.0,257.0
55432,2014-09-29T00:00:00Z,2014,9,1,False,True,14971,103.0,67.0,53.0,53.0,75.0,362,792,788,868.0,887.0,906.0,1025.0,1016,883,869,873,1028,1054.0,871,700,625.0,505.0,375.0,193.0
55432,2014-10-10T00:00:00Z,2014,10,5,False,False,15622,157.0,74.0,47.0,53.0,77.0,308,794,946,909.0,887.0,934.0,921.0,960,898,935,937,947,916.0,923,753,700.0,583.0,519.0,444.0
55432,2014-10-11T00:00:00Z,2014,10,6,False,False,17520,349.0,181.0,127.0,99.0,103.0,213,513,696,963.0,1052.0,1169.0,1211.0,1186,1140,1140,959,988,1138.0,1126,868,657.0,531.0,621.0,490.0
55432,2014-10-15T00:00:00Z,2014,10,3,False,False,15185,151.0,78.0,55.0,47.0,73.0,323,735,889,900.0,804.0,849.0,821.0,835,856,885,881,895,967.0,1027,687,725.0,655.0,622.0,425.0
55432,2014-10-18T00:00:00Z,2014,10,6,False,False,18177,336.0,177.0,156.0,98.0,116.0,205,517,794,1019.0,1026.0,1006.0,1160.0,1232,1217,1128,1004,1192,1130.0,1051,1074,713.0,611.0,574.0,641.0
55432,2014-10-24T00:00:00Z,2014,10,5,False,False,16028,218.0,112.0,90.0,95.0,95.0,335,768,909,912.0,882.0,864.0,816.0,977,898,966,962,884,925.0,904,897,790.0,614.0,571.0,544.0
55432,2014-10-26T00:00:00Z,2014,10,7,False,False,15870,370.0,250.0,167.0,144.0,124.0,146,347,514,704.0,936.0,1045.0,1222.0,1222,1194,1190,1012,1023,892.0,874,667,612.0,573.0,416.0,226.0
55432,2014-11-05T00:00:00Z,2014,11,3,False,False,14710,5.0,2.0,1.0,1.0,32.0,362,811,935,1003.0,842.0,866.0,857.0,829,835,868,928,920,968.0,938,811,557.0,577.0,494.0,268.0
55432,2014-11-16T00:00:00Z,2014,11,7,False,False,14190,421.0,222.0,198.0,160.0,134.0,151,299,384,482.0,667.0,835.0,981.0,1113,1088,1097,1030,974,958.0,746,617,549.0,506.0,384.0,194.0
55432,2014-11-20T00:00:00Z,2014,11,4,False,False,16318,129.0,61.0,51.0,58.0,90.0,371,840,1016,968.0,848.0,880.0,866.0,957,887,892,913,968,1077.0,1053,998,747.0,707.0,554.0,387.0
55432,2014-11-21T00:00:00Z,2014,11,5,False,False,16955,196.0,93.0,64.0,60.0,85.0,421,805,973,933.0,917.0,961.0,992.0,974,1052,965,1120,1088,987.0,960,903,700.0,649.0,556.0,501.0
55432,2014-11-22T00:00:00Z,2014,11,6,False,False,17558,431.0,204.0,147.0,120.0,104.0,247,571,750,965.0,959.0,1106.0,1041.0,1228,1261,1204,1071,959,991.0,945,850,694.0,599.0,605.0,506.0
55432,2014-11-24T00:00:00Z,2014,11,1,False,False,14473,146.0,60.0,52.0,69.0,95.0,358,824,932,893.0,799.0,773.0,894.0,819,866,855,888,846,935.0,942,712,591.0,520.0,365.0,239.0
55432,2014-11-27T00:00:00Z,2014,11,4,False,False,16003,170.0,109.0,68.0,87.0,86.0,374,830,910,955.0,812.0,844.0,845.0,904,813,829,874,971,1036.0,1039,1017,764.0,693.0,578.0,395.0
55432,2014-11-29T00:00:00Z,2014,11,6,False,False,17662,338.0,233.0,173.0,124.0,120.0,216,479,745,1105.0,1095.0,1062.0,1059.0,1111,1086,1091,1123,1024,993.0,985,875,697.0,609.0,649.0,670.0
55432,2014-11-30T00:00:00Z,2014,11,7,False,False,15465,536.0,299.0,190.0,160.0,120.0,176,311,460,727.0,945.0,1123.0,997.0,1202,1157,1124,1026,942,795.0,756,677,534.0,524.0,395.0,289.0
55432,2014-12-01T00:00:00Z,2014,12,1,False,False,14630,259.0,83.0,54.0,60.0,99.0,332,775,926,880.0,823.0,835.0,843.0,867,810,821,837,832,985.0,991,756,628.0,570.0,373.0,191.0
55432,2014-12-02T00:00:00Z,2014,12,2,False,False,15617,112.0,68.0,64.0,51.0,88.0,302,798,893,891.0,841.0,861.0,914.0,822,885,894,850,928,1056.0,1000,870,682.0,598.0,708.0,441.0
55432,2014-12-05T00:00:00Z,2014,12,5,False,False,16186,213.0,102.0,67.0,76.0,91.0,389,873,938,905.0,881.0,842.0,880.0,954,893,973,995,968,856.0,912,927,648.0,646.0,611.0,546.0
55432,2014-05-29T00:00:00Z,2014,5,4,False,False,16251,153.0,74.0,63.0,65.0,99.0,319,823,997,981.0,943.0,894.0,886.0,871,881,887,953,1037,1061.0,1040,975,695.0,668.0,521.0,365.0
55432,2014-05-30T00:00:00Z,2014,5,5,False,False,15802,181.0,84.0,52.0,59.0,85.0,348,742,941,994.0,928.0,957.0,884.0,942,875,817,981,1020,945.0,777,795,737.0,620.0,571.0,467.0
55432,2014-06-04T00:00:00Z,2014,6,3,False,False,15329,123.0,56.0,40.0,53.0,75.0,326,818,998,1019.0,824.0,857.0,857.0,876,811,850,920,983,954.0,932,796,708.0,682.0,497.0,274.0
55432,2014-06-05T00:00:00Z,2014,6,4,False,False,15031,139.0,74.0,40.0,47.0,91.0,303,711,892,959.0,920.0,781.0,821.0,900,914,880,837,942,924.0,851,845,683.0,631.0,514.0,332.0
55432,2014-06-24T00:00:00Z,2014,6,2,False,False,14412,94.0,66.0,51.0,50.0,103.0,348,769,941,936.0,791.0,823.0,868.0,826,827,822,850,908,963.0,912,782,608.0,505.0,373.0,196.0
55432,2014-06-25T00:00:00Z,2014,6,3,False,False,15097,102.0,54.0,36.0,52.0,96.0,356,800,895,978.0,855.0,877.0,842.0,799,843,827,820,899,1056.0,1020,820,697.0,666.0,473.0,234.0
55432,2014-06-28T00:00:00Z,2014,6,6,False,True,16430,292.0,183.0,142.0,107.0,121.0,186,427,663,858.0,925.0,939.0,997.0,1054,1071,1135,1092,1069,1006.0,1103,842,598.0,563.0,547.0,510.0
55432,2014-07-05T00:00:00Z,2014,7,6,False,True,15483,306.0,187.0,117.0,107.0,145.0,236,396,608,707.0,873.0,982.0,933.0,1000,1073,979,975,1042,938.0,995,764,604.0,556.0,456.0,504.0
55432,2014-07-08T00:00:00Z,2014,7,2,False,True,13869,82.0,42.0,47.0,45.0,68.0,349,726,870,814.0,856.0,774.0,815.0,838,810,775,782,931,862.0,892,757,617.0,576.0,366.0,175.0
55432,2014-07-09T00:00:00Z,2014,7,3,False,True,14729,121.0,51.0,43.0,44.0,76.0,340,784,842,843.0,848.0,889.0,880.0,820,874,770,801,876,944.0,946,733,695.0,534.0,617.0,358.0
55432,2014-07-23T00:00:00Z,2014,7,3,False,False,15105,92.0,61.0,49.0,51.0,66.0,318,804,970,945.0,902.0,875.0,884.0,899,818,810,857,922,970.0,912,794,691.0,685.0,456.0,274.0
55432,2014-07-24T00:00:00Z,2014,7,4,False,False,14916,114.0,60.0,51.0,52.0,72.0,326,767,922,938.0,835.0,834.0,847.0,821,799,846,892,988,1004.0,910,829,628.0,638.0,431.0,312.0
55432,2014-08-06T00:00:00Z,2014,8,3,False,False,14908,88.0,50.0,32.0,59.0,77.0,309,762,947,973.0,833.0,841.0,879.0,880,852,869,908,970,913.0,899,737,678.0,659.0,479.0,214.0
55432,2014-08-10T00:00:00Z,2014,8,7,False,False,14552,344.0,206.0,152.0,128.0,144.0,196,315,510,781.0,753.0,870.0,907.0,996,963,975,933,974,867.0,846,683,641.0,514.0,570.0,284.0
55432,2014-01-02T00:00:00Z,2014,1,4,False,True,13031,127.0,64.0,52.0,67.0,81.0,206,460,509,647.0,694.0,931.0,1036.0,1096,914,976,759,784,697.0,693,605,488.0,514.0,376.0,255.0
55432,2014-01-07T00:00:00Z,2014,1,2,False,True,13378,106.0,53.0,58.0,57.0,68.0,275,623,747,805.0,782.0,810.0,832.0,763,756,809,848,859,1013.0,861,684,529.0,479.0,386.0,175.0
55432,2014-01-08T00:00:00Z,2014,1,3,False,True,14264,127.0,55.0,40.0,36.0,74.0,244,623,720,802.0,783.0,819.0,884.0,856,812,801,770,866,1042.0,1052,833,622.0,545.0,523.0,335.0
55432,2014-01-11T00:00:00Z,2014,1,6,False,True,16189,286.0,175.0,120.0,78.0,76.0,170,426,650,830.0,948.0,1092.0,1141.0,1250,1214,1090,997,956,852.0,888,781,603.0,599.0,510.0,457.0
55432,2014-01-13T00:00:00Z,2014,1,1,False,True,13779,57.0,49.0,46.0,46.0,78.0,285,731,778,835.0,788.0,812.0,855.0,750,812,825,842,883,1031.0,1037,660,545.0,456.0,376.0,202.0
55432,2014-01-24T00:00:00Z,2014,1,5,False,True,15709,169.0,79.0,73.0,53.0,87.0,355,716,881,879.0,929.0,951.0,957.0,891,930,908,984,919,1073.0,904,856,626.0,570.0,526.0,393.0
55432,2014-01-27T00:00:00Z,2014,1,1,True,True,13662,304.0,187.0,139.0,93.0,92.0,155,246,313,457.0,617.0,943.0,1007.0,1160,1141,1034,983,857,832.0,691,632,597.0,557.0,391.0,234.0
55432,2014-01-28T00:00:00Z,2014,1,2,False,False,15336,123.0,61.0,45.0,35.0,84.0,309,740,847,913.0,915.0,861.0,901.0,937,923,861,861,872,1080.0,1020,931,737.0,562.0,397.0,321.0
55432,2014-01-30T00:00:00Z,2014,1,4,False,False,15861,152.0,57.0,55.0,52.0,95.0,388,737,951,927.0,903.0,846.0,827.0,920,895,932,1002,942,1076.0,986,925,734.0,620.0,528.0,311.0
55432,2014-02-07T00:00:00Z,2014,2,5,False,False,16788,233.0,97.0,84.0,98.0,156.0,313,807,934,931.0,962.0,995.0,962.0,939,941,964,1028,937,1052.0,965,1017,675.0,593.0,613.0,492.0
55432,2014-02-08T00:00:00Z,2014,2,6,False,False,17576,312.0,174.0,110.0,99.0,90.0,207,551,723,947.0,1095.0,1062.0,1163.0,1144,1225,1136,1117,1014,983.0,1151,1003,644.0,534.0,593.0,499.0
55432,2014-02-09T00:00:00Z,2014,2,7,False,False,15647,377.0,232.0,178.0,130.0,114.0,130,304,437,782.0,925.0,1010.0,1137.0,1190,1141,1142,1004,994,977.0,957,696,636.0,514.0,404.0,236.0
55432,2014-03-18T00:00:00Z,2014,3,2,False,False,16146,126.0,64.0,44.0,65.0,80.0,443,852,1013,900.0,924.0,883.0,937.0,924,906,949,953,969,1040.0,1054,858,795.0,653.0,447.0,267.0
55432,2014-03-19T00:00:00Z,2014,3,3,False,False,16285,133.0,73.0,37.0,56.0,98.0,345,868,980,964.0,928.0,965.0,903.0,895,865,942,947,1015,1028.0,952,891,764.0,753.0,546.0,337.0
55432,2014-03-20T00:00:00Z,2014,3,4,False,False,16570,164.0,101.0,52.0,64.0,75.0,354,864,963,973.0,917.0,921.0,979.0,900,896,861,987,1056,1055.0,1038,945,777.0,709.0,586.0,333.0
55432,2014-03-21T00:00:00Z,2014,3,5,False,False,16609,181.0,104.0,78.0,70.0,94.0,305,794,1018,931.0,886.0,886.0,868.0,953,939,961,944,1065,1068.0,1012,1105,725.0,619.0,488.0,515.0
55432,2014-01-25T00:00:00Z,2014,1,6,False,True,16070,283.0,159.0,105.0,85.0,69.0,184,429,595,769.0,913.0,965.0,1031.0,1066,1071,1024,974,1091,1001.0,1044,808,619.0,619.0,598.0,568.0
55432,2014-03-25T00:00:00Z,2014,3,2,False,False,15277,94.0,51.0,46.0,46.0,91.0,346,815,928,899.0,852.0,824.0,872.0,871,870,932,858,955,1088.0,972,824,724.0,636.0,433.0,250.0
55432,2014-03-26T00:00:00Z,2014,3,3,False,False,15456,110.0,71.0,41.0,48.0,79.0,336,831,1022,939.0,858.0,823.0,801.0,857,844,881,868,975,1042.0,932,818,728.0,738.0,507.0,307.0
55432,2014-04-08T00:00:00Z,2014,4,2,False,False,15700,81.0,57.0,50.0,48.0,79.0,358,940,935,979.0,876.0,847.0,899.0,890,887,843,918,1048,1029.0,988,904,694.0,673.0,430.0,247.0
55432,2014-04-09T00:00:00Z,2014,4,3,False,False,16112,112.0,54.0,42.0,41.0,92.0,387,853,1050,949.0,1051.0,885.0,873.0,869,904,887,987,984,1048.0,951,838,760.0,727.0,509.0,259.0
55432,2014-04-10T00:00:00Z,2014,4,4,False,False,15687,117.0,72.0,61.0,58.0,87.0,402,814,977,858.0,901.0,862.0,848.0,842,844,901,890,1012,1023.0,924,842,702.0,712.0,544.0,394.0
55432,2014-04-11T00:00:00Z,2014,4,5,False,False,16375,158.0,78.0,68.0,58.0,99.0,355,784,969,964.0,898.0,898.0,876.0,909,985,939,931,967,1015.0,923,966,788.0,578.0,616.0,553.0
55432,2014-04-12T00:00:00Z,2014,4,6,False,True,16065,321.0,192.0,119.0,107.0,101.0,228,513,699,902.0,1020.0,1143.0,1203.0,1045,1021,995,938,893,888.0,781,795,656.0,535.0,464.0,506.0
55432,2014-04-13T00:00:00Z,2014,4,7,False,True,14014,332.0,244.0,153.0,153.0,133.0,133,285,404,701.0,1075.0,1046.0,988.0,1026,808,962,859,720,911.0,844,602,571.0,460.0,360.0,244.0
55432,2014-04-14T00:00:00Z,2014,4,1,False,True,14648,75.0,72.0,40.0,62.0,93.0,328,810,882,850.0,858.0,932.0,940.0,837,827,874,871,963,1013.0,923,737,573.0,505.0,362.0,221.0
55432,2014-01-05T00:00:00Z,2014,1,7,False,True,14496,314.0,156.0,95.0,135.0,133.0,258,443,502,820.0,905.0,988.0,1072.0,1045,1094,1038,933,743,743.0,794,600,577.0,501.0,373.0,234.0
55432,2014-10-19T00:00:00Z,2014,10,7,False,False,15245,427.0,240.0,186.0,153.0,136.0,147,267,444,655.0,826.0,999.0,1144.0,1186,1204,1031,969,878,839.0,788,664,596.0,499.0,509.0,458.0
55432,2014-10-20T00:00:00Z,2014,10,1,False,False,14907,230.0,83.0,134.0,112.0,159.0,306,794,896,921.0,791.0,796.0,830.0,872,839,842,942,931,1028.0,957,711,596.0,509.0,405.0,223.0
55432,2014-10-27T00:00:00Z,2014,10,1,False,False,15223,133.0,51.0,53.0,47.0,86.0,384,807,966,1031.0,850.0,884.0,905.0,820,892,828,943,953,1053.0,917,705,630.0,554.0,486.0,245.0
55432,2014-10-28T00:00:00Z,2014,10,2,False,False,16032,133.0,74.0,58.0,71.0,91.0,354,809,981,974.0,935.0,897.0,914.0,888,882,921,972,990,1125.0,959,936,713.0,598.0,519.0,238.0
55432,2014-10-29T00:00:00Z,2014,10,3,False,False,16132,132.0,67.0,59.0,48.0,85.0,356,861,952,971.0,897.0,792.0,933.0,957,924,881,900,1031,1051.0,1043,896,667.0,686.0,582.0,361.0
55432,2014-11-03T00:00:00Z,2014,11,1,False,False,14305,113.0,73.0,63.0,59.0,92.0,316,743,893,922.0,756.0,890.0,873.0,817,795,895,944,975,1056.0,873,717,562.0,517.0,347.0,14.0
55432,2014-11-04T00:00:00Z,2014,11,2,False,False,14516,8.0,7.0,9.0,32.0,85.0,350,799,939,926.0,815.0,952.0,1001.0,918,848,789,805,891,990.0,952,776,594.0,545.0,428.0,57.0
55432,2014-11-08T00:00:00Z,2014,11,6,False,False,17852,329.0,179.0,102.0,96.0,110.0,222,565,808,1054.0,1095.0,1236.0,1175.0,1137,1199,1162,1104,1052,1019.0,1048,837,638.0,541.0,604.0,540.0
55432,2014-11-11T00:00:00Z,2014,11,2,False,False,15359,92.0,50.0,43.0,44.0,74.0,353,793,918,883.0,897.0,834.0,834.0,863,851,823,909,945,1084.0,1084,963,688.0,603.0,479.0,252.0
55432,2014-11-15T00:00:00Z,2014,11,6,False,False,17354,329.0,198.0,140.0,140.0,103.0,238,515,829,1005.0,1015.0,1092.0,1066.0,1092,1135,1001,977,1120,1087.0,1143,888,612.0,511.0,598.0,520.0
55432,2014-11-26T00:00:00Z,2014,11,3,False,False,16156,175.0,75.0,61.0,61.0,88.0,393,863,958,912.0,934.0,873.0,904.0,882,907,873,919,1011,1137.0,937,921,715.0,690.0,538.0,329.0
55432,2014-12-04T00:00:00Z,2014,12,4,False,False,16445,196.0,103.0,56.0,57.0,93.0,387,896,956,900.0,798.0,842.0,827.0,932,957,906,883,989,1128.0,1139,1068,717.0,656.0,584.0,375.0
55432,2014-12-14T00:00:00Z,2014,12,7,False,False,14631,505.0,262.0,203.0,155.0,120.0,182,280,394,623.0,752.0,938.0,946.0,1140,1130,1001,1003,1026,816.0,808,654,552.0,493.0,413.0,235.0
55432,2014-03-27T00:00:00Z,2014,3,4,False,False,15435,167.0,75.0,60.0,84.0,89.0,338,743,918,884.0,816.0,834.0,873.0,877,845,913,911,980,1001.0,913,858,779.0,645.0,532.0,300.0
55432,2014-03-28T00:00:00Z,2014,3,5,False,False,16152,146.0,89.0,80.0,68.0,88.0,329,781,995,922.0,873.0,919.0,900.0,866,971,942,956,993,1089.0,968,951,635.0,560.0,536.0,495.0
55432,2014-04-16T00:00:00Z,2014,4,3,False,True,15990,129.0,49.0,45.0,53.0,75.0,339,774,887,886.0,992.0,1004.0,964.0,1034,854,897,861,1039,1021.0,958,884,736.0,655.0,528.0,326.0
55432,2014-04-20T00:00:00Z,2014,4,7,True,True,11561,312.0,178.0,141.0,109.0,95.0,128,232,268,393.0,631.0,724.0,846.0,974,915,727,663,735,696.0,701,508,478.0,433.0,375.0,299.0
55432,2014-04-24T00:00:00Z,2014,4,4,False,True,15979,144.0,72.0,43.0,43.0,81.0,302,707,865,949.0,803.0,890.0,1009.0,990,961,977,942,933,934.0,865,890,869.0,747.0,506.0,457.0
55432,2014-04-27T00:00:00Z,2014,4,7,False,True,12790,303.0,193.0,126.0,105.0,115.0,147,239,368,524.0,705.0,759.0,919.0,919,908,880,915,858,836.0,754,620,515.0,477.0,382.0,223.0
55432,2014-05-02T00:00:00Z,2014,5,5,False,False,16251,171.0,82.0,61.0,60.0,74.0,339,827,973,954.0,924.0,878.0,880.0,973,987,912,986,978,976.0,1023,893,668.0,598.0,563.0,471.0
55432,2014-05-04T00:00:00Z,2014,5,7,False,False,14091,440.0,241.0,170.0,144.0,110.0,154,265,320,600.0,788.0,861.0,971.0,1060,1162,1045,1010,919,910.0,758,578,533.0,512.0,338.0,202.0
55432,2014-05-05T00:00:00Z,2014,5,1,False,False,14534,54.0,59.0,30.0,103.0,119.0,382,786,898,922.0,810.0,809.0,823.0,785,833,840,825,955,1035.0,956,820,608.0,487.0,399.0,196.0
55432,2014-05-08T00:00:00Z,2014,5,4,False,False,15641,154.0,74.0,56.0,72.0,94.0,391,841,970,887.0,815.0,930.0,808.0,871,787,816,927,936,994.0,952,844,742.0,674.0,615.0,391.0
55432,2014-05-12T00:00:00Z,2014,5,1,False,False,14389,106.0,58.0,65.0,69.0,120.0,370,711,925,976.0,781.0,780.0,794.0,823,823,799,895,1023,993.0,866,720,632.0,501.0,385.0,174.0
55432,2014-05-21T00:00:00Z,2014,5,3,False,False,15285,112.0,52.0,37.0,53.0,71.0,379,837,982,995.0,881.0,791.0,833.0,896,837,866,903,941,1026.0,794,883,701.0,710.0,431.0,274.0
55432,2014-05-25T00:00:00Z,2014,5,7,False,False,14799,402.0,238.0,162.0,156.0,122.0,179,304,398,681.0,880.0,1096.0,1039.0,1173,1122,1111,1035,958,882.0,753,611,531.0,454.0,331.0,181.0
55432,2014-05-26T00:00:00Z,2014,5,1,False,False,15068,97.0,58.0,37.0,47.0,100.0,376,810,982,1006.0,885.0,956.0,956.0,935,856,859,962,938,955.0,843,670,574.0,508.0,466.0,192.0
55432,2014-05-28T00:00:00Z,2014,5,3,False,False,15500,95.0,71.0,46.0,54.0,109.0,374,834,1004,1034.0,826.0,888.0,902.0,860,857,908,921,974,992.0,973,802,575.0,564.0,524.0,313.0
55432,2014-05-31T00:00:00Z,2014,5,6,False,False,16602,348.0,189.0,136.0,132.0,108.0,210,446,633,893.0,1151.0,1106.0,1088.0,1039,1099,1107,1129,1094,907.0,767,709,711.0,526.0,555.0,519.0
55432,2014-06-01T00:00:00Z,2014,6,7,False,False,13826,379.0,254.0,195.0,147.0,126.0,155,240,345,613.0,893.0,951.0,951.0,1015,1043,989,990,938,860.0,748,525,526.0,434.0,317.0,192.0
55432,2014-06-12T00:00:00Z,2014,6,4,False,False,15154,125.0,71.0,49.0,63.0,96.0,334,763,986,948.0,814.0,798.0,876.0,796,855,906,903,901,1022.0,915,814,702.0,619.0,526.0,272.0
55432,2014-06-29T00:00:00Z,2014,6,7,False,True,13744,402.0,232.0,168.0,146.0,121.0,183,252,318,556.0,771.0,939.0,823.0,921,1052,1057,966,920,900.0,808,590,542.0,478.0,339.0,260.0
55432,2014-06-30T00:00:00Z,2014,6,1,False,True,13602,113.0,49.0,57.0,42.0,89.0,326,727,777,825.0,765.0,813.0,769.0,772,834,783,870,951,1040.0,863,645,530.0,461.0,329.0,172.0
55432,2014-07-02T00:00:00Z,2014,7,3,False,True,14647,113.0,56.0,31.0,44.0,76.0,331,730,857,875.0,810.0,884.0,856.0,964,863,893,777,923,955.0,944,704,643.0,610.0,460.0,248.0
55432,2014-07-03T00:00:00Z,2014,7,4,False,True,14617,118.0,58.0,44.0,52.0,73.0,313,792,807,842.0,763.0,809.0,854.0,903,870,820,790,887,999.0,970,818,692.0,611.0,480.0,252.0
55432,2014-07-10T00:00:00Z,2014,7,4,False,True,14697,135.0,76.0,57.0,56.0,90.0,319,755,867,825.0,851.0,852.0,850.0,853,798,852,839,902,978.0,953,761,624.0,621.0,478.0,305.0
55432,2014-07-12T00:00:00Z,2014,7,6,False,True,15982,286.0,179.0,109.0,109.0,82.0,183,449,561,746.0,873.0,1004.0,996.0,1056,1028,1016,1057,1046,1015.0,948,860,751.0,522.0,612.0,494.0
55432,2014-07-17T00:00:00Z,2014,7,4,False,False,14702,110.0,71.0,46.0,53.0,67.0,336,765,926,868.0,856.0,853.0,842.0,815,798,804,903,932,915.0,901,796,697.0,591.0,479.0,278.0
55432,2014-07-18T00:00:00Z,2014,7,5,False,False,15005,147.0,76.0,66.0,57.0,82.0,295,778,932,972.0,874.0,837.0,826.0,834,879,889,963,930,900.0,812,711,636.0,514.0,571.0,424.0
55432,2014-07-21T00:00:00Z,2014,7,1,False,False,13643,102.0,63.0,37.0,51.0,87.0,299,718,932,918.0,786.0,770.0,749.0,762,778,801,873,876,974.0,879,654,550.0,485.0,345.0,154.0
55432,2014-07-25T00:00:00Z,2014,7,5,False,False,15117,144.0,80.0,60.0,52.0,75.0,323,774,910,847.0,846.0,875.0,816.0,775,833,872,888,859,937.0,883,914,754.0,573.0,538.0,489.0
55432,2014-07-27T00:00:00Z,2014,7,7,False,False,14985,413.0,233.0,157.0,136.0,120.0,135,247,398,618.0,815.0,980.0,1065.0,1191,1124,1098,934,937,901.0,914,736,638.0,497.0,395.0,303.0
55432,2014-08-03T00:00:00Z,2014,8,7,False,False,14417,380.0,228.0,181.0,152.0,110.0,134,260,322,563.0,782.0,999.0,1121.0,1196,1009,1005,1091,929,906.0,852,576,570.0,503.0,340.0,208.0
55432,2014-08-04T00:00:00Z,2014,8,1,False,False,13984,116.0,44.0,42.0,43.0,79.0,285,749,913,869.0,823.0,861.0,834.0,829,806,856,961,862,839.0,845,756,603.0,506.0,308.0,155.0
55432,2014-08-12T00:00:00Z,2014,8,2,False,False,14076,105.0,60.0,38.0,45.0,65.0,289,684,874,866.0,731.0,803.0,848.0,844,810,786,829,969,918.0,884,816,633.0,565.0,406.0,208.0
55432,2014-08-14T00:00:00Z,2014,8,4,False,False,15189,157.0,89.0,58.0,68.0,97.0,320,780,920,913.0,750.0,824.0,846.0,809,831,880,898,946,972.0,832,876,688.0,617.0,629.0,389.0
55432,2014-09-07T00:00:00Z,2014,9,7,False,False,13700,438.0,254.0,177.0,148.0,124.0,113,249,340,467.0,666.0,819.0,953.0,905,998,1055,946,909,877.0,857,712,569.0,508.0,399.0,217.0
55432,2014-09-09T00:00:00Z,2014,9,2,False,False,14958,95.0,52.0,34.0,59.0,81.0,275,798,912,965.0,872.0,815.0,859.0,873,854,826,878,927,940.0,1005,883,722.0,598.0,444.0,191.0
55432,2014-09-14T00:00:00Z,2014,9,7,False,False,15597,413.0,235.0,201.0,138.0,142.0,152,296,463,567.0,903.0,1175.0,1257.0,1384,1286,1163,1061,880,773.0,759,687,567.0,484.0,391.0,220.0
55432,2014-09-18T00:00:00Z,2014,9,4,False,False,15751,170.0,82.0,64.0,68.0,94.0,294,805,969,937.0,894.0,844.0,838.0,909,916,903,918,943,963.0,1006,908,717.0,624.0,534.0,351.0
55432,2014-09-25T00:00:00Z,2014,9,4,False,True,14937,142.0,79.0,63.0,58.0,84.0,331,759,862,851.0,829.0,940.0,916.0,869,858,865,817,897,992.0,882,793,671.0,581.0,502.0,296.0
55432,2014-09-26T00:00:00Z,2014,9,5,False,True,15619,173.0,77.0,66.0,64.0,86.0,341,775,896,936.0,897.0,965.0,1021.0,966,952,879,889,883,966.0,798,746,563.0,480.0,625.0,575.0
55432,2014-09-30T00:00:00Z,2014,9,2,False,True,15225,93.0,58.0,50.0,58.0,65.0,368,810,835,886.0,916.0,987.0,988.0,926,895,842,794,973,1068.0,964,765,707.0,543.0,422.0,212.0
55432,2014-10-01T00:00:00Z,2014,10,3,False,True,14764,91.0,57.0,57.0,67.0,69.0,351,819,824,843.0,835.0,929.0,886.0,897,890,833,839,886,1006.0,983,745,651.0,544.0,398.0,264.0
55432,2014-10-03T00:00:00Z,2014,10,5,False,True,14969,222.0,97.0,79.0,76.0,108.0,338,770,854,849.0,753.0,893.0,939.0,877,942,874,900,910,888.0,770,718,679.0,558.0,437.0,438.0
55432,2014-10-06T00:00:00Z,2014,10,1,True,True,13891,398.0,212.0,139.0,101.0,92.0,149,246,300,446.0,624.0,858.0,1142.0,1275,1235,1137,990,787,765.0,735,611,554.0,499.0,372.0,224.0
55432,2014-10-07T00:00:00Z,2014,10,2,False,False,14431,97.0,50.0,52.0,51.0,68.0,283,695,933,882.0,761.0,793.0,827.0,916,880,866,859,896,996.0,980,758,671.0,504.0,420.0,193.0
55432,2014-01-14T00:00:00Z,2014,1,2,False,True,15042,109.0,49.0,48.0,45.0,77.0,326,721,835,866.0,942.0,886.0,907.0,878,906,893,834,976,1102.0,1034,785,570.0,549.0,446.0,258.0
55432,2014-01-23T00:00:00Z,2014,1,4,False,True,15589,129.0,63.0,53.0,52.0,94.0,333,767,871,870.0,852.0,843.0,873.0,865,881,882,868,966,1058.0,1033,968,707.0,708.0,542.0,311.0
55432,2014-02-05T00:00:00Z,2014,2,3,False,False,16571,109.0,64.0,49.0,50.0,89.0,353,809,986,981.0,960.0,1020.0,853.0,908,879,945,962,1009,1094.0,1211,1007,720.0,665.0,528.0,320.0
55432,2014-03-24T00:00:00Z,2014,3,1,False,False,14397,127.0,73.0,63.0,44.0,92.0,324,763,935,891.0,845.0,823.0,789.0,787,746,929,926,957,1069.0,877,720,575.0,508.0,329.0,205.0
55432,2015-12-18T00:00:00Z,2015,12,5,False,True,14735,222.0,117.0,87.0,87.0,110.0,345,751,796,819.0,914.0,840.0,853.0,936,819,927,767,826,820.0,753,738,588.0,572.0,542.0,506.0
55432,2015-10-04T00:00:00Z,2015,10,7,False,True,15350,296.0,171.0,,158.0,148.0,189,249,370,607.0,832.0,990.0,1097.0,1241,1120,1036,958,863,820.0,862,789,718.0,624.0,682.0,530.0
55432,2015-11-15T00:00:00Z,2015,11,7,False,False,13068,355.0,209.0,184.0,143.0,122.0,166,240,343,545.0,842.0,913.0,929.0,999,933,921,834,794,768.0,721,585,540.0,458.0,328.0,196.0
55432,2015-11-24T00:00:00Z,2015,11,2,False,False,14144,107.0,61.0,54.0,48.0,101.0,332,791,853,824.0,772.0,793.0,755.0,779,828,726,772,891,980.0,957,767,639.0,601.0,453.0,260.0
55432,2015-12-05T00:00:00Z,2015,12,6,False,False,16030,341.0,239.0,145.0,138.0,140.0,212,490,678,874.0,918.0,1029.0,1005.0,911,1015,958,911,858,871.0,923,837,650.0,631.0,613.0,643.0
55432,2015-12-12T00:00:00Z,2015,12,6,False,False,15882,387.0,238.0,175.0,162.0,102.0,220,504,706,802.0,872.0,880.0,972.0,1025,1022,982,937,1018,929.0,809,742,617.0,546.0,595.0,640.0
55432,2015-12-15T00:00:00Z,2015,12,2,False,False,13781,104.0,62.0,38.0,49.0,87.0,343,748,783,823.0,831.0,814.0,836.0,837,794,722,805,832,853.0,880,710,554.0,558.0,444.0,274.0
55432,2015-02-25T00:00:00Z,2015,2,3,False,False,16042,114.0,79.0,47.0,73.0,90.0,359,883,999,869.0,877.0,875.0,945.0,888,935,837,881,982,1078.0,1023,901,766.0,686.0,519.0,336.0
55432,2015-01-22T00:00:00Z,2015,1,4,False,True,15938,143.0,51.0,53.0,50.0,70.0,364,762,852,869.0,881.0,926.0,931.0,867,895,878,913,998,1173.0,896,796,855.0,661.0,554.0,500.0
55432,2015-01-24T00:00:00Z,2015,1,6,False,True,15706,352.0,177.0,131.0,111.0,100.0,191,425,629,825.0,973.0,1099.0,1116.0,1098,1124,949,929,898,891.0,853,753,623.0,525.0,481.0,453.0
55432,2015-02-10T00:00:00Z,2015,2,2,False,False,15544,95.0,50.0,47.0,50.0,73.0,372,848,907,891.0,909.0,792.0,837.0,858,903,841,940,972,1140.0,1054,921,761.0,641.0,431.0,211.0
55432,2015-02-12T00:00:00Z,2015,2,4,False,False,16138,135.0,69.0,65.0,61.0,88.0,366,811,962,893.0,942.0,896.0,890.0,873,946,930,926,976,1067.0,986,984,757.0,685.0,513.0,317.0
55432,2015-02-14T00:00:00Z,2015,2,6,False,False,17230,372.0,195.0,163.0,111.0,87.0,230,522,748,978.0,1032.0,1125.0,1107.0,1133,1093,906,1025,1016,1095.0,1052,915,775.0,565.0,553.0,432.0
55432,2015-02-16T00:00:00Z,2015,2,1,False,False,14725,118.0,65.0,49.0,47.0,89.0,339,847,934,897.0,793.0,840.0,831.0,893,818,839,880,948,1128.0,951,741,626.0,514.0,346.0,192.0
55432,2015-02-18T00:00:00Z,2015,2,3,False,False,16124,127.0,59.0,46.0,52.0,82.0,349,912,916,897.0,912.0,1004.0,901.0,949,887,936,993,917,1081.0,864,887,752.0,699.0,431.0,471.0
55432,2015-02-19T00:00:00Z,2015,2,4,False,False,16790,268.0,188.0,131.0,105.0,78.0,361,879,994,935.0,938.0,966.0,950.0,945,907,969,963,946,1058.0,1021,927,776.0,706.0,515.0,264.0
55432,2015-02-20T00:00:00Z,2015,2,5,False,False,16196,131.0,96.0,51.0,63.0,84.0,388,818,955,962.0,982.0,891.0,975.0,901,944,946,985,1031,938.0,880,886,698.0,617.0,533.0,441.0
55432,2015-02-22T00:00:00Z,2015,2,7,False,False,15140,402.0,255.0,212.0,157.0,124.0,163,265,442,646.0,853.0,916.0,961.0,1097,976,1000,1013,1012,938.0,929,778,665.0,555.0,472.0,309.0
55432,2015-02-24T00:00:00Z,2015,2,2,False,False,15948,87.0,65.0,53.0,54.0,83.0,356,873,928,875.0,846.0,828.0,872.0,879,823,875,958,993,1100.0,1164,1027,774.0,661.0,510.0,264.0
55432,2015-04-06T00:00:00Z,2015,4,1,True,True,13021,,123.0,102.0,70.0,80.0,152,283,395,491.0,907.0,1131.0,1212.0,1098,1029,875,778,705,756.0,728,570,554.0,456.0,333.0,193.0
55432,2015-10-17T00:00:00Z,2015,10,6,False,False,15228,316.0,206.0,127.0,110.0,96.0,220,519,798,928.0,957.0,1020.0,1032.0,841,833,936,901,848,831.0,726,722,616.0,589.0,529.0,527.0
55432,2015-10-20T00:00:00Z,2015,10,2,False,False,13924,118.0,61.0,52.0,39.0,88.0,318,781,884,724.0,828.0,854.0,812.0,825,803,769,787,839,773.0,710,721,592.0,591.0,621.0,334.0
55432,2015-10-27T00:00:00Z,2015,10,2,False,False,13895,107.0,47.0,49.0,50.0,73.0,320,737,892,805.0,764.0,766.0,811.0,726,754,766,862,836,956.0,926,774,652.0,600.0,387.0,235.0
55432,2015-10-28T00:00:00Z,2015,10,3,False,False,14130,109.0,51.0,50.0,53.0,102.0,336,759,889,643.0,787.0,694.0,803.0,849,789,787,839,907,878.0,863,723,683.0,663.0,505.0,368.0
55432,2015-10-29T00:00:00Z,2015,10,4,False,False,14995,144.0,77.0,60.0,65.0,89.0,361,781,851,829.0,795.0,850.0,850.0,852,874,739,875,919,965.0,913,878,698.0,672.0,527.0,331.0
55432,2015-10-31T00:00:00Z,2015,10,6,False,False,15361,344.0,234.0,140.0,146.0,119.0,231,512,802,894.0,937.0,919.0,942.0,947,924,921,855,928,931.0,817,666,585.0,523.0,545.0,499.0
55432,2015-11-04T00:00:00Z,2015,11,3,False,False,13562,145.0,81.0,71.0,49.0,94.0,323,721,807,843.0,755.0,729.0,725.0,706,717,788,737,761,890.0,824,733,685.0,623.0,410.0,345.0
55432,2015-11-13T00:00:00Z,2015,11,5,False,False,14426,158.0,79.0,69.0,67.0,95.0,318,755,872,879.0,837.0,833.0,864.0,852,885,805,825,716,817.0,728,715,720.0,540.0,556.0,441.0
55432,2015-02-27T00:00:00Z,2015,2,5,False,False,17272,323.0,128.0,66.0,81.0,122.0,377,839,939,913.0,896.0,811.0,1037.0,1004,1115,995,1111,1036,1032.0,969,995,776.0,620.0,603.0,484.0
55432,2015-02-28T00:00:00Z,2015,2,6,False,False,17321,356.0,174.0,148.0,113.0,101.0,234,539,763,950.0,1127.0,981.0,1043.0,1195,1240,1008,1013,995,936.0,944,823,747.0,666.0,681.0,544.0
55432,2015-03-03T00:00:00Z,2015,3,2,False,False,16558,124.0,79.0,49.0,45.0,94.0,371,867,948,964.0,872.0,911.0,895.0,905,912,938,920,1001,1190.0,1123,1026,874.0,658.0,469.0,323.0
55432,2015-03-04T00:00:00Z,2015,3,3,False,False,16012,129.0,70.0,53.0,48.0,64.0,370,960,979,957.0,924.0,903.0,873.0,825,896,836,1016,1020,979.0,926,913,757.0,710.0,518.0,286.0
55432,2015-03-08T00:00:00Z,2015,3,7,False,False,16238,1017.0,726.0,293.0,289.0,377.0,402,501,514,722.0,856.0,966.0,1072.0,1205,846,412,777,895,826.0,795,686,678.0,591.0,453.0,339.0
55432,2015-03-12T00:00:00Z,2015,3,4,False,False,17264,143.0,77.0,59.0,55.0,92.0,353,857,950,949.0,890.0,931.0,876.0,925,923,943,937,991,1085.0,1182,1162,975.0,895.0,632.0,382.0
55432,2015-04-11T00:00:00Z,2015,4,6,False,True,17276,320.0,178.0,131.0,105.0,111.0,199,520,674,829.0,1015.0,1210.0,1238.0,1190,1184,1047,1071,1043,1020.0,996,844,642.0,514.0,629.0,566.0
55432,2015-04-21T00:00:00Z,2015,4,2,False,False,12725,83.0,47.0,34.0,38.0,81.0,275,654,862,820.0,752.0,760.0,729.0,688,752,734,926,899,813.0,860,580,450.0,391.0,323.0,174.0
55432,2015-04-22T00:00:00Z,2015,4,3,False,False,13301,90.0,49.0,36.0,41.0,57.0,279,588,879,709.0,790.0,667.0,612.0,727,711,802,817,864,1004.0,899,792,627.0,563.0,417.0,281.0
55432,2015-04-23T00:00:00Z,2015,4,4,False,False,15443,148.0,88.0,52.0,56.0,89.0,307,697,943,900.0,816.0,875.0,862.0,859,885,902,943,957,992.0,942,877,735.0,712.0,533.0,273.0
55432,2015-04-26T00:00:00Z,2015,4,7,False,False,12810,336.0,198.0,158.0,130.0,120.0,149,256,339,470.0,712.0,737.0,928.0,921,941,894,964,874,816.0,786,568,515.0,486.0,313.0,199.0
55432,2015-04-27T00:00:00Z,2015,4,1,False,False,14869,123.0,54.0,43.0,48.0,86.0,320,668,924,905.0,799.0,874.0,831.0,841,828,889,910,920,989.0,979,889,690.0,558.0,482.0,219.0
55432,2015-04-29T00:00:00Z,2015,4,3,False,False,15235,132.0,54.0,48.0,52.0,85.0,336,785,962,960.0,845.0,822.0,837.0,824,869,870,874,1009,1075.0,798,879,705.0,655.0,493.0,266.0
55432,2015-05-01T00:00:00Z,2015,5,5,False,False,15152,146.0,111.0,63.0,68.0,76.0,315,705,900,878.0,822.0,852.0,840.0,773,876,915,897,909,932.0,858,830,694.0,635.0,555.0,502.0
55432,2015-09-18T00:00:00Z,2015,9,5,False,False,15951,150.0,71.0,62.0,62.0,82.0,336,893,1005,884.0,810.0,846.0,863.0,876,893,910,946,1085,1008.0,935,885,744.0,555.0,547.0,503.0
55432,2015-09-19T00:00:00Z,2015,9,6,False,True,15842,298.0,187.0,134.0,145.0,123.0,223,435,711,836.0,927.0,939.0,1008.0,1060,987,1030,933,901,907.0,859,785,590.0,605.0,632.0,587.0
55432,2015-09-20T00:00:00Z,2015,9,7,False,True,15873,399.0,253.0,168.0,162.0,136.0,247,578,723,876.0,1062.0,1042.0,1328.0,1341,933,903,949,854,866.0,786,675,540.0,501.0,347.0,204.0
55432,2015-09-29T00:00:00Z,2015,9,2,False,True,15127,113.0,47.0,60.0,62.0,85.0,373,808,926,884.0,857.0,831.0,1012.0,961,844,829,866,946,1059.0,903,772,634.0,554.0,419.0,282.0
55432,2015-10-03T00:00:00Z,2015,10,6,False,True,16882,311.0,162.0,138.0,117.0,89.0,217,482,684,875.0,1006.0,1028.0,1187.0,1176,1197,1283,1215,1209,821.0,702,585,646.0,646.0,592.0,514.0
55432,2015-10-05T00:00:00Z,2015,10,1,True,True,11769,303.0,196.0,264.0,188.0,107.0,178,313,350,582.0,814.0,1025.0,1006.0,615,584,467,480,781,737.0,677,636,514.0,425.0,330.0,197.0
55432,2015-10-09T00:00:00Z,2015,10,5,False,False,16324,151.0,69.0,62.0,66.0,96.0,327,877,940,932.0,881.0,909.0,912.0,896,873,946,1005,942,1064.0,955,1003,760.0,633.0,553.0,472.0
55432,2015-10-12T00:00:00Z,2015,10,1,False,False,14406,95.0,56.0,47.0,42.0,93.0,334,830,932,906.0,918.0,858.0,912.0,839,850,802,886,969,996.0,923,723,647.0,505.0,237.0,6.0
55432,2015-01-23T00:00:00Z,2015,1,5,False,True,16587,203.0,82.0,70.0,70.0,81.0,359,823,842,935.0,933.0,950.0,967.0,943,1001,1114,956,984,925.0,984,826,662.0,718.0,663.0,496.0
55432,2015-01-30T00:00:00Z,2015,1,5,False,False,15612,135.0,90.0,65.0,57.0,105.0,368,782,948,907.0,913.0,844.0,891.0,923,883,877,945,983,973.0,948,864,602.0,553.0,502.0,454.0
55432,2015-02-03T00:00:00Z,2015,2,2,False,False,15052,125.0,61.0,44.0,62.0,80.0,381,810,902,966.0,836.0,769.0,828.0,834,842,883,922,870,1084.0,999,834,695.0,590.0,402.0,233.0
55432,2015-02-04T00:00:00Z,2015,2,3,False,False,15247,95.0,62.0,42.0,54.0,86.0,364,877,916,1016.0,831.0,833.0,831.0,868,775,868,897,914,1006.0,960,844,702.0,672.0,474.0,260.0
55432,2015-02-08T00:00:00Z,2015,2,7,False,False,17176,463.0,243.0,186.0,159.0,143.0,176,331,514,763.0,937.0,1110.0,1166.0,1241,1181,1169,1151,1247,1052.0,922,802,598.0,643.0,641.0,338.0
55432,2015-02-09T00:00:00Z,2015,2,1,False,False,14264,123.0,63.0,53.0,60.0,81.0,381,824,971,936.0,843.0,810.0,718.0,850,788,852,863,836,986.0,911,738,599.0,446.0,340.0,192.0
55432,2015-02-13T00:00:00Z,2015,2,5,False,False,16686,144.0,72.0,72.0,67.0,97.0,342,842,1012,934.0,888.0,861.0,885.0,914,854,1017,1006,997,953.0,954,1041,829.0,677.0,668.0,560.0
55432,2015-02-17T00:00:00Z,2015,2,2,False,False,15707,93.0,47.0,42.0,66.0,75.0,387,861,927,959.0,814.0,836.0,939.0,834,938,846,893,974,1179.0,978,955,691.0,708.0,424.0,241.0
55432,2015-02-26T00:00:00Z,2015,2,4,False,False,16582,202.0,91.0,62.0,70.0,96.0,351,917,940,980.0,892.0,943.0,930.0,888,888,940,969,1000,1044.0,1013,887,787.0,688.0,592.0,412.0
55432,2015-03-07T00:00:00Z,2015,3,6,False,False,18637,355.0,209.0,153.0,117.0,130.0,207,511,743,913.0,993.0,1058.0,1094.0,1142,1141,1140,1000,964,1149.0,1115,909,816.0,765.0,959.0,1054.0
55432,2015-04-09T00:00:00Z,2015,4,4,False,True,16111,242.0,136.0,116.0,133.0,89.0,343,841,856,932.0,942.0,994.0,954.0,956,890,845,899,949,1072.0,980,874,646.0,661.0,491.0,270.0
55432,2015-04-20T00:00:00Z,2015,4,1,False,True,13045,52.0,60.0,48.0,42.0,89.0,327,696,772,812.0,787.0,734.0,780.0,766,731,787,773,857,865.0,839,759,552.0,425.0,323.0,169.0
55432,2015-04-24T00:00:00Z,2015,4,5,False,False,16375,175.0,113.0,72.0,56.0,88.0,324,805,947,954.0,874.0,878.0,929.0,890,938,997,996,1049,1000.0,976,895,731.0,617.0,573.0,498.0
55432,2015-04-28T00:00:00Z,2015,4,2,False,False,15131,98.0,59.0,38.0,46.0,84.0,344,779,909,901.0,910.0,857.0,871.0,816,817,871,913,1016,976.0,931,888,717.0,624.0,423.0,243.0
55432,2015-09-11T00:00:00Z,2015,9,5,False,False,16293,157.0,83.0,59.0,68.0,102.0,345,862,891,965.0,901.0,857.0,930.0,963,928,974,951,1043,1068.0,929,917,729.0,593.0,537.0,441.0
55432,2015-09-12T00:00:00Z,2015,9,6,False,False,16395,283.0,155.0,131.0,128.0,108.0,220,492,689,852.0,1084.0,1042.0,1117.0,1200,1202,1045,1056,977,806.0,848,701,665.0,599.0,546.0,449.0
55432,2015-09-13T00:00:00Z,2015,9,7,False,False,15626,362.0,212.0,169.0,157.0,113.0,172,307,462,679.0,952.0,1117.0,1274.0,1367,1274,1223,1188,911,829.0,621,674,564.0,516.0,309.0,174.0
55432,2015-09-17T00:00:00Z,2015,9,4,False,False,15974,128.0,59.0,76.0,73.0,90.0,367,868,1002,911.0,845.0,862.0,903.0,863,913,850,841,1046,1135.0,1044,824,718.0,709.0,566.0,281.0
55432,2015-09-30T00:00:00Z,2015,9,3,False,True,14541,112.0,62.0,56.0,49.0,87.0,363,915,860,945.0,859.0,880.0,933.0,886,832,811,861,915,992.0,898,800,704.0,642.0,74.0,5.0
55432,2015-10-06T00:00:00Z,2015,10,2,False,False,14360,115.0,62.0,55.0,50.0,78.0,329,707,969,947.0,1013.0,918.0,808.0,496,507,640,970,1008,1066.0,951,779,701.0,595.0,413.0,183.0
55432,2015-10-10T00:00:00Z,2015,10,6,False,False,17500,362.0,195.0,133.0,106.0,96.0,218,602,821,912.0,1015.0,1141.0,1103.0,1176,1105,1156,999,1002,1061.0,1087,861,698.0,556.0,569.0,526.0
55432,2015-10-13T00:00:00Z,2015,10,2,False,False,14914,26.0,52.0,54.0,62.0,88.0,391,869,998,945.0,900.0,787.0,808.0,822,787,813,850,952,1053.0,926,798,663.0,635.0,418.0,217.0
55432,2015-10-14T00:00:00Z,2015,10,3,False,False,15231,121.0,40.0,40.0,50.0,91.0,348,884,1043,964.0,926.0,893.0,866.0,871,860,859,925,956,1032.0,905,802,760.0,667.0,327.0,1.0
55432,2015-10-21T00:00:00Z,2015,10,3,False,False,13967,171.0,79.0,57.0,63.0,89.0,362,750,864,801.0,829.0,791.0,821.0,845,803,744,834,859,873.0,877,771,483.0,474.0,446.0,281.0
55432,2015-10-23T00:00:00Z,2015,10,5,False,False,14365,172.0,83.0,57.0,57.0,90.0,289,738,861,606.0,772.0,820.0,777.0,870,874,840,871,934,869.0,780,725,667.0,597.0,591.0,425.0
55432,2015-10-24T00:00:00Z,2015,10,6,False,False,16523,280.0,161.0,136.0,121.0,129.0,231,527,742,927.0,971.0,906.0,1032.0,1042,946,1177,966,1072,1087.0,1053,822,603.0,554.0,449.0,589.0
55432,2015-10-26T00:00:00Z,2015,10,1,False,False,13718,121.0,56.0,54.0,61.0,89.0,339,741,838,880.0,777.0,853.0,762.0,746,783,749,808,851,959.0,813,681,659.0,549.0,376.0,173.0
55432,2015-11-01T00:00:00Z,2015,11,7,False,False,14550,423.0,309.0,277.0,188.0,158.0,283,312,439,561.0,853.0,1005.0,1036.0,1124,1064,990,933,916,784.0,661,563,519.0,498.0,444.0,210.0
55432,2015-11-07T00:00:00Z,2015,11,6,False,False,15113,286.0,173.0,126.0,118.0,98.0,218,468,768,905.0,945.0,934.0,966.0,977,1046,962,910,843,801.0,745,693,558.0,504.0,555.0,514.0
55432,2015-11-10T00:00:00Z,2015,11,2,False,False,14333,109.0,58.0,46.0,49.0,97.0,381,751,909,860.0,725.0,775.0,845.0,836,787,780,790,887,1009.0,955,779,636.0,649.0,408.0,212.0
55432,2015-11-12T00:00:00Z,2015,11,4,False,False,14072,132.0,69.0,45.0,50.0,99.0,337,748,848,835.0,806.0,784.0,820.0,766,745,761,805,825,745.0,828,818,742.0,668.0,535.0,261.0
55432,2015-11-26T00:00:00Z,2015,11,4,False,False,14502,169.0,80.0,76.0,57.0,101.0,327,734,925,828.0,746.0,786.0,810.0,801,832,736,786,819,866.0,852,937,658.0,671.0,549.0,356.0
55432,2015-11-27T00:00:00Z,2015,11,5,False,False,15192,166.0,62.0,72.0,64.0,104.0,326,787,864,836.0,731.0,841.0,812.0,786,792,778,845,852,928.0,914,788,889.0,687.0,655.0,613.0
55432,2015-12-02T00:00:00Z,2015,12,3,False,False,13818,135.0,54.0,52.0,56.0,84.0,310,751,909,775.0,798.0,776.0,769.0,781,739,744,799,814,824.0,855,750,614.0,605.0,476.0,348.0
55432,2015-12-07T00:00:00Z,2015,12,1,False,False,13235,102.0,66.0,51.0,61.0,74.0,325,649,836,869.0,755.0,743.0,748.0,739,724,780,748,860,893.0,861,690,590.0,473.0,391.0,207.0
55432,2015-12-10T00:00:00Z,2015,12,4,False,False,14562,214.0,116.0,57.0,71.0,91.0,339,757,852,826.0,759.0,791.0,774.0,804,813,784,810,866,939.0,884,775,657.0,593.0,529.0,461.0
55432,2015-12-11T00:00:00Z,2015,12,5,False,False,14778,206.0,129.0,73.0,76.0,100.0,334,794,796,820.0,797.0,829.0,825.0,816,849,826,839,923,790.0,797,758,654.0,588.0,622.0,537.0
55432,2015-12-30T00:00:00Z,2015,12,3,False,True,12160,124.0,63.0,62.0,44.0,66.0,179,366,458,581.0,686.0,789.0,872.0,870,841,765,718,651,652.0,708,647,543.0,477.0,587.0,411.0
55432,2015-12-22T00:00:00Z,2015,12,2,False,True,12384,133.0,57.0,51.0,54.0,73.0,273,593,695,702.0,649.0,695.0,724.0,760,787,706,739,804,840.0,760,627,512.0,478.0,419.0,253.0
55432,2015-12-24T00:00:00Z,2015,12,4,False,True,10822,209.0,120.0,98.0,92.0,91.0,214,460,569,623.0,612.0,718.0,740.0,756,748,751,625,593,506.0,502,390,338.0,386.0,343.0,338.0
55432,2015-12-27T00:00:00Z,2015,12,7,False,True,11084,172.0,112.0,81.0,73.0,75.0,98,196,254,364.0,494.0,576.0,735.0,759,803,759,861,843,962.0,762,523,404.0,436.0,459.0,283.0
55432,2015-12-28T00:00:00Z,2015,12,1,False,True,10054,176.0,86.0,72.0,67.0,75.0,138,235,269,346.0,511.0,667.0,760.0,792,767,746,678,626,597.0,559,448,438.0,433.0,340.0,228.0
55432,2015-12-29T00:00:00Z,2015,12,2,False,True,11076,126.0,95.0,56.0,58.0,65.0,163,354,479,463.0,609.0,679.0,811.0,781,856,763,663,645,646.0,635,541,487.0,458.0,366.0,277.0
55432,2015-12-31T00:00:00Z,2015,12,4,False,True,11254,262.0,131.0,94.0,102.0,138.0,190,329,422,515.0,652.0,767.0,800.0,853,789,739,606,611,552.0,530,546,447.0,417.0,413.0,349.0
55432,2015-05-02T00:00:00Z,2015,5,6,False,False,15589,339.0,185.0,140.0,117.0,105.0,194,430,633,850.0,989.0,968.0,1089.0,1182,1099,936,881,938,703.0,779,794,557.0,553.0,566.0,562.0
55432,2015-05-03T00:00:00Z,2015,5,7,False,False,13366,331.0,223.0,211.0,141.0,119.0,127,229,314,563.0,789.0,906.0,976.0,1060,988,845,922,863,923.0,780,574,504.0,463.0,320.0,195.0
55432,2015-01-25T00:00:00Z,2015,1,7,False,True,14864,267.0,203.0,140.0,122.0,114.0,152,267,435,638.0,897.0,998.0,1067.0,1082,1091,1085,967,850,876.0,888,708,581.0,584.0,477.0,375.0
55432,2015-01-26T00:00:00Z,2015,1,1,True,True,12273,260.0,168.0,115.0,103.0,101.0,164,253,305,420.0,563.0,735.0,891.0,1111,1141,920,808,693,688.0,625,566,489.0,513.0,402.0,239.0
55432,2015-01-27T00:00:00Z,2015,1,2,False,True,13002,120.0,85.0,55.0,60.0,81.0,276,632,820,776.0,696.0,721.0,733.0,709,809,775,733,855,1028.0,892,661,522.0,423.0,369.0,171.0
55432,2015-01-28T00:00:00Z,2015,1,3,False,False,14097,121.0,62.0,20.0,47.0,73.0,300,741,905,880.0,859.0,833.0,795.0,805,746,862,791,785,921.0,922,761,622.0,562.0,438.0,246.0
55432,2015-02-01T00:00:00Z,2015,2,7,False,False,14300,525.0,267.0,182.0,177.0,132.0,156,255,446,604.0,801.0,902.0,940.0,1086,1149,1021,992,906,868.0,782,624,507.0,409.0,330.0,239.0
55432,2015-02-05T00:00:00Z,2015,2,4,False,False,15607,147.0,82.0,71.0,58.0,88.0,363,823,920,881.0,832.0,867.0,843.0,860,828,955,914,926,1077.0,986,847,786.0,666.0,496.0,291.0
55432,2015-02-06T00:00:00Z,2015,2,5,False,False,15860,139.0,78.0,69.0,65.0,101.0,385,777,948,980.0,816.0,896.0,932.0,850,906,886,967,1004,956.0,944,859,705.0,614.0,534.0,449.0
55432,2015-02-07T00:00:00Z,2015,2,6,False,False,16365,335.0,217.0,132.0,125.0,116.0,271,512,721,914.0,993.0,948.0,956.0,968,922,953,1172,1046,1059.0,805,809,643.0,672.0,664.0,412.0
55432,2015-02-21T00:00:00Z,2015,2,6,False,False,16726,360.0,191.0,166.0,101.0,131.0,202,527,821,995.0,1046.0,1149.0,977.0,949,950,1094,1153,1182,929.0,799,732,653.0,558.0,556.0,505.0
55432,2015-03-01T00:00:00Z,2015,3,7,False,False,15582,415.0,266.0,191.0,148.0,125.0,200,306,477,779.0,1003.0,1147.0,1296.0,1050,1211,1117,1017,864,889.0,808,631,548.0,485.0,355.0,254.0
55432,2015-03-10T00:00:00Z,2015,3,2,False,False,15628,106.0,53.0,40.0,48.0,84.0,365,836,940,930.0,862.0,828.0,867.0,868,809,846,870,914,1108.0,1001,816,778.0,675.0,611.0,373.0
55432,2015-03-11T00:00:00Z,2015,3,3,False,False,16008,197.0,100.0,56.0,51.0,79.0,358,914,1009,936.0,875.0,882.0,936.0,908,847,821,993,994,960.0,899,945,729.0,688.0,498.0,333.0
55432,2015-04-07T00:00:00Z,2015,4,2,False,True,14630,104.0,33.0,48.0,55.0,72.0,318,728,779,845.0,859.0,937.0,927.0,941,776,801,851,894,1070.0,918,792,657.0,582.0,452.0,191.0
55432,2015-04-10T00:00:00Z,2015,4,5,False,True,15435,140.0,74.0,53.0,55.0,81.0,310,765,844,820.0,852.0,929.0,966.0,916,928,894,965,884,954.0,887,746,681.0,609.0,597.0,485.0
55432,2015-04-25T00:00:00Z,2015,4,6,True,False,15268,320.0,207.0,162.0,152.0,244.0,312,371,471,611.0,771.0,911.0,1120.0,1340,1218,1253,1065,651,711.0,729,640,558.0,507.0,504.0,440.0
55432,2015-04-30T00:00:00Z,2015,4,4,False,False,15368,125.0,69.0,53.0,48.0,74.0,310,725,920,891.0,832.0,835.0,848.0,770,858,914,911,955,993.0,991,864,754.0,719.0,586.0,323.0
55432,2015-10-11T00:00:00Z,2015,10,7,False,False,14207,381.0,241.0,187.0,150.0,139.0,171,278,407,655.0,856.0,884.0,1071.0,1052,1115,987,915,884,827.0,765,620,556.0,520.0,352.0,194.0
55432,2015-10-25T00:00:00Z,2015,10,7,False,False,14645,413.0,228.0,169.0,163.0,141.0,154,297,462,639.0,920.0,1002.0,1128.0,1143,1056,1002,978,875,889.0,795,583,539.0,488.0,344.0,237.0
55432,2015-11-02T00:00:00Z,2015,11,1,False,False,13464,98.0,60.0,44.0,53.0,98.0,303,721,870,836.0,781.0,852.0,777.0,810,800,744,701,857,981.0,815,638,613.0,488.0,347.0,177.0
55432,2015-11-05T00:00:00Z,2015,11,4,False,False,13593,181.0,68.0,48.0,51.0,93.0,258,707,739,803.0,732.0,788.0,677.0,743,781,744,782,840,946.0,883,754,639.0,587.0,448.0,301.0
55432,2015-11-09T00:00:00Z,2015,11,1,False,False,13419,131.0,63.0,45.0,58.0,81.0,333,735,872,757.0,775.0,757.0,747.0,808,789,775,802,791,932.0,828,724,596.0,485.0,338.0,197.0
55432,2015-11-14T00:00:00Z,2015,11,6,False,False,14948,291.0,156.0,130.0,125.0,101.0,174,496,734,864.0,915.0,928.0,939.0,891,811,965,925,910,974.0,913,696,611.0,488.0,433.0,478.0
55432,2015-11-29T00:00:00Z,2015,11,7,False,False,14010,599.0,387.0,226.0,172.0,144.0,130,247,354,542.0,786.0,823.0,839.0,987,951,933,940,972,795.0,790,666,626.0,518.0,375.0,208.0
55432,2015-11-30T00:00:00Z,2015,11,1,False,False,13299,104.0,71.0,43.0,59.0,81.0,312,758,813,806.0,725.0,814.0,787.0,768,762,754,801,799,900.0,825,698,542.0,494.0,367.0,216.0
55432,2015-12-01T00:00:00Z,2015,12,2,False,False,14162,110.0,57.0,53.0,52.0,84.0,334,760,758,812.0,867.0,762.0,836.0,845,753,768,849,864,906.0,976,697,656.0,610.0,503.0,250.0
55432,2015-12-03T00:00:00Z,2015,12,4,False,False,14181,160.0,82.0,73.0,65.0,105.0,330,703,869,794.0,707.0,761.0,793.0,778,752,804,773,910,928.0,849,789,601.0,632.0,574.0,349.0
55432,2015-12-04T00:00:00Z,2015,12,5,False,False,15017,203.0,114.0,81.0,81.0,103.0,342,765,794,804.0,734.0,770.0,834.0,829,834,844,864,953,898.0,916,865,683.0,590.0,596.0,520.0
55432,2015-12-06T00:00:00Z,2015,12,7,False,False,14205,404.0,272.0,201.0,153.0,137.0,165,274,434,672.0,777.0,899.0,1007.0,1130,1065,1017,909,855,830.0,705,606,543.0,503.0,397.0,250.0
55432,2015-12-08T00:00:00Z,2015,12,2,False,False,13580,112.0,51.0,64.0,63.0,65.0,304,722,840,773.0,764.0,745.0,759.0,785,735,758,718,811,884.0,918,761,645.0,589.0,457.0,257.0
55432,2015-12-17T00:00:00Z,2015,12,4,False,True,14771,191.0,83.0,91.0,85.0,89.0,341,741,799,782.0,789.0,754.0,840.0,816,826,835,758,877,920.0,956,911,695.0,636.0,529.0,427.0
55432,2015-09-10T00:00:00Z,2015,9,4,False,False,15789,144.0,66.0,59.0,56.0,82.0,390,889,917,931.0,868.0,857.0,863.0,844,887,870,922,1038,1020.0,890,904,711.0,745.0,548.0,288.0
55432,2015-09-14T00:00:00Z,2015,9,1,False,False,14174,79.0,48.0,58.0,61.0,84.0,356,824,965,857.0,846.0,846.0,835.0,796,848,845,819,883,1005.0,915,659,563.0,472.0,326.0,184.0
55432,2015-09-15T00:00:00Z,2015,9,2,False,False,15489,98.0,57.0,57.0,57.0,102.0,393,933,954,944.0,943.0,921.0,922.0,880,898,813,938,952,1097.0,920,788,691.0,570.0,369.0,192.0
55432,2015-09-16T00:00:00Z,2015,9,3,False,False,15292,88.0,48.0,54.0,36.0,87.0,367,887,1005,939.0,846.0,890.0,902.0,863,829,839,833,951,1020.0,926,815,696.0,635.0,453.0,283.0
55432,2015-09-21T00:00:00Z,2015,9,1,False,True,14252,92.0,57.0,42.0,65.0,90.0,354,825,860,830.0,827.0,840.0,875.0,892,897,811,809,876,1048.0,847,741,589.0,494.0,319.0,172.0
55432,2015-09-28T00:00:00Z,2015,9,1,False,True,14443,204.0,112.0,46.0,53.0,85.0,385,856,822,859.0,821.0,854.0,824.0,928,781,803,850,925,1136.0,854,718,566.0,449.0,339.0,173.0
55432,2015-10-01T00:00:00Z,2015,10,4,False,True,15442,18.0,21.0,3.0,56.0,108.0,359,914,865,928.0,848.0,923.0,898.0,920,925,902,874,908,982.0,925,855,708.0,640.0,577.0,285.0
55432,2015-11-08T00:00:00Z,2015,11,7,False,False,14017,452.0,256.0,218.0,159.0,138.0,174,259,399,620.0,850.0,890.0,963.0,961,978,933,957,875,918.0,841,591,542.0,503.0,344.0,196.0
55432,2015-03-06T00:00:00Z,2015,3,5,False,False,16801,165.0,82.0,53.0,74.0,89.0,390,869,948,936.0,939.0,904.0,860.0,937,977,988,1022,1088,1051.0,1006,907,771.0,717.0,586.0,442.0
55432,2015-03-09T00:00:00Z,2015,3,1,False,False,15518,135.0,68.0,44.0,57.0,91.0,316,807,954,928.0,885.0,915.0,919.0,845,885,941,928,1059,1086.0,939,758,734.0,616.0,347.0,261.0
55432,2015-04-08T00:00:00Z,2015,4,3,False,True,15279,115.0,48.0,38.0,38.0,74.0,340,837,822,870.0,921.0,922.0,987.0,846,789,813,826,883,1027.0,917,801,647.0,621.0,612.0,485.0
55432,2015-04-12T00:00:00Z,2015,4,7,False,True,14864,404.0,213.0,200.0,142.0,131.0,137,234,393,623.0,878.0,1067.0,1133.0,1194,1147,1048,974,925,885.0,788,685,592.0,524.0,365.0,182.0
55432,2015-09-09T00:00:00Z,2015,9,3,False,False,15581,87.0,55.0,53.0,57.0,70.0,377,893,994,1003.0,916.0,896.0,924.0,878,893,800,927,917,996.0,982,835,716.0,643.0,469.0,200.0
55432,2015-09-22T00:00:00Z,2015,9,2,False,True,14591,120.0,51.0,46.0,44.0,81.0,372,854,886,856.0,845.0,851.0,831.0,824,834,813,883,972,1004.0,839,745,594.0,569.0,450.0,227.0
55432,2015-09-23T00:00:00Z,2015,9,3,False,True,14582,92.0,50.0,53.0,48.0,86.0,349,842,843,902.0,894.0,789.0,845.0,822,763,791,830,911,989.0,861,775,693.0,625.0,462.0,267.0
55432,2015-09-24T00:00:00Z,2015,9,4,False,True,15097,155.0,82.0,81.0,44.0,84.0,350,822,822,877.0,846.0,827.0,886.0,842,859,785,948,1000,968.0,877,838,676.0,657.0,505.0,266.0
55432,2015-09-25T00:00:00Z,2015,9,5,False,True,15454,162.0,71.0,63.0,56.0,89.0,287,767,820,861.0,985.0,993.0,925.0,945,912,916,934,937,921.0,868,838,646.0,513.0,492.0,453.0
55432,2015-09-26T00:00:00Z,2015,9,6,False,True,15956,283.0,173.0,147.0,112.0,112.0,214,503,694,853.0,1032.0,1032.0,1029.0,1078,1082,1009,1006,947,805.0,803,795,694.0,489.0,557.0,507.0
55432,2015-09-27T00:00:00Z,2015,9,7,False,True,15078,367.0,231.0,161.0,182.0,170.0,191,303,351,606.0,964.0,969.0,1005.0,1101,1000,1035,936,985,858.0,829,656,536.0,528.0,742.0,372.0
55432,2015-10-02T00:00:00Z,2015,10,5,False,True,15675,151.0,80.0,52.0,63.0,98.0,389,882,872,901.0,896.0,851.0,891.0,1001,948,991,944,923,970.0,885,729,702.0,549.0,509.0,398.0
55432,2015-10-07T00:00:00Z,2015,10,3,False,False,15666,104.0,56.0,51.0,53.0,102.0,354,855,990,923.0,948.0,834.0,914.0,1002,906,831,871,1033,1113.0,935,832,682.0,627.0,403.0,247.0
55432,2015-10-08T00:00:00Z,2015,10,4,False,False,15591,110.0,52.0,70.0,51.0,101.0,360,853,981,964.0,856.0,832.0,851.0,874,845,864,917,1007,930.0,1002,889,748.0,674.0,482.0,278.0
55432,2015-10-15T00:00:00Z,2015,10,4,False,False,14177,7.0,2.0,5.0,5.0,59.0,337,811,904,889.0,808.0,812.0,850.0,818,791,810,829,859,807.0,879,744,737.0,611.0,488.0,315.0
55432,2015-10-16T00:00:00Z,2015,10,5,False,False,14218,151.0,92.0,69.0,49.0,73.0,319,792,894,853.0,517.0,767.0,837.0,845,757,928,841,848,697.0,797,745,703.0,618.0,589.0,437.0
55432,2015-10-18T00:00:00Z,2015,10,7,False,False,13769,369.0,248.0,174.0,164.0,140.0,174,266,397,521.0,740.0,829.0,881.0,1018,924,975,868,897,832.0,841,729,621.0,526.0,370.0,265.0
55432,2015-10-19T00:00:00Z,2015,10,1,False,False,13423,111.0,87.0,50.0,61.0,95.0,326,724,842,811.0,779.0,682.0,753.0,735,764,781,837,897,945.0,840,721,551.0,499.0,340.0,192.0
55432,2015-10-22T00:00:00Z,2015,10,4,False,False,14421,144.0,68.0,68.0,58.0,90.0,292,740,864,862.0,823.0,775.0,808.0,747,805,790,832,935,838.0,837,845,691.0,632.0,488.0,389.0
55432,2015-10-30T00:00:00Z,2015,10,5,False,False,14847,190.0,86.0,80.0,86.0,96.0,346,798,903,803.0,782.0,860.0,915.0,851,786,824,849,907,827.0,838,700,696.0,582.0,539.0,503.0
55432,2015-11-03T00:00:00Z,2015,11,2,False,False,14004,76.0,49.0,48.0,52.0,85.0,340,730,812,761.0,822.0,919.0,944.0,912,793,740,775,795,933.0,832,674,608.0,540.0,502.0,262.0
55432,2015-11-06T00:00:00Z,2015,11,5,False,False,14864,124.0,82.0,60.0,59.0,84.0,307,747,843,803.0,874.0,829.0,849.0,844,882,788,861,877,957.0,948,889,585.0,551.0,567.0,454.0
55432,2015-01-21T00:00:00Z,2015,1,3,False,True,15319,147.0,65.0,44.0,54.0,91.0,303,763,844,856.0,927.0,839.0,942.0,915,893,861,879,933,1119.0,964,834,679.0,627.0,481.0,259.0
55432,2015-01-29T00:00:00Z,2015,1,4,False,False,15402,137.0,60.0,45.0,51.0,83.0,342,820,863,909.0,821.0,868.0,804.0,909,802,885,913,914,1042.0,1001,824,771.0,696.0,513.0,329.0
55432,2015-01-31T00:00:00Z,2015,1,6,False,False,18756,341.0,191.0,114.0,116.0,105.0,230,564,751,1033.0,974.0,1104.0,1099.0,1228,1132,1132,1326,1322,1250.0,1271,1055,812.0,488.0,516.0,602.0
55432,2015-02-02T00:00:00Z,2015,2,1,False,False,14249,148.0,91.0,52.0,70.0,92.0,360,786,891,870.0,801.0,768.0,805.0,753,758,835,820,914,1014.0,1039,746,609.0,480.0,331.0,216.0
55432,2015-02-11T00:00:00Z,2015,2,3,False,False,16316,136.0,70.0,55.0,52.0,94.0,365,828,994,934.0,874.0,873.0,842.0,934,872,1037,925,1025,1089.0,1150,977,736.0,650.0,533.0,271.0
55432,2015-02-15T00:00:00Z,2015,2,7,False,False,14969,325.0,243.0,204.0,131.0,141.0,144,291,422,592.0,748.0,931.0,1028.0,1194,1229,1196,1285,956,783.0,719,698,615.0,517.0,346.0,231.0
55432,2015-02-23T00:00:00Z,2015,2,1,False,False,14711,118.0,81.0,54.0,68.0,96.0,371,823,941,911.0,681.0,736.0,836.0,830,879,858,919,904,1069.0,937,778,646.0,557.0,390.0,228.0
55432,2015-03-02T00:00:00Z,2015,3,1,False,False,15131,94.0,68.0,58.0,54.0,94.0,330,798,970,931.0,853.0,880.0,863.0,840,864,877,931,953,1069.0,1016,750,735.0,534.0,348.0,221.0
55432,2015-03-05T00:00:00Z,2015,3,4,False,False,16590,181.0,74.0,60.0,68.0,96.0,371,972,966,999.0,888.0,860.0,847.0,864,925,961,927,961,1098.0,1028,946,828.0,763.0,570.0,337.0
55432,2015-11-11T00:00:00Z,2015,11,3,False,False,13672,108.0,47.0,48.0,71.0,96.0,329,755,829,761.0,740.0,733.0,741.0,797,821,764,817,896,841.0,667,710,641.0,672.0,492.0,296.0
55432,2015-11-25T00:00:00Z,2015,11,3,False,False,14457,149.0,48.0,44.0,48.0,92.0,346,790,867,800.0,795.0,806.0,782.0,828,757,802,820,810,862.0,950,838,719.0,676.0,515.0,313.0
55432,2015-11-28T00:00:00Z,2015,11,6,False,False,15315,343.0,218.0,157.0,153.0,111.0,207,479,715,880.0,802.0,802.0,920.0,1003,884,932,976,923,911.0,813,755,629.0,561.0,583.0,558.0
55432,2015-12-09T00:00:00Z,2015,12,3,False,False,14538,125.0,64.0,62.0,66.0,87.0,322,708,781,869.0,839.0,768.0,809.0,870,892,915,955,1000,746.0,646,630,817.0,686.0,583.0,298.0
55432,2015-12-13T00:00:00Z,2015,12,7,False,False,14039,531.0,307.0,234.0,181.0,177.0,156,255,360,548.0,802.0,923.0,959.0,1027,1033,887,878,809,836.0,789,650,546.0,518.0,398.0,235.0
55432,2015-12-14T00:00:00Z,2015,12,1,False,False,13619,137.0,71.0,60.0,59.0,112.0,343,732,811,781.0,751.0,744.0,830.0,794,814,755,842,847,1013.0,839,618,597.0,490.0,363.0,216.0
55432,2015-12-16T00:00:00Z,2015,12,3,False,False,13620,129.0,65.0,51.0,47.0,97.0,313,726,859,775.0,781.0,792.0,756.0,756,729,702,693,735,910.0,861,692,608.0,590.0,576.0,377.0
55432,2015-12-19T00:00:00Z,2015,12,6,False,True,15143,344.0,220.0,160.0,143.0,144.0,212,477,705,823.0,892.0,1000.0,1002.0,1003,934,956,898,907,739.0,747,699,621.0,475.0,536.0,506.0
55432,2015-12-20T00:00:00Z,2015,12,7,False,True,14366,357.0,237.0,182.0,157.0,115.0,166,298,409,629.0,839.0,895.0,1025.0,1072,1124,1029,1101,891,714.0,748,624,552.0,535.0,413.0,254.0
55432,2015-12-21T00:00:00Z,2015,12,1,False,True,12513,124.0,98.0,53.0,57.0,90.0,285,663,705,722.0,768.0,762.0,755.0,786,815,692,732,727,836.0,750,572,526.0,414.0,360.0,221.0
55432,2015-12-23T00:00:00Z,2015,12,3,False,True,12747,146.0,81.0,65.0,54.0,93.0,259,574,718,702.0,706.0,761.0,722.0,788,858,731,769,707,804.0,713,690,542.0,505.0,419.0,340.0
55432,2016-01-06T00:00:00Z,2016,1,3,False,True,11162,137.0,58.0,36.0,46.0,74.0,220,480,569,674.0,637.0,615.0,659.0,682,641,682,688,693,784.0,709,550,479.0,447.0,353.0,249.0
55432,2016-06-08T00:00:00Z,2016,6,3,False,False,13393,94.0,56.0,47.0,45.0,91.0,382,751,870,742.0,767.0,758.0,778.0,789,691,743,807,822,720.0,792,733,591.0,683.0,413.0,228.0
55432,2016-06-10T00:00:00Z,2016,6,5,False,False,13219,169.0,78.0,65.0,64.0,95.0,364,789,845,794.0,697.0,729.0,720.0,755,725,736,830,806,763.0,707,617,540.0,483.0,470.0,378.0
55432,2016-06-15T00:00:00Z,2016,6,3,False,False,13036,73.0,41.0,36.0,49.0,84.0,379,750,857,787.0,713.0,688.0,732.0,798,723,692,758,775,836.0,792,724,595.0,560.0,392.0,202.0
55432,2016-06-27T00:00:00Z,2016,6,1,False,False,12271,91.0,96.0,68.0,68.0,106.0,376,700,838,804.0,673.0,682.0,632.0,692,654,642,757,768,843.0,721,640,546.0,418.0,299.0,157.0
55432,2016-06-28T00:00:00Z,2016,6,2,False,False,12696,89.0,56.0,41.0,62.0,99.0,354,702,794,785.0,747.0,704.0,681.0,709,645,661,785,715,884.0,807,702,614.0,503.0,351.0,206.0
55432,2016-07-01T00:00:00Z,2016,7,5,False,False,13171,160.0,70.0,68.0,54.0,87.0,361,730,783,833.0,705.0,718.0,717.0,753,715,743,766,704,785.0,771,678,584.0,510.0,478.0,398.0
55432,2016-07-05T00:00:00Z,2016,7,2,False,True,12280,91.0,62.0,57.0,42.0,75.0,321,654,659,679.0,734.0,691.0,686.0,714,688,696,691,725,862.0,812,643,615.0,529.0,378.0,176.0
55432,2016-07-12T00:00:00Z,2016,7,2,False,True,13038,578.0,577.0,529.0,541.0,407.0,258,215,172,123.0,120.0,188.0,281.0,408,624,763,783,840,870.0,875,843,879.0,785.0,741.0,638.0
55432,2016-07-19T00:00:00Z,2016,7,2,False,False,13824,645.0,544.0,501.0,566.0,472.0,319,265,183,160.0,106.0,207.0,330.0,464,618,808,837,960,939.0,906,948,886.0,775.0,710.0,675.0
55432,2016-07-20T00:00:00Z,2016,7,3,False,False,12695,554.0,496.0,425.0,275.0,110.0,69,41,46,63.0,160.0,496.0,807.0,867,796,694,783,737,746.0,739,788,776.0,804.0,634.0,789.0
55432,2016-07-25T00:00:00Z,2016,7,1,False,False,12888,727.0,576.0,506.0,469.0,342.0,214,179,118,111.0,121.0,288.0,539.0,700,910,1003,1023,868,434.0,442,652,862.0,505.0,626.0,673.0
55432,2016-08-01T00:00:00Z,2016,8,1,False,False,13358,736.0,575.0,509.0,503.0,320.0,205,154,117,120.0,120.0,357.0,577.0,876,923,717,768,593,634.0,721,712,785.0,818.0,708.0,810.0
55432,2016-08-16T00:00:00Z,2016,8,2,False,False,14031,456.0,564.0,493.0,548.0,418.0,241,172,151,118.0,100.0,203.0,302.0,507,713,927,963,1069,1070.0,988,966,979.0,735.0,735.0,613.0
55432,2016-08-24T00:00:00Z,2016,8,3,False,False,12674,573.0,526.0,397.0,261.0,181.0,73,50,45,82.0,168.0,494.0,778.0,832,765,708,719,748,625.0,788,706,801.0,819.0,831.0,704.0
55432,2016-12-01T00:00:00Z,2016,12,4,False,False,14386,312.0,161.0,134.0,100.0,121.0,428,760,863,770.0,748.0,717.0,742.0,767,763,838,746,812,842.0,875,754,653.0,594.0,563.0,323.0
55432,2016-12-16T00:00:00Z,2016,12,5,False,False,13941,213.0,109.0,78.0,56.0,98.0,361,702,743,792.0,752.0,727.0,696.0,775,712,786,757,761,875.0,905,764,628.0,561.0,535.0,555.0
55432,2016-12-21T00:00:00Z,2016,12,3,False,True,13502,225.0,96.0,73.0,84.0,92.0,357,707,705,761.0,787.0,805.0,809.0,773,785,783,757,802,844.0,794,731,485.0,523.0,418.0,306.0
55432,2016-12-27T00:00:00Z,2016,12,2,False,True,11541,135.0,93.0,73.0,58.0,71.0,156,264,351,440.0,566.0,717.0,821.0,871,795,795,690,756,870.0,845,535,476.0,478.0,452.0,233.0
55432,2016-06-01T00:00:00Z,2016,6,3,False,False,13268,104.0,66.0,45.0,46.0,83.0,317,718,867,813.0,771.0,703.0,741.0,721,713,700,753,774,820.0,739,766,531.0,519.0,489.0,469.0
55432,2016-06-06T00:00:00Z,2016,6,1,False,False,11946,71.0,51.0,47.0,36.0,97.0,325,700,842,630.0,684.0,643.0,686.0,674,659,658,722,747,831.0,790,626,486.0,486.0,306.0,149.0
55432,2016-01-01T00:00:00Z,2016,1,5,True,True,11314,316.0,455.0,449.0,281.0,203.0,206,206,214,297.0,440.0,565.0,717.0,862,893,856,738,679,577.0,511,498,453.0,401.0,269.0,228.0
55432,2016-01-02T00:00:00Z,2016,1,6,False,True,11863,145.0,84.0,75.0,56.0,63.0,137,281,351,566.0,698.0,766.0,866.0,941,792,828,743,648,695.0,743,579,532.0,487.0,443.0,344.0
55432,2016-01-03T00:00:00Z,2016,1,7,False,True,12834,232.0,136.0,107.0,95.0,110.0,184,340,448,584.0,908.0,831.0,824.0,844,870,801,774,709,757.0,770,726,508.0,489.0,432.0,355.0
55432,2016-05-31T00:00:00Z,2016,5,2,False,False,12735,70.0,40.0,47.0,39.0,80.0,365,744,793,758.0,751.0,733.0,682.0,712,720,695,777,804,834.0,784,663,632.0,475.0,357.0,180.0
55432,2016-06-02T00:00:00Z,2016,6,4,False,False,13380,200.0,83.0,59.0,64.0,95.0,354,719,866,867.0,755.0,794.0,701.0,776,726,680,803,789,635.0,755,740,667.0,539.0,451.0,262.0
55432,2016-06-13T00:00:00Z,2016,6,1,True,False,10625,205.0,123.0,97.0,99.0,91.0,159,237,285,362.0,581.0,719.0,850.0,811,802,801,740,713,656.0,569,467,452.0,364.0,283.0,159.0
55432,2016-06-14T00:00:00Z,2016,6,2,False,False,12562,92.0,47.0,43.0,51.0,75.0,363,686,813,754.0,747.0,715.0,706.0,745,724,679,711,771,809.0,794,665,557.0,490.0,374.0,151.0
55432,2016-06-25T00:00:00Z,2016,6,6,False,False,15056,294.0,194.0,137.0,104.0,91.0,196,460,653,756.0,791.0,896.0,972.0,945,959,951,909,957,895.0,833,736,625.0,540.0,582.0,580.0
55432,2016-06-29T00:00:00Z,2016,6,3,False,False,13251,95.0,38.0,42.0,57.0,123.0,349,720,863,785.0,763.0,731.0,696.0,717,719,688,771,737,907.0,830,749,713.0,560.0,383.0,215.0
55432,2016-07-02T00:00:00Z,2016,7,6,False,True,14073,288.0,155.0,162.0,127.0,98.0,179,454,617,669.0,736.0,799.0,823.0,845,889,1014,1031,951,716.0,797,583,581.0,525.0,519.0,515.0
55432,2016-07-06T00:00:00Z,2016,7,3,False,True,12429,86.0,45.0,42.0,36.0,91.0,321,686,747,765.0,702.0,671.0,712.0,730,693,644,725,728,821.0,787,643,596.0,547.0,368.0,243.0
55432,2016-07-07T00:00:00Z,2016,7,4,False,True,12730,104.0,55.0,42.0,48.0,91.0,304,647,698,738.0,757.0,719.0,672.0,731,620,686,795,818,811.0,841,705,610.0,565.0,426.0,247.0
55432,2016-11-22T00:00:00Z,2016,11,2,False,False,13575,,63.0,42.0,71.0,100.0,424,816,766,831.0,727.0,803.0,770.0,849,749,781,804,784,893.0,851,658,611.0,560.0,416.0,206.0
55432,2016-03-02T00:00:00Z,2016,3,3,False,False,14915,124.0,58.0,38.0,51.0,86.0,343,831,898,823.0,806.0,814.0,868.0,864,778,910,789,863,947.0,949,967,715.0,652.0,465.0,276.0
55432,2016-03-04T00:00:00Z,2016,3,5,False,False,14685,143.0,91.0,58.0,63.0,89.0,348,784,895,879.0,885.0,827.0,827.0,816,831,708,788,854,875.0,788,715,736.0,631.0,596.0,458.0
55432,2016-03-05T00:00:00Z,2016,3,6,False,False,17465,356.0,186.0,129.0,126.0,110.0,200,533,782,935.0,992.0,1023.0,1005.0,967,1033,1056,897,906,1145.0,962,714,801.0,781.0,882.0,944.0
55432,2016-03-06T00:00:00Z,2016,3,7,False,False,16317,981.0,805.0,342.0,342.0,362.0,402,456,609,723.0,869.0,892.0,1033.0,1119,1072,1068,869,768,827.0,551,631,548.0,465.0,368.0,215.0
55432,2016-03-14T00:00:00Z,2016,3,1,False,False,13069,127.0,62.0,44.0,59.0,86.0,313,769,926,781.0,731.0,805.0,766.0,748,719,795,751,723,856.0,732,678,565.0,513.0,338.0,182.0
55432,2016-03-15T00:00:00Z,2016,3,2,False,False,13643,77.0,51.0,32.0,47.0,71.0,406,678,849,823.0,785.0,763.0,681.0,684,767,717,780,844,844.0,927,840,701.0,533.0,454.0,289.0
55432,2016-03-20T00:00:00Z,2016,3,7,False,False,13386,368.0,324.0,199.0,179.0,128.0,148,244,391,648.0,843.0,982.0,965.0,1044,830,934,791,816,765.0,634,624,492.0,444.0,378.0,215.0
55432,2016-03-21T00:00:00Z,2016,3,1,False,False,12937,89.0,62.0,84.0,96.0,87.0,331,673,907,735.0,715.0,711.0,724.0,725,755,704,738,829,863.0,852,655,571.0,497.0,332.0,202.0
55432,2016-04-07T00:00:00Z,2016,4,4,False,False,14520,145.0,91.0,41.0,60.0,81.0,395,840,934,791.0,775.0,798.0,780.0,795,799,791,805,844,962.0,890,798,681.0,615.0,493.0,316.0
55432,2016-04-08T00:00:00Z,2016,4,5,False,False,14084,148.0,75.0,66.0,63.0,97.0,352,789,877,733.0,735.0,711.0,812.0,816,783,821,788,890,804.0,791,724,626.0,531.0,613.0,439.0
55432,2016-04-14T00:00:00Z,2016,4,4,False,True,13983,136.0,68.0,45.0,50.0,87.0,381,754,783,757.0,828.0,715.0,826.0,746,744,787,887,826,852.0,817,799,682.0,658.0,472.0,283.0
55432,2016-04-21T00:00:00Z,2016,4,4,False,True,14585,121.0,76.0,49.0,50.0,101.0,397,759,783,775.0,824.0,870.0,811.0,895,884,783,835,837,810.0,787,829,724.0,685.0,530.0,370.0
55432,2016-04-25T00:00:00Z,2016,4,1,True,True,12738,246.0,155.0,115.0,118.0,151.0,258,312,341,445.0,599.0,811.0,1024.0,1128,1198,1125,932,667,626.0,525,581,446.0,442.0,313.0,180.0
55432,2016-04-30T00:00:00Z,2016,4,6,False,False,15287,295.0,207.0,102.0,108.0,95.0,220,496,719,834.0,908.0,923.0,900.0,884,869,979,967,1000,936.0,864,727,645.0,553.0,541.0,515.0
55432,2016-05-05T00:00:00Z,2016,5,4,False,False,14888,283.0,69.0,57.0,60.0,90.0,362,802,839,781.0,789.0,703.0,765.0,828,800,780,831,871,791.0,860,921,918.0,687.0,563.0,438.0
55432,2016-05-06T00:00:00Z,2016,5,5,False,False,14286,158.0,82.0,57.0,65.0,84.0,351,782,869,847.0,805.0,780.0,847.0,844,815,837,743,724,795.0,857,771,579.0,542.0,511.0,541.0
55432,2016-05-07T00:00:00Z,2016,5,6,False,False,15037,302.0,184.0,161.0,116.0,96.0,203,480,750,855.0,954.0,949.0,843.0,895,998,1040,893,791,836.0,850,572,571.0,607.0,529.0,562.0
55432,2016-05-08T00:00:00Z,2016,5,7,False,False,13105,392.0,241.0,188.0,125.0,110.0,153,264,316,513.0,701.0,761.0,884.0,902,886,869,851,845,827.0,801,712,549.0,517.0,383.0,315.0
55432,2016-03-09T00:00:00Z,2016,3,3,False,False,14785,143.0,46.0,42.0,39.0,83.0,324,832,885,715.0,901.0,924.0,853.0,875,782,805,825,855,877.0,1024,844,690.0,603.0,532.0,286.0
55432,2016-03-10T00:00:00Z,2016,3,4,False,False,15221,161.0,87.0,51.0,43.0,82.0,342,818,927,862.0,799.0,870.0,832.0,846,853,829,898,870,967.0,928,874,749.0,701.0,513.0,319.0
55432,2016-03-12T00:00:00Z,2016,3,6,False,False,15632,294.0,188.0,159.0,130.0,122.0,186,448,776,886.0,996.0,806.0,694.0,972,933,936,1020,1082,989.0,902,748,677.0,579.0,612.0,497.0
55432,2016-03-13T00:00:00Z,2016,3,7,False,False,14439,358.0,217.0,176.0,127.0,116.0,161,279,439,653.0,932.0,977.0,1039.0,1169,1110,1037,978,840,780.0,753,619,563.0,514.0,344.0,258.0
55432,2016-03-22T00:00:00Z,2016,3,2,False,False,13865,91.0,44.0,45.0,37.0,77.0,327,785,867,865.0,764.0,765.0,786.0,736,759,786,840,849,689.0,832,852,743.0,606.0,487.0,233.0
55432,2016-03-24T00:00:00Z,2016,3,4,False,False,14668,162.0,70.0,58.0,69.0,99.0,406,781,871,832.0,762.0,839.0,790.0,889,879,874,795,793,753.0,819,780,653.0,705.0,544.0,445.0
55432,2016-03-25T00:00:00Z,2016,3,5,True,False,11826,290.0,223.0,232.0,183.0,119.0,176,363,312,406.0,630.0,832.0,841.0,807,779,723,701,669,641.0,645,574,493.0,458.0,420.0,309.0
55432,2016-04-06T00:00:00Z,2016,4,3,False,False,14078,120.0,67.0,43.0,49.0,83.0,392,800,909,808.0,811.0,835.0,797.0,823,782,785,812,822,860.0,750,759,647.0,632.0,444.0,248.0
55432,2016-04-13T00:00:00Z,2016,4,3,False,True,13605,115.0,60.0,45.0,56.0,98.0,342,786,819,714.0,825.0,793.0,794.0,830,721,699,738,821,884.0,838,713,641.0,603.0,445.0,225.0
55432,2016-04-16T00:00:00Z,2016,4,6,False,True,15546,272.0,198.0,135.0,105.0,96.0,240,540,679,770.0,956.0,925.0,1020.0,1054,991,920,874,881,858.0,936,791,688.0,576.0,550.0,491.0
55432,2016-04-18T00:00:00Z,2016,4,1,False,True,13001,113.0,51.0,47.0,51.0,86.0,329,758,747,794.0,791.0,724.0,778.0,712,713,689,728,855,887.0,820,705,589.0,492.0,346.0,196.0
55432,2016-04-19T00:00:00Z,2016,4,2,False,True,13413,106.0,54.0,46.0,41.0,75.0,341,762,775,769.0,797.0,681.0,737.0,738,722,753,820,885,934.0,810,710,637.0,592.0,409.0,219.0
55432,2016-05-01T00:00:00Z,2016,5,7,False,False,13072,403.0,266.0,192.0,163.0,153.0,146,282,323,581.0,774.0,785.0,842.0,843,951,1013,829,840,787.0,836,587,522.0,438.0,331.0,185.0
55432,2016-05-03T00:00:00Z,2016,5,2,False,False,13027,82.0,44.0,41.0,44.0,86.0,384,781,855,682.0,805.0,801.0,781.0,775,706,739,791,769,752.0,575,709,688.0,561.0,395.0,181.0
55432,2016-05-14T00:00:00Z,2016,5,6,False,False,16215,353.0,186.0,156.0,125.0,97.0,215,456,740,862.0,998.0,1017.0,1003.0,994,1029,1066,950,886,931.0,943,933,681.0,583.0,523.0,488.0
55432,2016-05-17T00:00:00Z,2016,5,2,False,False,13187,82.0,44.0,39.0,39.0,60.0,376,797,694,699.0,766.0,775.0,759.0,756,744,758,804,826,834.0,761,761,730.0,517.0,363.0,203.0
55432,2016-05-20T00:00:00Z,2016,5,5,False,False,13841,146.0,90.0,69.0,56.0,88.0,350,787,835,810.0,725.0,772.0,770.0,789,805,801,716,761,843.0,758,715,574.0,570.0,531.0,480.0
55432,2016-05-27T00:00:00Z,2016,5,5,False,False,14935,131.0,71.0,60.0,56.0,96.0,378,790,845,811.0,799.0,819.0,800.0,819,725,859,824,927,897.0,1047,875,643.0,574.0,596.0,493.0
55432,2016-01-04T00:00:00Z,2016,1,1,False,True,11427,115.0,70.0,70.0,69.0,85.0,250,517,642,680.0,700.0,754.0,707.0,727,709,668,672,725,807.0,651,537,431.0,377.0,290.0,174.0
55432,2016-01-07T00:00:00Z,2016,1,4,False,True,12745,136.0,58.0,58.0,55.0,76.0,213,465,635,704.0,664.0,695.0,725.0,835,829,775,735,859,887.0,775,679,525.0,523.0,528.0,311.0
55432,2016-01-20T00:00:00Z,2016,1,3,False,True,13441,141.0,54.0,38.0,47.0,64.0,299,767,793,791.0,867.0,784.0,861.0,575,449,756,848,817,956.0,906,767,615.0,558.0,461.0,227.0
55432,2016-01-22T00:00:00Z,2016,1,5,False,True,13262,133.0,65.0,51.0,38.0,73.0,282,676,766,753.0,803.0,854.0,802.0,750,737,775,753,729,793.0,767,701,607.0,516.0,439.0,399.0
55432,2016-01-26T00:00:00Z,2016,1,2,True,True,11648,206.0,172.0,101.0,102.0,74.0,147,275,338,399.0,539.0,670.0,834.0,988,967,867,760,654,618.0,640,587,515.0,502.0,427.0,266.0
55432,2016-01-28T00:00:00Z,2016,1,4,False,False,13543,95.0,50.0,49.0,44.0,74.0,324,711,807,810.0,740.0,785.0,743.0,784,755,765,746,774,972.0,847,748,646.0,556.0,476.0,242.0
55432,2016-02-01T00:00:00Z,2016,2,1,False,False,12414,148.0,64.0,47.0,40.0,64.0,300,739,854,851.0,666.0,756.0,727.0,655,563,648,714,745,862.0,823,654,569.0,464.0,281.0,180.0
55432,2016-02-03T00:00:00Z,2016,2,3,False,False,13638,118.0,48.0,34.0,42.0,79.0,325,752,854,828.0,790.0,806.0,749.0,735,806,803,738,819,829.0,883,761,653.0,564.0,388.0,234.0
55432,2016-02-05T00:00:00Z,2016,2,5,False,False,13758,133.0,73.0,69.0,45.0,72.0,282,735,835,791.0,752.0,724.0,763.0,763,797,793,763,781,808.0,845,791,630.0,606.0,514.0,393.0
55432,2016-02-13T00:00:00Z,2016,2,6,False,False,15733,285.0,148.0,117.0,132.0,99.0,202,468,742,906.0,940.0,1029.0,1036.0,989,998,999,1004,1068,875.0,804,683,604.0,568.0,549.0,488.0
55432,2016-02-15T00:00:00Z,2016,2,1,False,False,13302,110.0,73.0,38.0,57.0,83.0,315,696,895,800.0,780.0,748.0,775.0,682,733,722,741,840,936.0,884,716,576.0,519.0,373.0,210.0
55432,2016-02-22T00:00:00Z,2016,2,1,False,False,13353,112.0,51.0,42.0,52.0,80.0,316,706,896,839.0,812.0,738.0,732.0,740,726,764,756,840,943.0,839,630,646.0,556.0,324.0,213.0
55432,2016-02-24T00:00:00Z,2016,2,3,False,False,14940,104.0,52.0,48.0,41.0,74.0,349,836,891,797.0,858.0,849.0,842.0,850,769,767,862,889,794.0,901,984,816.0,688.0,509.0,370.0
55432,2016-02-26T00:00:00Z,2016,2,5,False,False,15007,207.0,94.0,54.0,59.0,82.0,329,789,887,848.0,808.0,850.0,802.0,771,775,868,855,810,907.0,858,849,762.0,694.0,535.0,514.0
55432,2016-02-27T00:00:00Z,2016,2,6,False,False,15753,366.0,186.0,149.0,109.0,80.0,205,505,689,850.0,971.0,920.0,950.0,953,977,953,950,966,953.0,919,824,624.0,591.0,565.0,498.0
55432,2016-12-09T00:00:00Z,2016,12,5,False,False,14936,192.0,102.0,73.0,70.0,96.0,381,801,836,820.0,828.0,877.0,812.0,844,890,870,820,826,867.0,744,816,654.0,662.0,543.0,512.0
55432,2016-12-14T00:00:00Z,2016,12,3,False,False,13659,178.0,71.0,44.0,60.0,94.0,402,808,792,786.0,805.0,815.0,785.0,755,449,429,849,753,890.0,824,633,723.0,656.0,583.0,475.0
55432,2016-12-18T00:00:00Z,2016,12,7,False,True,12228,363.0,264.0,178.0,154.0,107.0,150,255,355,430.0,738.0,764.0,789.0,877,864,861,800,757,755.0,664,516,550.0,525.0,336.0,176.0
55432,2016-12-26T00:00:00Z,2016,12,1,True,True,10101,146.0,84.0,58.0,49.0,56.0,118,219,330,394.0,593.0,726.0,845.0,933,842,660,612,525,572.0,563,450,437.0,376.0,275.0,238.0
55432,2016-12-30T00:00:00Z,2016,12,5,False,True,12067,158.0,95.0,67.0,57.0,86.0,189,349,439,505.0,634.0,788.0,808.0,856,761,765,687,675,703.0,813,815,529.0,494.0,452.0,342.0
55432,2016-05-11T00:00:00Z,2016,5,3,False,False,13398,93.0,41.0,41.0,53.0,78.0,348,779,874,796.0,814.0,777.0,691.0,745,723,777,761,781,803.0,749,749,641.0,616.0,419.0,249.0
55432,2016-05-18T00:00:00Z,2016,5,3,False,False,13428,101.0,56.0,51.0,48.0,88.0,379,789,841,817.0,738.0,782.0,790.0,766,722,711,738,854,738.0,766,721,685.0,596.0,404.0,247.0
55432,2016-05-19T00:00:00Z,2016,5,4,False,False,13880,113.0,83.0,48.0,47.0,95.0,352,777,845,840.0,779.0,747.0,770.0,787,726,778,831,846,747.0,774,812,682.0,591.0,530.0,280.0
55432,2016-05-21T00:00:00Z,2016,5,6,False,False,14675,286.0,141.0,133.0,128.0,94.0,225,478,788,940.0,943.0,990.0,921.0,917,914,824,878,814,781.0,717,620,568.0,503.0,544.0,528.0
55432,2016-05-23T00:00:00Z,2016,5,1,False,False,12768,100.0,56.0,52.0,55.0,88.0,344,726,902,756.0,785.0,784.0,764.0,694,665,714,713,785,853.0,761,668,587.0,451.0,303.0,162.0
55432,2016-05-24T00:00:00Z,2016,5,2,False,False,13384,112.0,58.0,41.0,44.0,80.0,398,783,880,833.0,861.0,822.0,786.0,749,755,725,801,778,731.0,749,682,604.0,556.0,381.0,175.0
55432,2016-05-25T00:00:00Z,2016,5,3,False,False,13635,69.0,50.0,42.0,44.0,88.0,384,756,905,783.0,742.0,772.0,697.0,766,753,719,809,727,755.0,899,850,666.0,648.0,487.0,224.0
55432,2016-05-28T00:00:00Z,2016,5,6,False,False,14156,341.0,193.0,154.0,122.0,99.0,191,477,699,746.0,821.0,933.0,828.0,925,872,870,841,836,796.0,744,606,554.0,510.0,538.0,460.0
55432,2016-05-30T00:00:00Z,2016,5,1,False,False,12297,101.0,52.0,33.0,52.0,90.0,372,732,841,785.0,730.0,750.0,690.0,720,665,694,713,763,769.0,769,618,514.0,404.0,296.0,144.0
55432,2016-07-16T00:00:00Z,2016,7,6,False,True,13632,745.0,599.0,532.0,332.0,175.0,93,59,43,64.0,159.0,551.0,852.0,783,797,727,743,757,787.0,742,745,796.0,824.0,805.0,922.0
55432,2016-07-17T00:00:00Z,2016,7,7,False,True,14118,742.0,660.0,546.0,415.0,211.0,105,62,75,66.0,164.0,504.0,839.0,817,817,869,835,848,793.0,841,793,794.0,793.0,801.0,728.0
55432,2016-07-18T00:00:00Z,2016,7,1,False,True,14474,656.0,585.0,464.0,503.0,328.0,238,171,126,115.0,125.0,323.0,605.0,712,863,956,894,855,886.0,947,894,867.0,854.0,775.0,732.0
55432,2016-07-22T00:00:00Z,2016,7,5,False,False,12613,658.0,561.0,442.0,280.0,146.0,78,36,40,53.0,140.0,516.0,801.0,720,806,742,701,690,754.0,752,746,644.0,661.0,799.0,847.0
55432,2016-07-23T00:00:00Z,2016,7,6,False,False,13639,710.0,677.0,618.0,374.0,162.0,64,45,47,60.0,156.0,456.0,784.0,814,768,730,713,776,776.0,730,758,791.0,851.0,869.0,910.0
55432,2016-07-28T00:00:00Z,2016,7,4,False,False,12590,587.0,545.0,397.0,231.0,112.0,53,55,41,47.0,165.0,540.0,837.0,781,666,743,744,726,783.0,714,753,747.0,767.0,761.0,795.0
55432,2016-07-29T00:00:00Z,2016,7,5,False,False,13209,656.0,595.0,476.0,336.0,158.0,73,50,46,66.0,164.0,518.0,781.0,824,600,747,804,798,777.0,746,787,808.0,809.0,766.0,824.0
55432,2016-07-30T00:00:00Z,2016,7,6,False,False,13666,668.0,672.0,525.0,333.0,163.0,92,51,56,70.0,171.0,575.0,837.0,722,677,792,756,815,799.0,715,765,850.0,908.0,841.0,813.0
55432,2016-08-04T00:00:00Z,2016,8,4,False,False,12719,558.0,523.0,367.0,212.0,101.0,85,38,39,56.0,156.0,529.0,810.0,748,740,720,788,748,701.0,746,817,814.0,799.0,886.0,738.0
55432,2016-08-08T00:00:00Z,2016,8,1,False,False,14150,677.0,582.0,523.0,479.0,376.0,199,140,115,127.0,139.0,302.0,511.0,743,767,904,911,926,889.0,902,829,823.0,796.0,760.0,730.0
55432,2016-08-14T00:00:00Z,2016,8,7,False,False,13839,757.0,594.0,562.0,441.0,237.0,111,65,53,80.0,145.0,545.0,799.0,833,764,787,717,738,752.0,795,779,795.0,801.0,816.0,873.0
55432,2016-08-18T00:00:00Z,2016,8,4,False,False,12791,527.0,472.0,376.0,208.0,126.0,68,36,47,47.0,169.0,522.0,871.0,791,739,767,763,754,706.0,771,700,777.0,840.0,843.0,871.0
55432,2016-08-22T00:00:00Z,2016,8,1,False,False,14312,664.0,531.0,524.0,548.0,316.0,192,130,108,103.0,111.0,280.0,538.0,691,857,853,926,1004,951.0,919,916,902.0,807.0,727.0,714.0
55432,2016-11-24T00:00:00Z,2016,11,4,False,False,14135,130.0,110.0,58.0,73.0,132.0,417,808,804,738.0,674.0,783.0,753.0,749,737,754,807,845,954.0,771,785,766.0,640.0,543.0,304.0
55432,2016-11-26T00:00:00Z,2016,11,6,False,False,15410,329.0,201.0,151.0,135.0,111.0,227,536,635,876.0,1086.0,1018.0,968.0,903,899,902,882,870,785.0,804,827,637.0,563.0,529.0,536.0
55432,2016-11-28T00:00:00Z,2016,11,1,False,False,12772,147.0,53.0,47.0,53.0,105.0,415,718,772,810.0,699.0,742.0,695.0,687,750,761,713,785,804.0,792,678,617.0,449.0,319.0,161.0
55432,2016-11-30T00:00:00Z,2016,11,3,False,False,13996,247.0,120.0,115.0,103.0,109.0,421,818,826,761.0,727.0,722.0,699.0,718,717,739,738,784,852.0,758,723,620.0,646.0,543.0,490.0
55432,2016-12-02T00:00:00Z,2016,12,5,False,False,11773,192.0,79.0,68.0,67.0,93.0,423,815,792,757.0,811.0,760.0,823.0,540,448,230,227,234,500.0,807,781,724.0,643.0,519.0,440.0
55432,2016-12-05T00:00:00Z,2016,12,1,False,False,12405,127.0,67.0,65.0,61.0,111.0,340,666,747,754.0,702.0,727.0,716.0,675,702,734,685,709,803.0,705,629,600.0,471.0,346.0,263.0
55432,2016-12-06T00:00:00Z,2016,12,2,False,False,13156,118.0,66.0,36.0,53.0,90.0,376,730,822,731.0,722.0,718.0,670.0,731,712,706,773,793,908.0,820,703,634.0,538.0,448.0,258.0
55432,2016-12-07T00:00:00Z,2016,12,3,False,False,13804,119.0,69.0,47.0,60.0,101.0,394,748,807,830.0,736.0,744.0,759.0,781,762,731,841,808,848.0,878,757,621.0,642.0,456.0,265.0
55432,2016-12-08T00:00:00Z,2016,12,4,False,False,14100,131.0,88.0,55.0,56.0,96.0,393,805,845,740.0,789.0,760.0,754.0,810,829,720,809,859,843.0,815,803,647.0,636.0,461.0,356.0
55432,2016-02-04T00:00:00Z,2016,2,4,False,False,13397,112.0,69.0,46.0,71.0,72.0,306,721,779,820.0,590.0,707.0,709.0,707,732,762,793,823,853.0,836,820,647.0,583.0,463.0,376.0
55432,2016-02-09T00:00:00Z,2016,2,2,False,False,13884,98.0,37.0,51.0,50.0,68.0,317,759,856,817.0,739.0,764.0,731.0,712,769,797,812,864,976.0,935,758,696.0,611.0,391.0,276.0
55432,2016-02-12T00:00:00Z,2016,2,5,False,False,14437,152.0,77.0,64.0,52.0,70.0,304,768,865,760.0,810.0,816.0,822.0,568,763,765,837,860,877.0,947,874,769.0,600.0,566.0,451.0
55432,2016-02-14T00:00:00Z,2016,2,7,False,False,15394,333.0,216.0,152.0,150.0,100.0,175,282,492,783.0,1010.0,1047.0,1114.0,857,1037,997,972,919,950.0,950,793,607.0,580.0,478.0,400.0
55432,2016-02-16T00:00:00Z,2016,2,2,False,False,13739,101.0,62.0,31.0,46.0,63.0,339,742,788,784.0,789.0,736.0,737.0,727,780,732,805,836,912.0,948,838,730.0,589.0,382.0,242.0
55432,2016-02-17T00:00:00Z,2016,2,3,False,False,14156,106.0,53.0,45.0,43.0,70.0,324,744,930,827.0,818.0,790.0,790.0,809,775,775,801,860,799.0,905,832,689.0,635.0,429.0,307.0
55432,2016-03-03T00:00:00Z,2016,3,4,False,False,14528,160.0,77.0,48.0,64.0,100.0,387,813,894,742.0,797.0,811.0,764.0,923,759,809,828,917,789.0,913,803,731.0,612.0,481.0,306.0
55432,2016-03-08T00:00:00Z,2016,3,2,False,False,13754,100.0,51.0,44.0,49.0,77.0,338,787,825,772.0,805.0,822.0,766.0,778,719,783,772,920,899.0,715,768,734.0,631.0,404.0,195.0
55432,2016-03-16T00:00:00Z,2016,3,3,False,False,14066,164.0,42.0,32.0,35.0,87.0,325,721,848,800.0,753.0,786.0,779.0,774,725,761,778,925,876.0,761,856,701.0,738.0,476.0,323.0
55432,2016-03-17T00:00:00Z,2016,3,4,False,False,14653,184.0,84.0,64.0,61.0,94.0,332,759,920,760.0,655.0,796.0,769.0,825,842,790,820,894,904.0,902,890,773.0,645.0,545.0,345.0
55432,2016-03-19T00:00:00Z,2016,3,6,False,False,15340,292.0,197.0,144.0,139.0,102.0,197,463,742,903.0,935.0,987.0,979.0,975,833,1063,868,900,850.0,753,720,667.0,523.0,605.0,503.0
55432,2016-07-08T00:00:00Z,2016,7,5,False,True,12581,124.0,58.0,48.0,53.0,101.0,311,629,674,725.0,740.0,731.0,713.0,720,710,732,751,700,730.0,789,658,549.0,480.0,461.0,394.0
55432,2016-07-13T00:00:00Z,2016,7,3,False,True,12239,546.0,472.0,420.0,313.0,144.0,71,56,42,59.0,164.0,506.0,816.0,793,718,672,718,722,681.0,728,758,781.0,620.0,737.0,702.0
55432,2016-07-14T00:00:00Z,2016,7,4,False,True,12826,571.0,511.0,361.0,262.0,192.0,115,55,50,64.0,172.0,527.0,803.0,839,830,719,749,721,716.0,681,735,718.0,820.0,739.0,876.0
55432,2016-07-15T00:00:00Z,2016,7,5,False,True,13659,838.0,735.0,489.0,382.0,243.0,92,44,47,70.0,163.0,519.0,804.0,862,806,742,790,758,766.0,740,720,770.0,817.0,762.0,700.0
55432,2016-06-05T00:00:00Z,2016,6,7,False,False,9858,298.0,196.0,165.0,153.0,124.0,130,213,216,362.0,521.0,599.0,624.0,733,724,773,703,675,545.0,563,406,363.0,364.0,228.0,180.0
55432,2016-06-07T00:00:00Z,2016,6,2,False,False,12669,85.0,52.0,43.0,43.0,78.0,367,807,848,797.0,729.0,739.0,674.0,743,620,721,780,834,805.0,653,744,548.0,454.0,301.0,204.0
55432,2016-06-09T00:00:00Z,2016,6,4,False,False,13279,110.0,75.0,49.0,48.0,87.0,369,766,799,821.0,724.0,744.0,764.0,683,674,745,751,819,768.0,770,744,639.0,591.0,476.0,263.0
55432,2016-06-11T00:00:00Z,2016,6,6,False,False,13928,301.0,163.0,128.0,122.0,96.0,164,397,572,752.0,782.0,853.0,909.0,859,938,836,850,833,813.0,821,734,535.0,460.0,536.0,474.0
55432,2016-06-12T00:00:00Z,2016,6,7,False,False,12312,372.0,202.0,150.0,126.0,102.0,138,256,421,538.0,677.0,705.0,820.0,906,850,769,800,802,665.0,632,594,531.0,467.0,437.0,352.0
55432,2016-06-17T00:00:00Z,2016,6,5,False,False,13466,119.0,100.0,56.0,55.0,107.0,384,749,860,779.0,697.0,693.0,794.0,759,789,730,752,772,783.0,752,721,571.0,498.0,505.0,441.0
55432,2016-06-18T00:00:00Z,2016,6,6,False,False,14080,253.0,163.0,128.0,106.0,74.0,196,425,757,839.0,840.0,888.0,876.0,933,1033,835,820,854,765.0,710,612,516.0,462.0,528.0,467.0
55432,2016-06-22T00:00:00Z,2016,6,3,False,False,13164,0.0,0.0,0.0,22.0,83.0,379,763,857,848.0,773.0,728.0,707.0,761,734,729,750,818,821.0,806,771,593.0,474.0,471.0,276.0
55432,2016-06-24T00:00:00Z,2016,6,5,False,False,14248,148.0,80.0,56.0,57.0,96.0,374,732,840,874.0,753.0,703.0,751.0,772,754,774,788,790,869.0,827,871,690.0,555.0,615.0,479.0
55432,2016-06-26T00:00:00Z,2016,6,7,False,False,12567,384.0,257.0,206.0,150.0,111.0,156,268,306,518.0,686.0,795.0,863.0,925,921,902,950,849,731.0,643,538,478.0,432.0,314.0,184.0
55432,2016-07-03T00:00:00Z,2016,7,7,False,True,12278,372.0,237.0,147.0,139.0,108.0,143,234,323,475.0,674.0,760.0,804.0,883,947,933,871,826,737.0,683,521,488.0,436.0,352.0,185.0
55432,2016-07-04T00:00:00Z,2016,7,1,False,True,11884,102.0,54.0,47.0,60.0,81.0,322,692,725,713.0,727.0,714.0,732.0,677,706,692,648,689,825.0,692,630,499.0,389.0,304.0,164.0
55432,2016-07-24T00:00:00Z,2016,7,7,False,False,13666,800.0,685.0,538.0,340.0,185.0,99,66,49,60.0,150.0,490.0,768.0,792,817,775,838,724,806.0,746,797,804.0,787.0,748.0,802.0
55432,2016-07-27T00:00:00Z,2016,7,3,False,False,12055,586.0,500.0,404.0,243.0,117.0,68,37,44,75.0,144.0,507.0,783.0,804,474,670,691,708,691.0,722,745,770.0,784.0,781.0,707.0
55432,2016-08-05T00:00:00Z,2016,8,5,False,False,13172,663.0,632.0,465.0,253.0,115.0,54,48,37,77.0,165.0,526.0,810.0,784,754,818,774,711,757.0,748,727,790.0,762.0,873.0,829.0
55432,2016-08-06T00:00:00Z,2016,8,6,False,False,13097,650.0,640.0,521.0,284.0,163.0,82,45,51,51.0,170.0,527.0,829.0,776,816,769,569,401,825.0,808,808,782.0,881.0,816.0,833.0
55432,2016-08-07T00:00:00Z,2016,8,7,False,False,13578,730.0,585.0,565.0,423.0,211.0,100,61,65,80.0,138.0,474.0,818.0,724,674,808,814,841,757.0,822,816,742.0,790.0,797.0,743.0
55432,2016-03-23T00:00:00Z,2016,3,3,False,False,14178,131.0,52.0,40.0,54.0,98.0,339,787,938,732.0,807.0,842.0,772.0,840,765,762,848,850,677.0,843,769,691.0,697.0,496.0,348.0
55432,2016-03-27T00:00:00Z,2016,3,7,False,False,11401,317.0,176.0,159.0,154.0,105.0,113,212,289,384.0,604.0,683.0,756.0,819,859,758,677,706,668.0,657,578,527.0,522.0,401.0,277.0
55432,2016-04-12T00:00:00Z,2016,4,2,False,True,13279,91.0,40.0,45.0,49.0,78.0,337,747,796,805.0,752.0,745.0,801.0,749,732,690,734,861,898.0,827,692,644.0,557.0,374.0,235.0
55432,2016-04-15T00:00:00Z,2016,4,5,False,True,14372,167.0,84.0,64.0,62.0,99.0,371,735,798,821.0,827.0,836.0,820.0,758,807,833,848,812,874.0,807,743,649.0,599.0,520.0,438.0
55432,2016-04-23T00:00:00Z,2016,4,6,False,True,13400,295.0,165.0,132.0,132.0,99.0,199,393,548,657.0,798.0,841.0,906.0,982,986,804,773,683,447.0,787,756,591.0,492.0,485.0,449.0
55432,2016-04-26T00:00:00Z,2016,4,2,False,True,13052,120.0,61.0,45.0,44.0,87.0,350,734,838,829.0,727.0,789.0,758.0,745,748,724,818,794,811.0,760,691,577.0,500.0,321.0,181.0
55432,2016-04-27T00:00:00Z,2016,4,3,False,False,13773,125.0,39.0,39.0,36.0,98.0,400,832,927,904.0,823.0,771.0,801.0,786,788,779,786,791,677.0,830,748,606.0,552.0,425.0,210.0
55432,2016-04-29T00:00:00Z,2016,4,5,False,False,14359,140.0,70.0,71.0,47.0,100.0,371,802,921,810.0,809.0,750.0,802.0,742,826,777,807,870,874.0,773,723,665.0,569.0,572.0,468.0
55432,2016-05-04T00:00:00Z,2016,5,3,False,False,14108,96.0,57.0,45.0,49.0,97.0,349,804,802,731.0,805.0,756.0,798.0,756,697,790,840,795,879.0,853,777,754.0,768.0,477.0,333.0
55432,2016-05-09T00:00:00Z,2016,5,1,False,False,12580,97.0,58.0,36.0,45.0,93.0,326,736,841,761.0,728.0,714.0,725.0,623,667,721,762,841,822.0,769,690,547.0,468.0,329.0,181.0
55432,2016-05-12T00:00:00Z,2016,5,4,False,False,14108,146.0,59.0,52.0,51.0,82.0,405,764,860,777.0,757.0,816.0,745.0,716,754,802,779,909,822.0,874,832,716.0,649.0,497.0,244.0
55432,2016-05-13T00:00:00Z,2016,5,5,False,False,14769,161.0,63.0,75.0,51.0,96.0,362,803,900,864.0,787.0,822.0,767.0,818,785,814,825,843,844.0,837,850,735.0,629.0,578.0,460.0
55432,2016-05-26T00:00:00Z,2016,5,4,False,False,13608,113.0,82.0,54.0,52.0,88.0,344,764,883,832.0,829.0,757.0,710.0,760,709,735,811,885,651.0,745,763,697.0,619.0,464.0,261.0
55432,2016-05-29T00:00:00Z,2016,5,7,False,False,12498,327.0,229.0,157.0,123.0,121.0,157,287,336,519.0,686.0,846.0,900.0,940,926,940,905,789,706.0,703,504,500.0,435.0,292.0,170.0
55432,2016-06-03T00:00:00Z,2016,6,5,False,False,13558,122.0,72.0,55.0,49.0,85.0,346,756,883,872.0,766.0,695.0,815.0,694,781,803,754,712,769.0,745,688,548.0,544.0,533.0,471.0
55432,2016-06-04T00:00:00Z,2016,6,6,False,False,12524,299.0,169.0,121.0,122.0,95.0,182,394,556,636.0,804.0,805.0,785.0,750,741,726,685,752,706.0,720,594,480.0,422.0,513.0,467.0
55432,2016-08-10T00:00:00Z,2016,8,3,False,False,12279,502.0,468.0,381.0,229.0,129.0,86,50,56,75.0,169.0,499.0,795.0,790,780,751,712,677,642.0,675,725,741.0,788.0,815.0,744.0
55432,2016-08-11T00:00:00Z,2016,8,4,False,False,12580,538.0,478.0,344.0,248.0,86.0,53,26,46,54.0,159.0,553.0,801.0,806,759,747,722,752,664.0,716,761,777.0,813.0,841.0,836.0
55432,2016-08-13T00:00:00Z,2016,8,6,False,False,13455,602.0,605.0,495.0,292.0,140.0,64,48,51,67.0,153.0,479.0,776.0,770,615,721,738,749,735.0,729,824,883.0,951.0,919.0,1049.0
55432,2016-08-17T00:00:00Z,2016,8,3,False,False,12343,513.0,470.0,404.0,227.0,121.0,81,41,42,59.0,179.0,499.0,813.0,839,783,726,734,631,673.0,732,705,746.0,839.0,796.0,690.0
55432,2016-08-19T00:00:00Z,2016,8,5,False,False,13014,712.0,600.0,432.0,276.0,120.0,63,24,33,62.0,164.0,510.0,753.0,844,676,717,700,753,730.0,751,771,801.0,833.0,856.0,833.0
55432,2016-08-20T00:00:00Z,2016,8,6,False,False,13593,702.0,624.0,489.0,323.0,154.0,101,56,46,56.0,153.0,562.0,824.0,864,727,735,700,803,711.0,761,755,771.0,863.0,927.0,886.0
55432,2016-08-21T00:00:00Z,2016,8,7,False,False,13441,754.0,627.0,524.0,412.0,196.0,107,68,50,77.0,158.0,455.0,748.0,791,758,710,745,748,783.0,742,774,762.0,765.0,835.0,852.0
55432,2016-08-23T00:00:00Z,2016,8,2,False,False,13616,655.0,601.0,575.0,596.0,449.0,268,171,154,131.0,84.0,199.0,325.0,379,610,768,844,913,958.0,918,889,890.0,812.0,772.0,655.0
55432,2016-11-23T00:00:00Z,2016,11,3,False,False,13772,120.0,51.0,50.0,53.0,91.0,436,866,858,686.0,772.0,796.0,721.0,721,730,698,788,804,867.0,816,719,719.0,602.0,524.0,284.0
55432,2016-11-25T00:00:00Z,2016,11,5,False,False,14199,189.0,71.0,67.0,59.0,89.0,401,805,813,700.0,740.0,858.0,819.0,828,806,828,720,770,871.0,791,693,677.0,584.0,562.0,458.0
55432,2016-11-29T00:00:00Z,2016,11,2,False,False,13323,88.0,56.0,43.0,43.0,95.0,423,768,693,712.0,724.0,709.0,686.0,732,721,754,785,819,937.0,801,694,649.0,531.0,444.0,416.0
55432,2016-12-10T00:00:00Z,2016,12,6,False,False,14618,394.0,236.0,176.0,126.0,130.0,230,540,673,758.0,833.0,843.0,844.0,894,907,927,803,871,805.0,684,694,635.0,566.0,562.0,487.0
55432,2016-01-09T00:00:00Z,2016,1,6,False,True,13642,266.0,177.0,102.0,103.0,100.0,193,371,514,676.0,790.0,864.0,889.0,969,916,897,866,748,729.0,746,605,608.0,526.0,531.0,456.0
55432,2016-01-13T00:00:00Z,2016,1,3,False,True,13057,126.0,56.0,42.0,46.0,69.0,278,678,703,722.0,815.0,789.0,804.0,775,766,739,707,812,742.0,858,713,572.0,539.0,444.0,262.0
55432,2016-01-17T00:00:00Z,2016,1,7,False,True,13204,370.0,220.0,189.0,139.0,123.0,162,243,382,501.0,702.0,787.0,970.0,971,989,980,942,827,790.0,751,607,490.0,470.0,389.0,210.0
55432,2016-01-24T00:00:00Z,2016,1,7,False,True,12331,371.0,227.0,172.0,128.0,120.0,145,246,351,450.0,679.0,730.0,784.0,947,911,900,897,799,707.0,674,573,509.0,445.0,352.0,214.0
55432,2016-12-12T00:00:00Z,2016,12,1,False,False,13138,93.0,71.0,50.0,59.0,95.0,391,749,848,780.0,761.0,758.0,748.0,810,756,709,760,824,881.0,758,634,559.0,519.0,332.0,193.0
55432,2016-12-15T00:00:00Z,2016,12,4,False,False,13813,253.0,83.0,85.0,58.0,107.0,353,704,747,770.0,764.0,679.0,779.0,772,845,888,812,760,783.0,765,712,646.0,600.0,499.0,349.0
55432,2016-12-17T00:00:00Z,2016,12,6,False,True,14694,343.0,246.0,193.0,147.0,106.0,222,478,649,775.0,784.0,937.0,971.0,878,833,937,712,831,811.0,821,724,630.0,561.0,595.0,510.0
55432,2016-12-19T00:00:00Z,2016,12,1,False,True,12649,112.0,54.0,63.0,44.0,106.0,361,722,676,737.0,773.0,757.0,748.0,751,744,752,726,717,869.0,773,587,533.0,466.0,382.0,196.0
55432,2016-12-20T00:00:00Z,2016,12,2,False,True,13787,124.0,53.0,36.0,35.0,86.0,367,738,703,751.0,862.0,845.0,883.0,867,834,738,743,776,924.0,797,659,567.0,542.0,424.0,433.0
55432,2016-12-28T00:00:00Z,2016,12,3,False,True,11027,120.0,57.0,45.0,50.0,60.0,195,393,429,539.0,653.0,783.0,935.0,819,814,724,585,623,602.0,502,547,468.0,442.0,378.0,264.0
55432,2016-12-31T00:00:00Z,2016,12,6,False,True,11323,193.0,139.0,71.0,93.0,76.0,143,276,350,467.0,601.0,675.0,730.0,781,734,643,628,663,656.0,621,638,650.0,532.0,531.0,432.0
55432,2016-01-11T00:00:00Z,2016,1,1,False,True,12645,111.0,63.0,37.0,45.0,74.0,239,634,660,768.0,722.0,857.0,781.0,822,737,783,723,782,883.0,767,628,537.0,434.0,333.0,225.0
55432,2016-01-16T00:00:00Z,2016,1,6,False,True,15156,267.0,186.0,118.0,112.0,93.0,178,397,579,760.0,826.0,895.0,922.0,970,1073,1025,1034,1055,1049.0,867,664,567.0,541.0,490.0,488.0
55432,2016-01-25T00:00:00Z,2016,1,1,False,True,12439,148.0,70.0,51.0,54.0,85.0,222,554,622,682.0,673.0,794.0,733.0,736,803,781,785,764,817.0,725,657,545.0,490.0,369.0,279.0
55432,2016-01-29T00:00:00Z,2016,1,5,False,False,13849,135.0,59.0,47.0,48.0,88.0,297,744,864,790.0,751.0,831.0,811.0,807,726,771,802,832,806.0,827,792,586.0,518.0,514.0,403.0
55432,2016-01-30T00:00:00Z,2016,1,6,False,False,15230,265.0,151.0,98.0,102.0,87.0,208,504,681,837.0,872.0,971.0,961.0,1012,1018,1016,968,946,843.0,880,763,575.0,498.0,496.0,478.0
55432,2016-01-31T00:00:00Z,2016,1,7,False,False,14848,285.0,169.0,140.0,117.0,98.0,146,242,407,536.0,811.0,973.0,1140.0,1061,1162,1092,1057,1026,1114.0,821,760,477.0,434.0,433.0,347.0
55432,2016-02-06T00:00:00Z,2016,2,6,False,False,16087,270.0,180.0,133.0,112.0,98.0,189,424,704,831.0,984.0,1072.0,1048.0,1047,932,1032,923,968,919.0,909,771,698.0,635.0,648.0,560.0
55432,2016-02-07T00:00:00Z,2016,2,7,False,False,14563,390.0,248.0,225.0,172.0,119.0,155,257,431,768.0,934.0,1105.0,1108.0,983,990,984,927,834,775.0,752,647,565.0,514.0,401.0,279.0
55432,2016-02-11T00:00:00Z,2016,2,4,False,False,14511,128.0,47.0,57.0,67.0,70.0,326,759,949,878.0,814.0,814.0,801.0,832,731,754,819,852,939.0,928,785,700.0,632.0,459.0,370.0
55432,2016-02-19T00:00:00Z,2016,2,5,False,False,14974,91.0,65.0,53.0,45.0,60.0,325,781,923,769.0,895.0,912.0,851.0,903,901,869,893,875,869.0,808,789,672.0,659.0,529.0,437.0
55432,2016-02-25T00:00:00Z,2016,2,4,False,False,14480,162.0,63.0,53.0,45.0,82.0,363,791,934,766.0,785.0,834.0,867.0,448,507,884,833,935,768.0,970,845,873.0,606.0,616.0,450.0
55432,2016-03-07T00:00:00Z,2016,3,1,False,False,13322,70.0,58.0,54.0,54.0,77.0,340,752,869,818.0,754.0,728.0,793.0,684,742,784,842,833,914.0,844,685,605.0,489.0,333.0,200.0
55432,2016-01-27T00:00:00Z,2016,1,3,False,True,13006,143.0,82.0,44.0,56.0,85.0,296,753,805,770.0,764.0,692.0,760.0,730,685,723,719,790,884.0,853,704,566.0,526.0,379.0,197.0
55432,2016-01-05T00:00:00Z,2016,1,2,False,True,12399,86.0,44.0,49.0,69.0,78.0,249,497,585,723.0,725.0,734.0,789.0,717,728,735,698,738,888.0,790,745,639.0,447.0,328.0,318.0
55432,2016-01-08T00:00:00Z,2016,1,5,False,True,13405,156.0,106.0,56.0,71.0,75.0,246,603,639,707.0,733.0,821.0,880.0,867,806,838,779,803,872.0,806,667,569.0,506.0,447.0,352.0
55432,2016-01-10T00:00:00Z,2016,1,7,False,True,14460,307.0,218.0,182.0,122.0,103.0,157,260,344,586.0,806.0,910.0,983.0,1046,1092,1024,940,939,1032.0,968,735,492.0,469.0,451.0,294.0
55432,2016-01-12T00:00:00Z,2016,1,2,False,True,12940,124.0,62.0,42.0,44.0,75.0,300,654,706,708.0,768.0,784.0,740.0,778,747,761,734,790,969.0,861,656,550.0,485.0,358.0,244.0
55432,2016-01-14T00:00:00Z,2016,1,4,False,True,12016,169.0,65.0,51.0,59.0,78.0,281,729,721,774.0,821.0,772.0,870.0,657,241,231,693,758,880.0,778,652,545.0,500.0,434.0,257.0
55432,2016-01-15T00:00:00Z,2016,1,5,False,True,13008,127.0,58.0,45.0,55.0,66.0,239,552,655,691.0,787.0,682.0,775.0,789,784,835,768,761,834.0,783,731,568.0,513.0,490.0,420.0
55432,2016-01-18T00:00:00Z,2016,1,1,False,True,12809,128.0,53.0,45.0,57.0,80.0,321,698,722,765.0,792.0,734.0,747.0,751,748,690,796,788,873.0,887,596,556.0,492.0,312.0,178.0
55432,2016-01-19T00:00:00Z,2016,1,2,False,True,14376,104.0,42.0,51.0,48.0,78.0,320,705,751,848.0,836.0,838.0,834.0,840,789,754,823,839,919.0,979,834,664.0,593.0,573.0,314.0
55432,2016-01-21T00:00:00Z,2016,1,4,False,True,13431,112.0,52.0,66.0,52.0,77.0,295,712,753,774.0,879.0,814.0,860.0,799,809,735,748,815,853.0,788,669,596.0,448.0,464.0,261.0
55432,2016-01-23T00:00:00Z,2016,1,6,False,True,14520,231.0,149.0,141.0,97.0,102.0,177,388,582,728.0,807.0,862.0,946.0,1008,1033,951,901,907,789.0,751,694,628.0,595.0,611.0,442.0
55432,2016-05-02T00:00:00Z,2016,5,1,False,False,12575,101.0,74.0,37.0,51.0,105.0,363,744,833,745.0,790.0,849.0,717.0,704,754,778,796,722,602.0,639,665,589.0,468.0,302.0,147.0
55432,2016-05-10T00:00:00Z,2016,5,2,False,False,13189,90.0,50.0,39.0,53.0,96.0,366,764,851,835.0,806.0,787.0,683.0,761,684,700,777,831,839.0,773,706,622.0,541.0,381.0,154.0
55432,2016-05-15T00:00:00Z,2016,5,7,False,False,13721,372.0,232.0,185.0,145.0,132.0,164,270,373,544.0,782.0,905.0,1035.0,1022,1018,1051,923,906,834.0,708,618,516.0,476.0,324.0,186.0
55432,2016-05-16T00:00:00Z,2016,5,1,False,False,13031,117.0,52.0,51.0,54.0,83.0,375,780,851,800.0,716.0,752.0,714.0,705,699,721,802,836,822.0,863,675,594.0,448.0,327.0,194.0
55432,2016-05-22T00:00:00Z,2016,5,7,False,False,13621,357.0,223.0,177.0,140.0,110.0,168,284,417,689.0,884.0,935.0,1008.0,999,1016,955,924,842,761.0,717,586,503.0,419.0,320.0,187.0
55432,2016-06-16T00:00:00Z,2016,6,4,False,False,13624,90.0,59.0,44.0,57.0,99.0,370,789,885,803.0,767.0,711.0,761.0,813,723,678,807,837,893.0,815,738,617.0,578.0,423.0,267.0
55432,2016-06-19T00:00:00Z,2016,6,7,False,False,11836,399.0,247.0,201.0,154.0,128.0,157,234,351,506.0,718.0,832.0,979.0,929,861,709,758,652,714.0,585,476,406.0,390.0,274.0,176.0
55432,2016-06-20T00:00:00Z,2016,6,1,False,False,12041,46.0,55.0,31.0,43.0,89.0,331,681,751,706.0,729.0,665.0,656.0,674,638,708,732,727,863.0,786,605,577.0,437.0,341.0,170.0
55432,2016-06-21T00:00:00Z,2016,6,2,False,False,12787,82.0,63.0,44.0,54.0,76.0,377,750,841,830.0,752.0,722.0,698.0,703,703,676,803,809,827.0,812,708,645.0,514.0,288.0,10.0
55432,2016-06-23T00:00:00Z,2016,6,4,False,False,13998,117.0,70.0,59.0,68.0,99.0,398,783,872,832.0,776.0,791.0,723.0,752,721,729,742,818,925.0,809,873,687.0,557.0,516.0,281.0
55432,2016-06-30T00:00:00Z,2016,6,4,False,False,13800,124.0,61.0,62.0,66.0,100.0,357,734,745,790.0,797.0,710.0,740.0,698,711,766,815,827,893.0,941,816,694.0,567.0,500.0,286.0
55432,2016-07-09T00:00:00Z,2016,7,6,False,True,13755,263.0,173.0,131.0,105.0,107.0,201,406,529,606.0,712.0,787.0,839.0,877,889,905,857,894,855.0,896,721,528.0,525.0,478.0,471.0
55432,2016-07-10T00:00:00Z,2016,7,7,False,True,12231,335.0,202.0,183.0,183.0,123.0,134,250,328,465.0,681.0,742.0,835.0,942,851,910,858,808,728.0,691,539,509.0,461.0,299.0,174.0
55432,2016-07-11T00:00:00Z,2016,7,1,False,True,13933,93.0,56.0,50.0,50.0,104.0,350,654,709,780.0,705.0,707.0,695.0,679,647,606,675,782,937.0,961,871,864.0,504.0,743.0,711.0
55432,2016-07-21T00:00:00Z,2016,7,4,False,False,12409,565.0,492.0,398.0,215.0,106.0,67,47,47,50.0,145.0,534.0,795.0,822,750,697,714,673,704.0,729,785,778.0,784.0,775.0,737.0
55432,2016-07-26T00:00:00Z,2016,7,2,False,False,13847,625.0,504.0,522.0,533.0,427.0,270,181,168,138.0,116.0,231.0,341.0,466,697,946,969,1011,926.0,990,902,829.0,698.0,720.0,637.0
55432,2016-07-31T00:00:00Z,2016,7,7,False,False,14496,714.0,626.0,548.0,394.0,249.0,125,88,69,112.0,210.0,543.0,758.0,861,782,857,801,815,871.0,881,839,881.0,836.0,849.0,787.0
55432,2016-08-02T00:00:00Z,2016,8,2,False,False,14712,954.0,703.0,623.0,531.0,447.0,443,328,146,136.0,147.0,260.0,431.0,517,645,780,811,921,964.0,962,1001,812.0,770.0,740.0,640.0
55432,2016-08-03T00:00:00Z,2016,8,3,False,False,12192,572.0,524.0,374.0,300.0,179.0,95,61,59,55.0,170.0,547.0,743.0,719,637,739,718,676,656.0,734,740,711.0,793.0,714.0,676.0
55432,2016-08-09T00:00:00Z,2016,8,2,False,False,14453,603.0,523.0,559.0,671.0,483.0,286,200,206,125.0,138.0,218.0,339.0,767,745,818,893,984,861.0,1006,949,890.0,778.0,721.0,690.0
55432,2016-08-12T00:00:00Z,2016,8,5,False,False,12879,654.0,650.0,473.0,283.0,142.0,62,43,44,67.0,163.0,474.0,796.0,815,756,770,653,735,693.0,720,758,751.0,814.0,797.0,766.0
55432,2016-08-15T00:00:00Z,2016,8,1,False,False,14025,759.0,537.0,509.0,473.0,353.0,208,124,115,111.0,111.0,314.0,560.0,719,832,894,837,857,822.0,1003,1089,797.0,692.0,763.0,546.0
55432,2016-11-27T00:00:00Z,2016,11,7,False,False,14002,414.0,216.0,190.0,151.0,133.0,147,272,380,645.0,887.0,1013.0,1044.0,939,1002,939,940,774,827.0,775,665,521.0,555.0,365.0,208.0
55432,2016-12-03T00:00:00Z,2016,12,6,False,False,14523,367.0,245.0,173.0,138.0,109.0,234,527,758,802.0,861.0,826.0,879.0,816,874,947,886,759,824.0,703,681,596.0,492.0,542.0,484.0
55432,2016-12-04T00:00:00Z,2016,12,7,False,False,13868,357.0,217.0,175.0,165.0,145.0,154,307,423,647.0,798.0,889.0,862.0,976,1088,979,914,810,787.0,689,645,549.0,554.0,462.0,276.0
55432,2016-12-11T00:00:00Z,2016,12,7,False,False,13466,426.0,253.0,183.0,144.0,141.0,155,291,413,612.0,833.0,883.0,923.0,999,1014,952,850,810,766.0,647,610,497.0,484.0,412.0,168.0
55432,2016-12-13T00:00:00Z,2016,12,2,False,False,13262,125.0,49.0,47.0,43.0,85.0,413,831,835,781.0,754.0,771.0,538.0,266,283,572,896,915,946.0,941,936,699.0,605.0,577.0,354.0
55432,2016-12-22T00:00:00Z,2016,12,4,False,True,13195,173.0,102.0,58.0,55.0,83.0,364,690,688,772.0,728.0,785.0,725.0,786,804,726,770,756,765.0,745,696,587.0,545.0,474.0,318.0
55432,2016-12-23T00:00:00Z,2016,12,5,False,True,13128,176.0,127.0,84.0,91.0,102.0,305,590,583,728.0,756.0,758.0,780.0,788,803,816,821,789,900.0,692,553,528.0,452.0,463.0,443.0
55432,2016-02-02T00:00:00Z,2016,2,2,False,False,13558,92.0,55.0,32.0,61.0,77.0,305,711,867,825.0,797.0,795.0,742.0,782,782,725,801,811,828.0,879,816,658.0,552.0,395.0,170.0
55432,2016-02-08T00:00:00Z,2016,2,1,False,False,13327,136.0,87.0,57.0,48.0,89.0,340,696,906,837.0,710.0,759.0,782.0,751,739,750,764,850,819.0,884,695,576.0,478.0,374.0,200.0
55432,2016-02-10T00:00:00Z,2016,2,3,False,False,14376,125.0,43.0,49.0,38.0,73.0,332,787,899,844.0,826.0,841.0,799.0,788,762,812,734,927,876.0,928,799,694.0,628.0,483.0,289.0
55432,2016-02-18T00:00:00Z,2016,2,4,False,False,14479,125.0,76.0,45.0,46.0,83.0,349,785,887,732.0,838.0,926.0,861.0,813,834,774,779,892,867.0,920,805,729.0,629.0,458.0,226.0
55432,2016-02-20T00:00:00Z,2016,2,6,False,False,15695,265.0,164.0,124.0,102.0,80.0,186,486,795,892.0,940.0,980.0,955.0,927,924,998,1014,1014,992.0,915,785,595.0,560.0,458.0,544.0
55432,2016-02-21T00:00:00Z,2016,2,7,False,False,13218,344.0,232.0,173.0,139.0,108.0,129,234,372,640.0,757.0,787.0,873.0,841,885,912,948,965,869.0,782,586,585.0,533.0,341.0,183.0
55432,2016-02-23T00:00:00Z,2016,2,2,False,False,13756,109.0,49.0,52.0,44.0,84.0,336,734,937,751.0,701.0,844.0,795.0,794,756,772,806,860,805.0,820,789,720.0,552.0,411.0,235.0
55432,2016-02-28T00:00:00Z,2016,2,7,False,False,14389,366.0,226.0,179.0,155.0,119.0,142,255,470,682.0,827.0,975.0,969.0,989,1128,981,989,925,878.0,805,664,578.0,512.0,353.0,222.0
55432,2016-02-29T00:00:00Z,2016,2,1,False,False,13320,119.0,54.0,41.0,47.0,88.0,341,738,894,779.0,773.0,694.0,813.0,754,726,749,762,848,871.0,880,693,610.0,466.0,362.0,218.0
55432,2016-03-01T00:00:00Z,2016,3,2,False,False,13887,87.0,41.0,47.0,57.0,86.0,334,821,899,738.0,782.0,815.0,754.0,768,742,766,838,843,924.0,879,748,727.0,592.0,379.0,220.0
55432,2016-03-11T00:00:00Z,2016,3,5,False,False,15288,149.0,68.0,68.0,63.0,94.0,318,760,977,840.0,896.0,894.0,819.0,876,841,847,879,826,951.0,929,871,687.0,624.0,565.0,446.0
55432,2016-03-18T00:00:00Z,2016,3,5,False,False,14483,170.0,97.0,83.0,73.0,66.0,325,796,929,834.0,760.0,837.0,835.0,784,732,835,856,854,789.0,799,789,659.0,553.0,542.0,486.0
55432,2016-03-26T00:00:00Z,2016,3,6,True,False,13898,174.0,120.0,87.0,77.0,62.0,149,294,413,583.0,800.0,966.0,1045.0,931,923,843,896,923,938.0,951,778,530.0,569.0,438.0,408.0
55432,2016-04-09T00:00:00Z,2016,4,6,False,True,14822,306.0,172.0,133.0,126.0,96.0,214,519,671,874.0,884.0,1002.0,899.0,996,882,1036,826,939,821.0,763,578,545.0,505.0,531.0,504.0
55432,2016-04-10T00:00:00Z,2016,4,7,False,True,13724,391.0,253.0,175.0,152.0,129.0,159,256,400,613.0,759.0,839.0,961.0,1013,1051,982,987,959,755.0,690,596,513.0,480.0,399.0,212.0
55432,2016-04-11T00:00:00Z,2016,4,1,False,True,12984,115.0,62.0,53.0,46.0,105.0,342,786,781,801.0,743.0,745.0,821.0,742,737,701,763,784,848.0,792,635,582.0,477.0,311.0,212.0
55432,2016-04-17T00:00:00Z,2016,4,7,False,True,13036,388.0,249.0,230.0,145.0,129.0,129,250,342,564.0,773.0,827.0,924.0,948,947,912,896,836,772.0,693,565,537.0,473.0,325.0,182.0
55432,2016-04-20T00:00:00Z,2016,4,3,False,True,14680,114.0,66.0,54.0,43.0,88.0,360,778,850,773.0,820.0,863.0,840.0,947,814,840,782,811,995.0,865,921,670.0,609.0,538.0,239.0
55432,2016-04-22T00:00:00Z,2016,4,5,False,True,14638,182.0,76.0,73.0,62.0,95.0,340,761,810,848.0,758.0,874.0,893.0,920,836,847,853,875,907.0,825,707,608.0,559.0,492.0,437.0
55432,2016-04-24T00:00:00Z,2016,4,7,False,True,12745,452.0,374.0,200.0,130.0,133.0,134,230,316,485.0,697.0,720.0,845.0,894,910,871,799,815,732.0,728,547,552.0,504.0,391.0,286.0
55432,2016-04-28T00:00:00Z,2016,4,4,False,False,14427,122.0,60.0,44.0,62.0,87.0,419,831,873,827.0,817.0,836.0,793.0,794,820,830,835,800,754.0,849,842,722.0,616.0,479.0,315.0
55432,2017-12-13T00:00:00Z,2017,12,3,False,False,14158,157.0,52.0,46.0,63.0,102.0,393,715,871,852.0,871.0,830.0,744.0,747,794,729,734,845,838.0,892,689,583.0,587.0,562.0,462.0
55432,2017-09-16T00:00:00Z,2017,9,6,False,False,12827,298.0,145.0,123.0,119.0,124.0,205,430,517,702.0,753.0,820.0,848.0,919,847,705,791,755,762.0,641,527,472.0,421.0,515.0,388.0
55432,2017-12-12T00:00:00Z,2017,12,2,False,False,13055,159.0,70.0,48.0,47.0,86.0,347,735,858,740.0,803.0,777.0,739.0,756,709,714,762,782,871.0,800,648,491.0,488.0,390.0,235.0
55432,2017-09-18T00:00:00Z,2017,9,1,False,False,12301,82.0,58.0,42.0,37.0,99.0,327,701,836,852.0,745.0,679.0,677.0,667,687,710,809,767,861.0,775,601,483.0,370.0,267.0,169.0
55432,2017-10-18T00:00:00Z,2017,10,3,False,False,12759,82.0,37.0,32.0,46.0,80.0,284,746,844,822.0,783.0,644.0,699.0,693,685,689,802,835,807.0,855,597,569.0,522.0,396.0,210.0
55432,2017-09-25T00:00:00Z,2017,9,1,False,True,11816,100.0,57.0,46.0,38.0,90.0,295,700,754,729.0,766.0,690.0,665.0,672,641,612,715,767,893.0,738,569,451.0,397.0,281.0,150.0
55432,2017-12-15T00:00:00Z,2017,12,5,False,False,13878,228.0,106.0,70.0,73.0,96.0,316,738,803,796.0,826.0,704.0,685.0,801,742,740,854,844,905.0,826,805,529.0,521.0,471.0,399.0
55432,2017-12-11T00:00:00Z,2017,12,1,False,False,12505,91.0,55.0,40.0,44.0,100.0,318,705,834,789.0,793.0,717.0,704.0,670,722,760,874,855,652.0,755,641,495.0,418.0,303.0,170.0
55432,2017-11-11T00:00:00Z,2017,11,6,False,False,14571,295.0,184.0,133.0,112.0,95.0,201,435,673,781.0,814.0,866.0,942.0,947,984,898,751,851,806.0,900,980,497.0,489.0,432.0,505.0
55432,2017-10-07T00:00:00Z,2017,10,6,False,True,13091,289.0,167.0,109.0,119.0,93.0,190,432,567,702.0,719.0,749.0,855.0,893,911,844,751,724,782.0,757,564,528.0,515.0,421.0,410.0
55432,2017-09-20T00:00:00Z,2017,9,3,False,False,12930,93.0,59.0,33.0,58.0,109.0,351,729,876,867.0,773.0,713.0,616.0,710,640,668,791,797,842.0,828,680,536.0,570.0,384.0,207.0
55432,2017-10-19T00:00:00Z,2017,10,4,False,False,13884,99.0,71.0,49.0,64.0,89.0,324,744,811,862.0,827.0,738.0,791.0,714,742,733,825,875,925.0,942,731,541.0,553.0,500.0,334.0
55432,2017-10-29T00:00:00Z,2017,10,7,False,False,13371,366.0,289.0,218.0,166.0,152.0,175,263,420,616.0,892.0,960.0,1012.0,1050,1046,885,790,766,704.0,680,516,481.0,406.0,320.0,198.0
55432,2017-09-21T00:00:00Z,2017,9,4,False,False,13683,95.0,47.0,44.0,47.0,93.0,329,715,816,821.0,841.0,698.0,699.0,771,674,689,752,805,895.0,903,829,757.0,541.0,482.0,340.0
55432,2017-09-12T00:00:00Z,2017,9,2,False,False,12160,78.0,31.0,38.0,37.0,84.0,334,640,828,847.0,726.0,646.0,658.0,690,637,650,738,764,842.0,786,603,528.0,429.0,358.0,188.0
55432,2017-09-08T00:00:00Z,2017,9,5,False,False,13785,143.0,93.0,75.0,61.0,86.0,331,701,844,845.0,776.0,711.0,655.0,688,766,694,780,834,800.0,891,833,676.0,624.0,448.0,430.0
55432,2017-10-13T00:00:00Z,2017,10,5,False,False,14054,158.0,83.0,53.0,49.0,100.0,322,745,882,882.0,818.0,757.0,715.0,710,748,756,791,769,852.0,835,765,662.0,531.0,570.0,501.0
55432,2017-09-24T00:00:00Z,2017,9,7,False,True,11247,399.0,244.0,192.0,164.0,113.0,154,285,345,513.0,704.0,692.0,853.0,787,802,704,661,650,645.0,558,449,439.0,415.0,308.0,171.0
55432,2017-10-05T00:00:00Z,2017,10,4,False,True,12948,109.0,46.0,47.0,38.0,88.0,249,662,742,805.0,833.0,748.0,689.0,741,733,706,776,812,846.0,830,798,588.0,477.0,371.0,214.0
55432,2017-10-25T00:00:00Z,2017,10,3,False,False,13700,93.0,48.0,41.0,47.0,87.0,332,796,839,916.0,798.0,834.0,786.0,714,749,747,853,860,826.0,847,667,603.0,589.0,422.0,206.0
55432,2017-09-27T00:00:00Z,2017,9,3,False,True,12756,112.0,50.0,39.0,47.0,93.0,317,742,788,868.0,804.0,732.0,610.0,616,674,636,780,780,890.0,826,646,511.0,515.0,460.0,220.0
55432,2017-12-14T00:00:00Z,2017,12,4,False,False,14718,200.0,129.0,97.0,121.0,96.0,367,743,821,868.0,870.0,859.0,813.0,800,773,856,897,871,981.0,855,744,594.0,538.0,479.0,346.0
55432,2017-10-28T00:00:00Z,2017,10,6,False,False,14526,286.0,190.0,164.0,122.0,110.0,226,461,618,831.0,963.0,962.0,957.0,1065,1006,983,897,807,543.0,699,604,576.0,485.0,519.0,452.0
55432,2017-10-09T00:00:00Z,2017,10,1,False,False,12371,82.0,58.0,51.0,44.0,76.0,301,653,835,863.0,810.0,721.0,690.0,682,733,703,789,827,782.0,743,571,510.0,390.0,303.0,154.0
55432,2017-10-14T00:00:00Z,2017,10,6,False,False,13866,364.0,221.0,144.0,106.0,107.0,178,418,550,728.0,825.0,909.0,897.0,876,885,804,805,844,828.0,808,653,572.0,433.0,483.0,428.0
55432,2017-10-22T00:00:00Z,2017,10,7,False,False,11877,366.0,236.0,192.0,137.0,146.0,164,250,361,535.0,760.0,804.0,835.0,832,927,903,801,761,619.0,532,478,448.0,384.0,256.0,150.0
55432,2017-09-10T00:00:00Z,2017,9,7,False,False,11795,330.0,272.0,175.0,122.0,115.0,143,240,323,437.0,698.0,795.0,902.0,947,920,869,867,725,632.0,463,504,432.0,405.0,305.0,174.0
55432,2017-10-08T00:00:00Z,2017,10,7,False,True,11014,368.0,230.0,167.0,145.0,116.0,117,240,323,471.0,624.0,689.0,743.0,812,814,736,779,654,659.0,597,508,449.0,342.0,263.0,168.0
55432,2017-09-13T00:00:00Z,2017,9,3,False,False,12898,77.0,42.0,31.0,41.0,91.0,358,736,855,812.0,762.0,751.0,706.0,753,696,720,768,809,839.0,732,628,576.0,533.0,382.0,200.0
55432,2017-10-12T00:00:00Z,2017,10,4,False,False,13965,132.0,59.0,53.0,48.0,102.0,302,751,814,885.0,756.0,697.0,717.0,721,718,752,817,861,879.0,920,867,753.0,562.0,475.0,324.0
55432,2017-10-20T00:00:00Z,2017,10,5,False,False,12881,138.0,63.0,38.0,55.0,97.0,299,708,813,812.0,813.0,712.0,644.0,667,686,761,824,837,825.0,686,646,512.0,453.0,428.0,364.0
55432,2017-09-17T00:00:00Z,2017,9,7,False,False,12312,348.0,229.0,169.0,162.0,152.0,213,504,630,743.0,759.0,769.0,751.0,832,847,814,740,683,676.0,559,491,403.0,401.0,258.0,179.0
55432,2017-09-23T00:00:00Z,2017,9,6,False,True,13337,232.0,155.0,125.0,107.0,91.0,184,454,567,662.0,766.0,739.0,884.0,860,862,899,759,786,739.0,808,714,493.0,526.0,481.0,444.0
55432,2017-10-01T00:00:00Z,2017,10,7,False,True,10229,301.0,182.0,,145.0,130.0,124,221,254,351.0,501.0,638.0,708.0,793,758,730,725,646,541.0,500,405,379.0,419.0,430.0,348.0
55432,2017-10-27T00:00:00Z,2017,10,5,False,False,13983,141.0,84.0,68.0,46.0,94.0,296,691,808,792.0,785.0,770.0,790.0,772,728,785,881,863,918.0,866,824,505.0,563.0,487.0,426.0
55432,2017-10-16T00:00:00Z,2017,10,1,False,False,12258,90.0,52.0,40.0,34.0,76.0,297,686,864,791.0,803.0,657.0,677.0,684,673,628,809,807,895.0,862,604,487.0,355.0,251.0,136.0
55432,2017-09-30T00:00:00Z,2017,9,6,False,True,13581,221.0,143.0,113.0,98.0,113.0,196,334,458,578.0,723.0,808.0,862.0,895,1019,878,865,764,709.0,638,647,645.0,695.0,699.0,480.0
55432,2017-10-10T00:00:00Z,2017,10,2,False,False,12812,78.0,42.0,40.0,42.0,92.0,295,751,896,892.0,832.0,692.0,643.0,626,689,690,781,866,845.0,864,602,517.0,439.0,333.0,265.0
55432,2017-10-03T00:00:00Z,2017,10,2,False,True,12094,85.0,46.0,38.0,35.0,69.0,270,614,727,786.0,760.0,739.0,713.0,637,639,616,710,802,899.0,832,608,536.0,436.0,336.0,161.0
55432,2017-09-28T00:00:00Z,2017,9,4,False,True,13053,108.0,60.0,58.0,64.0,106.0,321,715,783,903.0,782.0,661.0,700.0,679,644,695,780,802,836.0,801,739,589.0,503.0,414.0,310.0
55432,2017-10-21T00:00:00Z,2017,10,6,False,False,14630,311.0,181.0,128.0,114.0,92.0,175,420,591,762.0,851.0,892.0,925.0,992,907,749,861,901,932.0,1032,867,582.0,474.0,442.0,449.0
55432,2017-10-11T00:00:00Z,2017,10,3,False,False,12970,104.0,56.0,43.0,60.0,77.0,316,743,876,807.0,806.0,697.0,696.0,664,633,681,780,866,822.0,789,717,574.0,521.0,415.0,227.0
55432,2017-12-18T00:00:00Z,2017,12,1,False,True,12290,123.0,80.0,63.0,49.0,95.0,310,683,782,705.0,849.0,724.0,737.0,710,694,668,753,738,831.0,797,530,465.0,397.0,320.0,187.0
55432,2017-09-14T00:00:00Z,2017,9,4,False,False,13222,115.0,87.0,46.0,53.0,87.0,323,692,899,889.0,755.0,711.0,672.0,664,673,693,789,865,890.0,818,659,579.0,572.0,416.0,275.0
55432,2017-09-26T00:00:00Z,2017,9,2,False,True,12814,73.0,35.0,45.0,31.0,81.0,351,723,818,817.0,773.0,715.0,662.0,658,659,705,735,821,890.0,906,628,516.0,490.0,421.0,261.0
55432,2017-10-23T00:00:00Z,2017,10,1,False,False,12311,84.0,51.0,54.0,34.0,84.0,278,740,792,874.0,790.0,732.0,681.0,685,649,657,786,775,956.0,767,554,508.0,352.0,273.0,155.0
55432,2017-10-15T00:00:00Z,2017,10,7,False,False,11728,288.0,216.0,185.0,176.0,139.0,141,211,343,446.0,575.0,812.0,786.0,878,833,781,780,763,846.0,760,491,414.0,411.0,274.0,179.0
55432,2017-09-15T00:00:00Z,2017,9,5,False,False,13199,128.0,73.0,64.0,56.0,93.0,347,743,841,840.0,788.0,757.0,654.0,660,699,754,795,771,857.0,791,625,517.0,529.0,467.0,350.0
55432,2017-09-22T00:00:00Z,2017,9,5,False,False,13167,137.0,75.0,66.0,62.0,98.0,309,752,790,810.0,816.0,728.0,745.0,705,769,713,821,789,804.0,738,614,465.0,470.0,490.0,401.0
55432,2017-09-29T00:00:00Z,2017,9,5,False,True,13226,125.0,66.0,64.0,55.0,89.0,300,717,797,779.0,831.0,712.0,742.0,813,777,789,804,796,799.0,720,621,561.0,496.0,460.0,313.0
55432,2017-10-30T00:00:00Z,2017,10,1,False,False,12270,85.0,52.0,40.0,47.0,86.0,317,668,802,894.0,821.0,739.0,759.0,724,711,676,779,843,617.0,774,552,464.0,405.0,269.0,146.0
55432,2017-10-24T00:00:00Z,2017,10,2,False,False,13391,80.0,40.0,34.0,36.0,83.0,347,670,927,873.0,846.0,786.0,756.0,737,710,677,838,826,932.0,983,662,565.0,491.0,315.0,177.0
55432,2017-09-19T00:00:00Z,2017,9,2,False,False,12625,75.0,48.0,44.0,55.0,90.0,334,701,865,830.0,743.0,638.0,646.0,681,645,707,816,824,788.0,915,645,506.0,449.0,401.0,179.0
55432,2017-11-14T00:00:00Z,2017,11,2,False,False,13348,67.0,45.0,44.0,46.0,91.0,357,789,913,867.0,757.0,723.0,722.0,711,700,753,804,872,908.0,877,675,538.0,523.0,363.0,203.0
55432,2017-09-11T00:00:00Z,2017,9,1,False,False,11921,115.0,56.0,37.0,61.0,84.0,349,682,852,808.0,764.0,627.0,620.0,662,588,657,739,769,826.0,809,592,442.0,393.0,243.0,146.0
55432,2017-10-02T00:00:00Z,2017,10,1,True,True,10188,276.0,126.0,103.0,117.0,91.0,138,229,262,346.0,511.0,695.0,813.0,868,811,767,620,628,572.0,490,468,414.0,363.0,323.0,157.0
55432,2017-09-09T00:00:00Z,2017,9,6,False,False,13713,339.0,159.0,117.0,88.0,97.0,197,409,558,678.0,829.0,784.0,828.0,852,966,1001,1035,887,780.0,715,461,508.0,487.0,489.0,449.0
55432,2017-10-06T00:00:00Z,2017,10,5,False,True,12953,137.0,70.0,56.0,48.0,82.0,307,695,799,732.0,806.0,649.0,685.0,727,732,744,765,815,831.0,758,660,532.0,511.0,444.0,368.0
55432,2017-10-26T00:00:00Z,2017,10,4,False,False,13633,121.0,52.0,37.0,53.0,101.0,334,771,854,864.0,770.0,774.0,752.0,713,690,686,823,866,913.0,876,705,597.0,538.0,447.0,296.0
55432,2017-09-06T00:00:00Z,2017,9,3,False,False,12723,96.0,39.0,30.0,35.0,94.0,322,740,879,857.0,790.0,669.0,632.0,679,604,722,822,773,822.0,807,654,583.0,507.0,379.0,188.0
55432,2017-11-04T00:00:00Z,2017,11,6,False,False,13511,291.0,159.0,118.0,130.0,100.0,187,462,632,824.0,860.0,795.0,854.0,784,836,815,751,739,708.0,759,768,543.0,473.0,487.0,436.0
55432,2017-10-04T00:00:00Z,2017,10,3,False,True,12580,79.0,43.0,52.0,38.0,70.0,309,674,752,796.0,848.0,706.0,718.0,697,692,689,759,862,794.0,830,625,525.0,463.0,357.0,202.0
55432,2017-09-05T00:00:00Z,2017,9,2,False,False,12347,78.0,49.0,31.0,32.0,71.0,310,690,872,867.0,750.0,703.0,632.0,663,636,632,723,800,869.0,848,663,520.0,467.0,288.0,153.0
55432,2017-10-17T00:00:00Z,2017,10,2,False,False,13016,73.0,40.0,44.0,45.0,82.0,322,741,866,905.0,815.0,748.0,629.0,710,684,697,826,836,937.0,888,650,542.0,425.0,339.0,172.0
55432,2017-09-07T00:00:00Z,2017,9,4,False,False,13222,120.0,66.0,57.0,44.0,90.0,327,684,868,844.0,743.0,700.0,747.0,715,654,727,775,852,744.0,783,702,604.0,630.0,436.0,310.0
55432,2017-11-03T00:00:00Z,2017,11,5,False,False,13848,115.0,76.0,41.0,57.0,94.0,349,750,892,895.0,890.0,797.0,758.0,819,760,742,761,815,934.0,800,629,584.0,479.0,483.0,328.0
55432,2017-12-10T00:00:00Z,2017,12,7,False,False,12516,363.0,250.0,234.0,193.0,147.0,157,235,372,539.0,768.0,797.0,926.0,981,949,876,782,764,627.0,587,569,452.0,400.0,349.0,199.0
55432,2017-12-29T00:00:00Z,2017,12,5,False,True,11264,148.0,74.0,59.0,49.0,77.0,170,389,449,568.0,708.0,809.0,856.0,837,807,690,766,683,581.0,594,513,448.0,373.0,331.0,285.0
55432,2017-12-22T00:00:00Z,2017,12,5,False,True,12480,189.0,91.0,74.0,80.0,117.0,291,643,672,682.0,742.0,741.0,763.0,754,817,792,730,725,714.0,654,560,498.0,403.0,430.0,318.0
55432,2017-12-17T00:00:00Z,2017,12,7,False,True,11521,369.0,254.0,197.0,148.0,146.0,169,240,344,475.0,660.0,675.0,700.0,804,866,751,730,699,674.0,568,515,477.0,467.0,360.0,233.0
55432,2017-12-20T00:00:00Z,2017,12,3,False,True,13276,138.0,80.0,39.0,53.0,99.0,344,702,774,801.0,847.0,826.0,817.0,778,715,692,732,765,854.0,865,671,527.0,498.0,391.0,268.0
55432,2017-11-05T00:00:00Z,2017,11,7,False,False,11721,395.0,189.0,160.0,159.0,123.0,146,205,284,561.0,697.0,724.0,801.0,893,875,793,796,793,672.0,617,512,448.0,392.0,303.0,183.0
55432,2017-11-01T00:00:00Z,2017,11,3,False,False,13415,106.0,54.0,49.0,44.0,92.0,324,751,891,841.0,744.0,703.0,723.0,682,689,704,784,830,999.0,903,611,605.0,589.0,442.0,255.0
55432,2017-11-10T00:00:00Z,2017,11,5,False,False,13542,144.0,67.0,55.0,57.0,103.0,346,760,907,869.0,812.0,706.0,763.0,735,733,733,795,820,858.0,734,632,562.0,487.0,475.0,389.0
55432,2017-11-13T00:00:00Z,2017,11,1,False,False,12446,93.0,50.0,37.0,49.0,117.0,336,726,886,808.0,794.0,665.0,674.0,705,655,689,761,818,877.0,766,561,511.0,437.0,275.0,156.0
55432,2017-12-07T00:00:00Z,2017,12,4,False,False,13567,141.0,77.0,64.0,55.0,108.0,325,660,845,805.0,825.0,838.0,760.0,745,506,690,757,785,926.0,911,764,548.0,567.0,486.0,379.0
55432,2017-11-09T00:00:00Z,2017,11,4,False,False,13856,182.0,73.0,69.0,48.0,102.0,312,761,928,886.0,839.0,705.0,741.0,754,704,745,784,853,901.0,912,717,549.0,581.0,438.0,272.0
55432,2017-12-31T00:00:00Z,2017,12,7,False,True,9472,186.0,137.0,98.0,74.0,70.0,118,202,292,370.0,465.0,581.0,635.0,598,596,567,589,573,567.0,508,550,472.0,428.0,414.0,382.0
55432,2017-11-07T00:00:00Z,2017,11,2,False,False,14107,86.0,44.0,55.0,49.0,100.0,313,761,851,860.0,872.0,839.0,884.0,822,742,718,742,868,920.0,898,802,627.0,482.0,516.0,256.0
55432,2017-12-28T00:00:00Z,2017,12,4,False,True,11633,134.0,70.0,58.0,39.0,70.0,168,363,471,548.0,692.0,781.0,826.0,791,735,773,666,727,798.0,863,477,448.0,423.0,465.0,247.0
55432,2017-12-24T00:00:00Z,2017,12,7,False,True,9109,206.0,147.0,115.0,97.0,122.0,141,293,400,487.0,633.0,689.0,713.0,678,613,486,504,481,446.0,414,374,294.0,279.0,263.0,234.0
55432,2017-11-15T00:00:00Z,2017,11,3,False,False,13552,107.0,61.0,58.0,52.0,96.0,344,646,845,875.0,782.0,760.0,685.0,701,701,729,791,843,865.0,788,719,676.0,536.0,452.0,440.0
55432,2017-11-08T00:00:00Z,2017,11,3,False,False,13768,176.0,73.0,60.0,76.0,87.0,348,755,903,865.0,746.0,688.0,706.0,671,644,718,795,825,856.0,876,779,725.0,560.0,561.0,275.0
55432,2017-11-16T00:00:00Z,2017,11,4,False,False,13714,195.0,103.0,69.0,75.0,101.0,351,716,892,847.0,811.0,734.0,739.0,707,723,727,812,854,848.0,825,697,656.0,528.0,439.0,265.0
55432,2017-12-30T00:00:00Z,2017,12,6,False,True,10988,183.0,139.0,105.0,92.0,93.0,129,234,324,395.0,514.0,648.0,651.0,751,774,783,737,665,707.0,775,684,460.0,483.0,361.0,301.0
55432,2017-12-23T00:00:00Z,2017,12,6,False,True,11891,244.0,163.0,135.0,114.0,122.0,171,395,501,608.0,721.0,764.0,818.0,870,785,827,859,697,561.0,536,507,401.0,410.0,375.0,307.0
55432,2017-12-16T00:00:00Z,2017,12,6,False,True,14204,324.0,196.0,164.0,139.0,119.0,197,423,685,738.0,898.0,941.0,986.0,903,908,886,787,745,743.0,763,617,536.0,517.0,515.0,474.0
55432,2017-11-02T00:00:00Z,2017,11,4,False,False,13507,115.0,69.0,61.0,57.0,101.0,302,767,853,849.0,787.0,685.0,677.0,719,723,743,800,861,913.0,910,701,614.0,525.0,421.0,254.0
55432,2017-11-06T00:00:00Z,2017,11,1,False,False,12362,107.0,61.0,46.0,46.0,84.0,278,635,854,850.0,747.0,685.0,679.0,694,662,668,746,791,909.0,810,573,508.0,451.0,290.0,188.0
55432,2017-12-21T00:00:00Z,2017,12,4,False,True,12821,130.0,86.0,64.0,46.0,82.0,339,688,747,763.0,730.0,682.0,777.0,728,803,682,747,800,832.0,761,617,550.0,461.0,430.0,276.0
55432,2017-12-09T00:00:00Z,2017,12,6,False,False,13353,335.0,186.0,139.0,135.0,106.0,218,469,623,689.0,792.0,782.0,741.0,842,830,815,809,786,691.0,703,587,524.0,550.0,537.0,464.0
55432,2017-12-08T00:00:00Z,2017,12,5,False,False,13795,204.0,94.0,68.0,65.0,87.0,325,749,831,827.0,758.0,715.0,767.0,692,794,775,801,866,910.0,812,701,529.0,501.0,511.0,413.0
55432,2017-12-19T00:00:00Z,2017,12,2,False,True,13288,95.0,55.0,52.0,50.0,82.0,359,715,778,797.0,780.0,734.0,800.0,810,742,703,767,872,992.0,904,692,467.0,437.0,353.0,252.0
55432,2017-12-27T00:00:00Z,2017,12,3,False,True,10068,130.0,59.0,49.0,49.0,75.0,182,325,403,469.0,646.0,648.0,729.0,738,740,682,657,625,609.0,558,454,396.0,337.0,303.0,205.0
55432,2017-11-12T00:00:00Z,2017,11,7,False,False,12455,349.0,229.0,173.0,185.0,140.0,157,258,384,541.0,737.0,784.0,859.0,968,876,893,814,725,738.0,691,534,473.0,428.0,338.0,181.0
55432,2017-01-02T00:00:00Z,2017,1,1,False,True,10357,155.0,92.0,53.0,47.0,70.0,151,219,266,377.0,527.0,657.0,753.0,839,852,828,734,672,670.0,579,477,434.0,411.0,291.0,203.0
55432,2017-01-01T00:00:00Z,2017,1,7,True,True,10260,392.0,580.0,532.0,317.0,199.0,199,213,200,252.0,304.0,447.0,614.0,719,686,733,629,524,529.0,525,397,386.0,395.0,303.0,185.0
55432,2017-01-10T00:00:00Z,2017,1,2,False,True,12026,119.0,67.0,45.0,48.0,80.0,335,627,649,700.0,717.0,600.0,710.0,720,733,667,666,682,935.0,786,640,502.0,469.0,333.0,196.0
55432,2017-01-12T00:00:00Z,2017,1,4,False,True,12906,213.0,82.0,72.0,56.0,80.0,349,623,712,726.0,738.0,702.0,731.0,724,699,731,732,766,893.0,828,660,552.0,542.0,420.0,275.0
55432,2017-01-16T00:00:00Z,2017,1,1,False,True,12404,115.0,72.0,64.0,52.0,81.0,423,693,646,715.0,724.0,670.0,758.0,742,714,690,728,777,811.0,841,556,513.0,461.0,287.0,271.0
55432,2017-01-04T00:00:00Z,2017,1,3,False,True,12363,115.0,55.0,65.0,54.0,102.0,336,574,605,686.0,832.0,889.0,796.0,858,692,731,716,733,759.0,663,582,444.0,431.0,353.0,292.0
55432,2017-01-05T00:00:00Z,2017,1,4,False,True,12423,144.0,69.0,75.0,59.0,98.0,369,582,634,729.0,747.0,818.0,758.0,764,756,697,695,721,832.0,664,619,495.0,465.0,338.0,295.0
55432,2017-01-07T00:00:00Z,2017,1,6,False,True,13303,241.0,143.0,143.0,105.0,120.0,213,402,479,664.0,801.0,886.0,876.0,930,890,827,846,824,713.0,700,588,535.0,471.0,482.0,424.0
55432,2017-01-17T00:00:00Z,2017,1,2,False,True,13369,137.0,78.0,51.0,49.0,97.0,420,717,732,753.0,916.0,709.0,755.0,751,773,677,768,795,907.0,890,659,634.0,518.0,381.0,202.0
55432,2017-01-18T00:00:00Z,2017,1,3,False,True,13257,122.0,69.0,47.0,45.0,90.0,413,716,730,699.0,785.0,797.0,721.0,765,786,749,760,796,870.0,794,656,643.0,566.0,373.0,265.0
55432,2017-01-19T00:00:00Z,2017,1,4,False,True,13650,117.0,74.0,51.0,43.0,99.0,398,725,778,771.0,725.0,679.0,741.0,719,750,697,770,815,884.0,855,893,718.0,586.0,457.0,305.0
55432,2017-01-03T00:00:00Z,2017,1,2,False,True,11923,107.0,69.0,64.0,57.0,98.0,332,518,573,744.0,853.0,821.0,769.0,752,783,708,643,712,755.0,673,513,475.0,383.0,283.0,238.0
55432,2017-01-09T00:00:00Z,2017,1,1,False,True,12955,129.0,75.0,54.0,45.0,94.0,335,598,662,675.0,741.0,744.0,769.0,836,736,702,735,804,954.0,920,684,509.0,428.0,381.0,345.0
55432,2017-01-11T00:00:00Z,2017,1,3,False,True,13554,112.0,49.0,65.0,36.0,86.0,367,629,683,780.0,826.0,790.0,802.0,807,790,771,708,865,967.0,933,719,582.0,515.0,392.0,280.0
55432,2017-01-13T00:00:00Z,2017,1,5,False,True,13507,153.0,63.0,68.0,56.0,87.0,345,679,674,724.0,746.0,801.0,797.0,822,768,728,822,733,853.0,786,688,623.0,508.0,548.0,435.0
55432,2017-10-31T00:00:00Z,2017,10,2,False,False,12645,65.0,49.0,40.0,44.0,91.0,331,707,793,850.0,743.0,681.0,672.0,644,619,642,799,897,892.0,851,678,523.0,493.0,355.0,186.0
55432,2017-01-06T00:00:00Z,2017,1,5,False,True,12461,156.0,83.0,71.0,60.0,88.0,333,532,613,638.0,688.0,704.0,745.0,784,794,755,769,750,773.0,681,620,528.0,494.0,422.0,380.0
55432,2017-01-08T00:00:00Z,2017,1,7,False,True,12851,295.0,150.0,144.0,107.0,111.0,126,262,364,525.0,768.0,896.0,936.0,1097,1036,958,801,756,659.0,688,628,523.0,452.0,353.0,216.0
55432,2017-01-14T00:00:00Z,2017,1,6,False,True,14701,317.0,178.0,122.0,104.0,106.0,230,475,614,783.0,748.0,886.0,938.0,1049,1057,986,982,1029,821.0,633,696,586.0,525.0,417.0,419.0
55432,2017-01-15T00:00:00Z,2017,1,7,False,True,12015,283.0,186.0,156.0,124.0,121.0,166,257,378,493.0,695.0,737.0,758.0,898,794,826,848,756,747.0,764,582,517.0,402.0,341.0,186.0
55432,2018-01-13T00:00:00Z,2018,1,6,False,True,13543,209.0,152.0,118.0,99.0,89.0,197,419,491,642.0,738.0,799.0,903.0,916,931,926,868,857,853.0,833,675,525.0,435.0,516.0,352.0
55432,2018-06-10T00:00:00Z,2018,6,7,False,False,10052,286.0,215.0,168.0,137.0,120.0,99,208,247,367.0,524.0,585.0,647.0,669,712,683,717,658,604.0,478,429,413.0,425.0,387.0,274.0
55432,2018-10-08T00:00:00Z,2018,10,1,False,True,11586,88.0,50.0,39.0,53.0,83.0,301,694,685,763.0,842.0,652.0,662.0,592,625,575,741,750,760.0,801,529,493.0,373.0,264.0,171.0
55432,2018-10-25T00:00:00Z,2018,10,4,False,False,13579,110.0,67.0,44.0,38.0,103.0,371,736,862,849.0,804.0,797.0,681.0,732,667,693,796,840,956.0,897,674,603.0,565.0,446.0,248.0
55432,2018-09-22T00:00:00Z,2018,9,6,False,False,13767,306.0,167.0,133.0,113.0,92.0,210,500,540,665.0,787.0,747.0,772.0,837,882,872,806,856,897.0,866,688,508.0,555.0,509.0,459.0
55432,2018-02-14T00:00:00Z,2018,2,3,False,False,13174,106.0,53.0,40.0,49.0,82.0,362,718,863,828.0,741.0,806.0,682.0,653,673,713,823,846,938.0,731,715,635.0,474.0,442.0,201.0
55432,2018-05-31T00:00:00Z,2018,5,4,False,False,13725,160.0,106.0,87.0,87.0,172.0,316,761,871,933.0,834.0,724.0,730.0,665,656,702,739,897,799.0,783,686,651.0,516.0,474.0,376.0
55432,2018-08-20T00:00:00Z,2018,8,1,False,False,11671,78.0,31.0,56.0,43.0,80.0,293,665,818,841.0,777.0,606.0,603.0,637,683,607,717,784,860.0,733,550,461.0,398.0,215.0,135.0
55432,2018-06-24T00:00:00Z,2018,6,7,False,False,11335,400.0,213.0,193.0,162.0,140.0,128,231,286,436.0,731.0,794.0,762.0,806,843,747,763,735,602.0,601,386,347.0,320.0,397.0,312.0
55432,2018-07-30T00:00:00Z,2018,7,1,False,False,11947,104.0,53.0,40.0,32.0,84.0,255,685,829,841.0,701.0,631.0,617.0,612,662,700,782,821,887.0,737,597,510.0,401.0,242.0,124.0
55432,2018-08-31T00:00:00Z,2018,8,5,False,False,13682,161.0,116.0,76.0,79.0,161.0,335,789,811,848.0,813.0,678.0,672.0,645,680,770,735,807,851.0,788,766,727.0,496.0,478.0,400.0
55432,2018-05-30T00:00:00Z,2018,5,3,False,False,12821,113.0,78.0,66.0,60.0,87.0,312,689,888,864.0,714.0,720.0,703.0,653,629,684,787,798,851.0,773,600,538.0,499.0,448.0,267.0
55432,2018-07-07T00:00:00Z,2018,7,6,False,True,12397,203.0,152.0,147.0,100.0,97.0,170,397,504,634.0,755.0,739.0,809.0,742,796,798,803,720,685.0,696,626,438.0,534.0,470.0,382.0
55432,2018-03-06T00:00:00Z,2018,3,2,False,False,12760,99.0,48.0,47.0,49.0,97.0,300,711,815,853.0,779.0,683.0,701.0,675,658,738,755,858,906.0,782,601,550.0,480.0,385.0,190.0
55432,2018-07-29T00:00:00Z,2018,7,7,False,False,11681,287.0,199.0,167.0,138.0,116.0,112,217,290,492.0,733.0,836.0,793.0,931,965,1016,955,738,597.0,501,438,396.0,386.0,246.0,132.0
55432,2018-09-19T00:00:00Z,2018,9,3,False,False,12739,,52.0,38.0,46.0,93.0,313,731,847,892.0,819.0,718.0,680.0,637,659,677,705,771,955.0,825,684,492.0,516.0,370.0,219.0
55432,2018-09-11T00:00:00Z,2018,9,2,False,False,12502,98.0,30.0,48.0,43.0,72.0,307,746,851,883.0,776.0,670.0,641.0,632,699,683,735,822,909.0,769,647,541.0,423.0,321.0,156.0
55432,2018-03-25T00:00:00Z,2018,3,7,False,False,13654,399.0,230.0,144.0,125.0,127.0,131,246,343,567.0,828.0,1001.0,1025.0,1026,978,884,769,830,873.0,788,667,568.0,434.0,381.0,290.0
55432,2018-09-04T00:00:00Z,2018,9,2,False,False,12369,83.0,56.0,73.0,58.0,167.0,286,737,745,654.0,765.0,631.0,648.0,638,633,665,770,831,956.0,849,686,505.0,449.0,328.0,156.0
55432,2018-06-08T00:00:00Z,2018,6,5,False,False,12780,189.0,104.0,104.0,97.0,147.0,302,709,865,866.0,764.0,661.0,677.0,665,691,701,769,742,766.0,725,553,464.0,437.0,435.0,347.0
55432,2018-08-28T00:00:00Z,2018,8,2,False,False,12780,113.0,65.0,72.0,67.0,127.0,316,739,840,845.0,833.0,629.0,657.0,619,626,703,783,784,887.0,763,648,531.0,461.0,438.0,234.0
55432,2018-06-23T00:00:00Z,2018,6,6,False,False,14118,256.0,240.0,125.0,107.0,94.0,156,402,648,741.0,839.0,895.0,880.0,918,895,831,776,893,873.0,794,737,489.0,567.0,494.0,468.0
55432,2018-01-01T00:00:00Z,2018,1,1,True,True,10584,348.0,517.0,475.0,316.0,180.0,231,190,256,261.0,424.0,593.0,736.0,797,820,728,679,565,467.0,500,441,322.0,323.0,251.0,164.0
55432,2018-07-17T00:00:00Z,2018,7,2,False,True,11810,61.0,39.0,40.0,50.0,87.0,265,717,752,800.0,704.0,744.0,653.0,648,651,606,705,780,817.0,721,562,500.0,413.0,332.0,163.0
55432,2018-10-07T00:00:00Z,2018,10,7,False,True,9636,255.0,219.0,,150.0,136.0,133,196,236,325.0,483.0,556.0,662.0,726,754,631,629,697,683.0,564,404,390.0,386.0,258.0,163.0
55432,2018-10-14T00:00:00Z,2018,10,7,False,True,10576,293.0,189.0,153.0,123.0,102.0,116,176,269,386.0,557.0,619.0,754.0,832,854,805,754,702,674.0,526,471,401.0,388.0,264.0,168.0
55432,2018-10-09T00:00:00Z,2018,10,2,False,True,12585,86.0,44.0,52.0,41.0,72.0,322,728,727,784.0,781.0,714.0,713.0,716,670,671,726,771,967.0,859,644,499.0,466.0,334.0,198.0
55432,2018-05-10T00:00:00Z,2018,5,4,False,False,13129,116.0,56.0,59.0,53.0,84.0,317,725,883,834.0,798.0,704.0,663.0,696,685,674,830,841,806.0,852,653,546.0,573.0,424.0,257.0
55432,2018-02-27T00:00:00Z,2018,2,2,False,False,13167,71.0,54.0,46.0,46.0,85.0,335,776,893,878.0,802.0,702.0,645.0,698,676,729,833,870,907.0,789,643,577.0,522.0,375.0,215.0
55432,2018-10-01T00:00:00Z,2018,10,1,True,True,10510,236.0,112.0,108.0,90.0,71.0,154,247,280,425.0,681.0,831.0,954.0,870,739,744,690,609,526.0,540,451,397.0,377.0,233.0,145.0
55432,2018-07-27T00:00:00Z,2018,7,5,False,False,12630,125.0,86.0,62.0,46.0,94.0,282,711,864,772.0,769.0,672.0,667.0,683,678,676,747,794,697.0,769,651,539.0,476.0,402.0,368.0
55432,2018-05-23T00:00:00Z,2018,5,3,False,False,13260,162.0,90.0,101.0,74.0,74.0,296,751,859,832.0,705.0,677.0,639.0,663,669,652,778,874,835.0,832,636,615.0,567.0,485.0,394.0
55432,2018-01-30T00:00:00Z,2018,1,2,False,False,12542,65.0,47.0,29.0,31.0,75.0,314,715,799,802.0,771.0,761.0,702.0,712,689,674,807,801,872.0,826,645,518.0,441.0,304.0,142.0
55432,2018-04-29T00:00:00Z,2018,4,7,False,True,11601,376.0,302.0,262.0,136.0,107.0,129,214,271,482.0,649.0,742.0,826.0,900,792,779,752,739,719.0,594,516,451.0,389.0,292.0,182.0
55432,2018-05-28T00:00:00Z,2018,5,1,False,False,12259,117.0,64.0,76.0,79.0,114.0,307,688,888,846.0,735.0,642.0,636.0,634,636,649,760,796,899.0,759,586,452.0,384.0,308.0,204.0
55432,2018-02-05T00:00:00Z,2018,2,1,False,False,12493,101.0,60.0,46.0,45.0,106.0,289,716,827,814.0,822.0,731.0,668.0,693,627,681,771,836,918.0,789,618,461.0,413.0,277.0,184.0
55432,2018-06-11T00:00:00Z,2018,6,1,True,False,9903,205.0,104.0,92.0,67.0,79.0,137,223,248,332.0,540.0,685.0,816.0,810,803,698,739,616,574.0,514,496,352.0,325.0,273.0,175.0
55432,2018-07-18T00:00:00Z,2018,7,3,False,True,11918,68.0,47.0,41.0,44.0,94.0,261,737,715,829.0,787.0,688.0,613.0,637,632,674,708,745,811.0,742,565,484.0,475.0,314.0,207.0
55432,2018-04-12T00:00:00Z,2018,4,4,False,False,13653,114.0,70.0,57.0,57.0,101.0,332,728,807,783.0,798.0,763.0,709.0,711,738,723,784,841,932.0,964,825,586.0,567.0,407.0,256.0
55432,2018-05-24T00:00:00Z,2018,5,4,False,False,13432,207.0,133.0,112.0,120.0,137.0,286,798,817,827.0,786.0,710.0,666.0,659,611,649,815,816,798.0,775,677,554.0,521.0,522.0,436.0
55432,2018-09-27T00:00:00Z,2018,9,4,False,False,13062,97.0,58.0,45.0,46.0,98.0,320,772,776,802.0,758.0,749.0,696.0,724,712,680,778,779,910.0,827,690,536.0,561.0,437.0,211.0
55432,2018-09-01T00:00:00Z,2018,9,6,False,False,13695,272.0,166.0,121.0,103.0,107.0,174,461,578,710.0,787.0,839.0,860.0,933,901,862,791,766,747.0,672,709,627.0,533.0,501.0,475.0
55432,2018-03-13T00:00:00Z,2018,3,2,False,False,12604,82.0,38.0,53.0,29.0,73.0,344,719,851,851.0,737.0,679.0,615.0,703,691,683,769,836,944.0,767,609,516.0,481.0,338.0,196.0
55432,2018-09-25T00:00:00Z,2018,9,2,False,False,12240,75.0,55.0,43.0,34.0,77.0,340,758,868,847.0,783.0,646.0,579.0,628,635,685,773,740,869.0,774,585,487.0,515.0,283.0,161.0
55432,2018-07-19T00:00:00Z,2018,7,4,False,True,12253,107.0,61.0,46.0,63.0,88.0,267,752,711,763.0,760.0,646.0,662.0,697,636,665,705,749,834.0,765,593,529.0,491.0,419.0,244.0
55432,2018-09-29T00:00:00Z,2018,9,6,False,True,14191,221.0,173.0,124.0,131.0,91.0,167,411,550,600.0,734.0,792.0,916.0,882,976,959,931,852,715.0,673,639,614.0,770.0,708.0,562.0
55432,2018-08-26T00:00:00Z,2018,8,7,False,False,10892,297.0,208.0,152.0,146.0,132.0,119,213,273,424.0,652.0,763.0,745.0,759,816,810,742,655,642.0,542,440,367.0,354.0,360.0,281.0
55432,2018-02-17T00:00:00Z,2018,2,6,False,False,15003,243.0,166.0,121.0,103.0,71.0,187,428,689,817.0,937.0,951.0,994.0,978,1067,1080,997,885,805.0,732,641,594.0,513.0,511.0,493.0
55432,2018-10-15T00:00:00Z,2018,10,1,False,False,11657,92.0,45.0,34.0,40.0,83.0,314,664,837,729.0,760.0,621.0,652.0,609,637,671,647,788,906.0,727,549,458.0,371.0,282.0,141.0
55432,2018-01-17T00:00:00Z,2018,1,3,False,True,12502,84.0,55.0,40.0,39.0,76.0,324,670,727,766.0,783.0,675.0,727.0,680,677,693,698,811,865.0,848,669,572.0,432.0,374.0,217.0
55432,2018-10-30T00:00:00Z,2018,10,2,False,False,13374,63.0,44.0,28.0,49.0,88.0,369,754,911,774.0,745.0,814.0,765.0,678,732,714,839,831,949.0,982,651,583.0,482.0,369.0,160.0
55432,2018-05-21T00:00:00Z,2018,5,1,False,False,11743,99.0,46.0,38.0,45.0,83.0,265,703,797,806.0,729.0,620.0,615.0,630,585,690,677,737,841.0,699,514,459.0,373.0,378.0,314.0
55432,2018-06-05T00:00:00Z,2018,6,2,False,False,11740,101.0,52.0,64.0,76.0,129.0,295,692,799,744.0,671.0,625.0,597.0,621,630,685,695,762,834.0,703,555,467.0,449.0,328.0,166.0
55432,2018-06-06T00:00:00Z,2018,6,3,False,False,12052,69.0,44.0,38.0,36.0,77.0,270,644,827,823.0,758.0,638.0,627.0,578,624,687,804,749,804.0,765,531,498.0,389.0,511.0,261.0
55432,2018-10-04T00:00:00Z,2018,10,4,False,True,12391,105.0,39.0,48.0,50.0,86.0,281,738,728,779.0,743.0,713.0,670.0,691,672,645,745,725,864.0,845,604,550.0,506.0,315.0,249.0
55432,2018-01-02T00:00:00Z,2018,1,2,False,True,10391,113.0,75.0,55.0,55.0,85.0,198,381,520,553.0,629.0,697.0,743.0,791,778,694,686,670,615.0,542,416,344.0,339.0,259.0,153.0
55432,2018-06-09T00:00:00Z,2018,6,6,False,False,11528,225.0,173.0,93.0,93.0,82.0,144,339,495,566.0,635.0,704.0,790.0,778,750,725,666,700,632.0,618,537,509.0,449.0,457.0,368.0
55432,2018-02-04T00:00:00Z,2018,2,7,False,False,12236,289.0,218.0,154.0,133.0,118.0,127,220,329,547.0,630.0,757.0,798.0,873,822,893,864,828,708.0,687,627,533.0,398.0,356.0,327.0
55432,2018-06-04T00:00:00Z,2018,6,1,False,False,11958,162.0,84.0,73.0,75.0,137.0,281,703,864,799.0,711.0,632.0,611.0,647,624,653,755,741,810.0,706,506,460.0,367.0,363.0,194.0
55432,2018-04-13T00:00:00Z,2018,4,5,False,False,13935,148.0,113.0,56.0,71.0,92.0,293,700,872,857.0,839.0,768.0,705.0,720,722,718,797,758,900.0,884,860,677.0,517.0,479.0,389.0
55432,2018-01-16T00:00:00Z,2018,1,2,False,True,11821,61.0,52.0,41.0,33.0,69.0,303,631,699,712.0,785.0,669.0,646.0,645,627,607,728,740,878.0,879,567,539.0,411.0,326.0,173.0
55432,2018-10-02T00:00:00Z,2018,10,2,False,True,12045,55.0,43.0,45.0,39.0,58.0,290,713,788,771.0,806.0,700.0,680.0,637,725,727,684,775,821.0,780,519,500.0,437.0,284.0,168.0
55432,2018-03-07T00:00:00Z,2018,3,3,False,False,13365,,51.0,41.0,41.0,89.0,332,787,914,866.0,768.0,750.0,675.0,731,692,758,804,843,946.0,868,726,561.0,542.0,377.0,203.0
55432,2018-03-27T00:00:00Z,2018,3,2,False,False,12897,69.0,37.0,41.0,58.0,95.0,344,659,916,853.0,739.0,737.0,683.0,692,714,690,800,832,856.0,787,620,548.0,510.0,395.0,222.0
55432,2018-10-31T00:00:00Z,2018,10,3,False,False,13993,78.0,39.0,44.0,56.0,94.0,380,847,936,869.0,816.0,855.0,750.0,688,764,804,829,855,962.0,833,653,576.0,605.0,408.0,252.0
55432,2018-04-10T00:00:00Z,2018,4,2,False,False,12708,64.0,48.0,52.0,41.0,89.0,338,744,871,875.0,720.0,707.0,655.0,659,656,709,755,799,907.0,881,665,556.0,537.0,318.0,62.0
55432,2018-08-27T00:00:00Z,2018,8,1,False,False,11874,157.0,78.0,65.0,87.0,116.0,278,684,804,810.0,781.0,643.0,617.0,536,631,598,746,755,877.0,724,514,459.0,384.0,337.0,193.0
55432,2018-06-30T00:00:00Z,2018,6,6,False,False,12367,289.0,156.0,142.0,107.0,111.0,151,418,473,622.0,687.0,817.0,734.0,826,795,824,764,723,694.0,585,550,510.0,456.0,536.0,397.0
55432,2018-10-18T00:00:00Z,2018,10,4,False,False,13240,110.0,52.0,42.0,47.0,86.0,328,757,770,832.0,831.0,718.0,673.0,717,684,723,824,822,853.0,835,738,562.0,535.0,428.0,273.0
55432,2018-05-27T00:00:00Z,2018,5,7,False,False,11251,347.0,198.0,169.0,132.0,142.0,125,257,375,497.0,687.0,741.0,759.0,828,800,786,706,707,589.0,552,468,408.0,372.0,349.0,257.0
55432,2018-07-03T00:00:00Z,2018,7,2,False,False,11362,60.0,36.0,68.0,43.0,77.0,276,666,794,757.0,700.0,577.0,552.0,594,547,643,705,742,785.0,767,602,490.0,417.0,281.0,183.0
55432,2018-06-29T00:00:00Z,2018,6,5,False,False,13118,126.0,76.0,75.0,53.0,103.0,279,681,803,785.0,758.0,685.0,618.0,653,676,704,756,756,851.0,746,661,798.0,525.0,462.0,488.0
55432,2018-07-04T00:00:00Z,2018,7,3,False,False,11999,78.0,45.0,42.0,48.0,106.0,284,688,807,775.0,778.0,674.0,589.0,602,623,625,752,691,832.0,807,630,600.0,460.0,304.0,159.0
55432,2018-02-03T00:00:00Z,2018,2,6,False,False,14197,267.0,137.0,122.0,102.0,76.0,183,361,567,680.0,772.0,844.0,806.0,821,817,846,868,963,927.0,1012,818,593.0,582.0,557.0,476.0
55432,2018-06-21T00:00:00Z,2018,6,4,False,False,12802,94.0,57.0,47.0,52.0,111.0,279,681,854,896.0,820.0,728.0,720.0,650,624,691,762,825,881.0,775,666,550.0,476.0,345.0,218.0
55432,2018-02-06T00:00:00Z,2018,2,2,False,False,12741,61.0,47.0,42.0,41.0,77.0,322,755,806,835.0,740.0,654.0,668.0,664,663,711,815,826,930.0,878,622,539.0,455.0,357.0,233.0
55432,2018-02-26T00:00:00Z,2018,2,1,False,False,12050,84.0,43.0,48.0,57.0,89.0,290,608,815,841.0,730.0,683.0,673.0,665,647,702,724,814,826.0,763,591,528.0,385.0,274.0,170.0
55432,2018-08-22T00:00:00Z,2018,8,3,False,False,12867,71.0,36.0,47.0,35.0,94.0,298,760,857,887.0,864.0,725.0,708.0,661,677,675,731,793,936.0,768,668,542.0,514.0,317.0,203.0
55432,2018-05-04T00:00:00Z,2018,5,5,False,False,13142,126.0,94.0,68.0,52.0,97.0,309,685,816,829.0,807.0,681.0,637.0,708,625,771,736,860,830.0,767,661,506.0,550.0,521.0,406.0
55432,2018-02-24T00:00:00Z,2018,2,6,False,False,15325,293.0,164.0,180.0,98.0,90.0,189,435,676,854.0,941.0,956.0,981.0,1063,1071,1008,887,883,810.0,799,731,584.0,542.0,586.0,504.0
55432,2018-10-26T00:00:00Z,2018,10,5,False,False,14170,145.0,60.0,66.0,56.0,103.0,369,789,822,869.0,811.0,760.0,665.0,724,730,807,789,817,941.0,832,878,632.0,514.0,485.0,506.0
55432,2018-04-18T00:00:00Z,2018,4,3,False,True,12697,89.0,57.0,39.0,41.0,89.0,309,700,762,832.0,820.0,800.0,704.0,691,678,646,777,774,763.0,826,607,497.0,516.0,390.0,290.0
55432,2018-08-07T00:00:00Z,2018,8,2,False,False,12547,61.0,37.0,42.0,28.0,63.0,305,723,826,908.0,705.0,680.0,684.0,618,656,698,759,765,937.0,828,661,534.0,490.0,328.0,211.0
55432,2018-02-13T00:00:00Z,2018,2,2,False,False,12938,76.0,41.0,44.0,36.0,84.0,338,736,854,816.0,703.0,684.0,628.0,654,621,662,751,797,982.0,952,735,640.0,502.0,375.0,227.0
55432,2018-08-08T00:00:00Z,2018,8,3,False,False,12741,93.0,44.0,52.0,38.0,87.0,299,735,842,828.0,804.0,708.0,719.0,658,637,715,735,821,883.0,834,614,532.0,546.0,352.0,165.0
55432,2018-04-05T00:00:00Z,2018,4,4,False,False,13034,97.0,60.0,63.0,47.0,105.0,304,753,809,809.0,802.0,691.0,713.0,700,681,704,709,875,844.0,835,679,583.0,497.0,428.0,246.0
55432,2018-06-26T00:00:00Z,2018,6,2,False,False,12070,107.0,46.0,49.0,53.0,88.0,308,689,811,861.0,750.0,644.0,610.0,554,623,622,698,878,795.0,771,661,513.0,453.0,323.0,163.0
55432,2018-03-05T00:00:00Z,2018,3,1,False,False,12461,102.0,50.0,48.0,51.0,94.0,313,713,851,834.0,805.0,676.0,636.0,673,644,733,758,830,921.0,798,569,502.0,389.0,275.0,196.0
55432,2018-03-03T00:00:00Z,2018,3,6,False,False,16583,336.0,187.0,145.0,131.0,115.0,193,457,644,877.0,900.0,932.0,977.0,889,929,954,864,917,997.0,967,840,741.0,813.0,914.0,864.0
55432,2018-02-16T00:00:00Z,2018,2,5,False,False,13315,114.0,69.0,53.0,56.0,96.0,346,737,796,840.0,757.0,762.0,686.0,711,707,746,770,799,837.0,803,668,560.0,481.0,506.0,415.0
55432,2018-09-08T00:00:00Z,2018,9,6,False,False,13416,201.0,148.0,107.0,96.0,81.0,168,405,554,670.0,701.0,804.0,843.0,850,932,905,1058,738,808.0,829,496,515.0,522.0,553.0,432.0
55432,2018-06-03T00:00:00Z,2018,6,7,False,False,11683,319.0,241.0,172.0,150.0,132.0,122,237,341,455.0,731.0,790.0,789.0,800,848,936,844,730,615.0,541,456,421.0,371.0,388.0,254.0
55432,2018-06-07T00:00:00Z,2018,6,4,False,False,13155,180.0,108.0,83.0,97.0,137.0,262,690,852,833.0,765.0,660.0,618.0,648,627,671,732,855,889.0,846,636,550.0,482.0,554.0,380.0
55432,2018-10-29T00:00:00Z,2018,10,1,False,False,11768,82.0,49.0,36.0,48.0,95.0,325,762,847,902.0,714.0,696.0,653.0,657,674,648,772,755,926.0,770,554,517.0,213.0,45.0,28.0
55432,2018-09-14T00:00:00Z,2018,9,5,False,False,13631,136.0,79.0,63.0,53.0,84.0,289,763,800,783.0,822.0,675.0,689.0,712,690,715,864,808,881.0,874,800,608.0,567.0,495.0,381.0
55432,2018-01-05T00:00:00Z,2018,1,5,False,True,13639,179.0,97.0,67.0,81.0,130.0,304,575,681,770.0,970.0,948.0,937.0,823,764,767,768,796,706.0,642,717,626.0,426.0,522.0,343.0
55432,2018-09-16T00:00:00Z,2018,9,7,False,False,13164,286.0,215.0,160.0,133.0,166.0,277,514,624,729.0,848.0,882.0,1072.0,994,963,831,815,736,714.0,562,483,376.0,347.0,294.0,143.0
55432,2018-04-22T00:00:00Z,2018,4,7,False,True,12028,296.0,211.0,231.0,155.0,141.0,164,242,334,485.0,674.0,741.0,866.0,856,799,838,767,710,668.0,692,663,466.0,414.0,348.0,267.0
55432,2018-08-12T00:00:00Z,2018,8,7,False,False,11320,293.0,161.0,123.0,126.0,146.0,186,320,429,588.0,714.0,780.0,731.0,785,789,780,725,656,634.0,585,464,466.0,388.0,282.0,169.0
55432,2018-07-24T00:00:00Z,2018,7,2,False,False,12671,67.0,29.0,47.0,42.0,83.0,285,737,835,841.0,750.0,663.0,609.0,578,620,656,732,795,825.0,882,762,658.0,477.0,417.0,281.0
55432,2018-01-26T00:00:00Z,2018,1,5,True,True,10740,258.0,157.0,118.0,97.0,92.0,175,298,415,474.0,577.0,674.0,819.0,616,772,752,676,612,504.0,567,448,408.0,444.0,423.0,364.0
55432,2018-02-11T00:00:00Z,2018,2,7,False,False,12627,473.0,255.0,147.0,143.0,112.0,141,279,370,549.0,675.0,821.0,808.0,870,895,808,805,739,753.0,727,674,524.0,407.0,342.0,310.0
55432,2018-09-26T00:00:00Z,2018,9,3,False,False,12885,79.0,33.0,36.0,39.0,86.0,317,782,898,796.0,777.0,648.0,645.0,642,632,644,739,801,885.0,791,751,615.0,562.0,399.0,288.0
55432,2018-09-24T00:00:00Z,2018,9,1,False,False,11670,72.0,44.0,35.0,44.0,85.0,287,696,785,818.0,762.0,610.0,585.0,650,624,634,768,805,897.0,751,581,428.0,358.0,230.0,121.0
55432,2018-03-23T00:00:00Z,2018,3,5,False,False,14096,128.0,69.0,81.0,60.0,85.0,310,680,882,807.0,822.0,718.0,703.0,735,731,740,875,761,873.0,826,696,630.0,517.0,682.0,685.0
55432,2018-10-19T00:00:00Z,2018,10,5,False,False,14067,129.0,62.0,61.0,64.0,92.0,326,816,840,913.0,791.0,689.0,804.0,698,662,772,836,781,919.0,861,762,679.0,500.0,523.0,487.0
55432,2018-05-06T00:00:00Z,2018,5,7,False,False,11895,383.0,223.0,146.0,143.0,106.0,165,221,320,515.0,730.0,809.0,844.0,863,912,916,842,673,695.0,613,503,446.0,398.0,271.0,158.0
55432,2018-08-09T00:00:00Z,2018,8,4,False,False,13546,103.0,44.0,41.0,48.0,92.0,300,784,845,840.0,811.0,680.0,712.0,669,719,744,798,896,731.0,921,821,622.0,578.0,522.0,225.0
55432,2018-10-21T00:00:00Z,2018,10,7,False,False,11588,283.0,194.0,161.0,148.0,99.0,140,253,350,487.0,701.0,766.0,829.0,933,884,835,806,768,622.0,583,511,393.0,365.0,324.0,153.0
55432,2018-05-02T00:00:00Z,2018,5,3,False,False,12866,84.0,60.0,47.0,51.0,89.0,328,802,900,908.0,791.0,704.0,642.0,657,640,656,801,842,818.0,761,611,582.0,552.0,331.0,209.0
55432,2018-07-26T00:00:00Z,2018,7,4,False,False,12765,112.0,77.0,53.0,51.0,88.0,287,792,844,888.0,806.0,693.0,595.0,676,661,693,711,807,861.0,750,700,546.0,494.0,366.0,214.0
55432,2018-02-20T00:00:00Z,2018,2,2,False,False,12772,79.0,53.0,50.0,44.0,83.0,325,720,898,865.0,727.0,664.0,682.0,677,615,664,797,764,897.0,859,663,555.0,512.0,342.0,237.0
55432,2018-10-05T00:00:00Z,2018,10,5,False,True,12458,103.0,48.0,55.0,55.0,70.0,298,636,754,728.0,767.0,714.0,681.0,674,666,683,731,860,916.0,675,408,505.0,472.0,505.0,454.0
55432,2018-05-05T00:00:00Z,2018,5,6,False,False,13637,,180.0,110.0,113.0,101.0,176,426,642,718.0,887.0,836.0,855.0,793,767,800,842,837,873.0,878,704,537.0,560.0,570.0,432.0
55432,2018-02-07T00:00:00Z,2018,2,3,False,False,13354,94.0,52.0,37.0,51.0,76.0,334,720,882,885.0,806.0,729.0,672.0,699,684,793,754,780,915.0,851,738,606.0,506.0,400.0,290.0
55432,2018-07-01T00:00:00Z,2018,7,7,False,False,11346,259.0,197.0,171.0,126.0,151.0,107,263,358,449.0,667.0,738.0,780.0,871,874,820,804,784,734.0,606,441,401.0,319.0,260.0,166.0
55432,2018-02-12T00:00:00Z,2018,2,1,False,False,12260,100.0,58.0,33.0,42.0,87.0,282,737,811,840.0,699.0,687.0,653.0,669,632,706,761,773,922.0,844,645,497.0,397.0,248.0,137.0
55432,2018-02-23T00:00:00Z,2018,2,5,False,False,14178,127.0,92.0,64.0,65.0,111.0,304,748,898,855.0,920.0,813.0,784.0,705,775,806,832,884,888.0,846,720,553.0,529.0,493.0,366.0
55432,2018-05-08T00:00:00Z,2018,5,2,False,False,12560,81.0,42.0,45.0,40.0,90.0,301,765,818,814.0,771.0,672.0,655.0,655,590,697,759,860,872.0,834,620,550.0,491.0,352.0,186.0
55432,2018-09-15T00:00:00Z,2018,9,6,False,False,13932,280.0,172.0,106.0,91.0,99.0,227,454,603,764.0,863.0,986.0,992.0,917,1023,925,716,711,724.0,737,606,479.0,481.0,539.0,437.0
55432,2018-01-31T00:00:00Z,2018,1,3,False,False,12356,91.0,36.0,34.0,44.0,102.0,334,665,773,814.0,758.0,664.0,657.0,668,605,662,728,821,825.0,867,602,599.0,434.0,361.0,212.0
55432,2018-03-22T00:00:00Z,2018,3,4,False,False,13620,113.0,65.0,48.0,52.0,96.0,316,688,797,833.0,793.0,726.0,683.0,700,697,704,774,901,928.0,867,795,676.0,592.0,492.0,284.0
55432,2018-10-27T00:00:00Z,2018,10,6,False,False,14949,270.0,151.0,130.0,117.0,101.0,221,519,660,771.0,853.0,894.0,988.0,1033,954,908,889,876,870.0,937,913,473.0,565.0,448.0,408.0
55432,2018-02-21T00:00:00Z,2018,2,3,False,False,13307,105.0,43.0,39.0,43.0,90.0,335,762,880,830.0,788.0,754.0,671.0,703,705,725,811,801,889.0,811,654,626.0,532.0,408.0,302.0
55432,2018-05-15T00:00:00Z,2018,5,2,False,False,12680,76.0,60.0,50.0,35.0,87.0,305,728,926,823.0,741.0,626.0,652.0,641,632,721,815,825,807.0,807,652,584.0,504.0,364.0,219.0
55432,2018-07-09T00:00:00Z,2018,7,1,False,True,11232,95.0,67.0,68.0,74.0,80.0,286,621,692,689.0,725.0,621.0,602.0,573,619,631,720,734,799.0,695,516,432.0,363.0,333.0,197.0
55432,2018-04-08T00:00:00Z,2018,4,7,False,False,12083,357.0,205.0,163.0,172.0,111.0,134,250,367,545.0,768.0,789.0,898.0,918,905,817,778,746,712.0,688,526,413.0,404.0,269.0,148.0
55432,2018-09-09T00:00:00Z,2018,9,7,False,False,12355,298.0,221.0,160.0,167.0,126.0,147,253,337,522.0,755.0,919.0,878.0,986,1014,916,834,765,696.0,610,507,425.0,390.0,265.0,164.0
55432,2018-10-22T00:00:00Z,2018,10,1,False,False,11910,74.0,48.0,41.0,42.0,87.0,309,707,822,814.0,777.0,723.0,639.0,624,673,680,705,744,871.0,731,592,438.0,405.0,242.0,122.0
55432,2018-10-10T00:00:00Z,2018,10,3,False,True,12180,76.0,64.0,62.0,47.0,98.0,296,690,764,772.0,772.0,693.0,654.0,635,666,641,652,745,877.0,765,613,507.0,467.0,377.0,247.0
55432,2018-01-03T00:00:00Z,2018,1,3,False,True,11303,77.0,52.0,45.0,42.0,70.0,226,453,532,592.0,651.0,688.0,657.0,685,616,708,689,742,810.0,755,717,505.0,406.0,349.0,236.0
55432,2018-08-25T00:00:00Z,2018,8,6,False,False,13013,253.0,167.0,128.0,104.0,77.0,176,405,478,624.0,723.0,699.0,790.0,697,811,792,739,872,948.0,917,659,503.0,526.0,500.0,425.0
55432,2018-09-06T00:00:00Z,2018,9,4,False,False,13059,101.0,58.0,44.0,51.0,88.0,326,724,835,865.0,784.0,686.0,709.0,675,670,740,822,866,887.0,810,683,527.0,499.0,393.0,216.0
55432,2018-03-31T00:00:00Z,2018,3,6,False,False,11526,176.0,118.0,76.0,64.0,57.0,132,300,411,532.0,706.0,830.0,856.0,820,846,760,795,804,666.0,586,499,428.0,418.0,358.0,288.0
55432,2018-10-23T00:00:00Z,2018,10,2,False,False,13401,82.0,49.0,48.0,48.0,91.0,320,760,863,889.0,892.0,803.0,814.0,736,765,698,729,817,986.0,827,659,553.0,511.0,298.0,163.0
55432,2018-02-08T00:00:00Z,2018,2,4,False,False,13354,113.0,66.0,61.0,45.0,83.0,333,713,837,838.0,775.0,733.0,730.0,641,672,702,828,843,1012.0,845,724,629.0,504.0,369.0,258.0
55432,2018-06-14T00:00:00Z,2018,6,4,False,False,13922,235.0,152.0,136.0,98.0,192.0,284,721,898,855.0,834.0,677.0,694.0,648,652,694,812,829,829.0,826,730,559.0,542.0,575.0,450.0
55432,2018-07-16T00:00:00Z,2018,7,1,False,True,11171,92.0,43.0,60.0,117.0,102.0,258,667,747,747.0,743.0,623.0,605.0,603,628,599,621,753,801.0,700,530,426.0,312.0,245.0,149.0
55432,2018-04-28T00:00:00Z,2018,4,6,False,True,12936,236.0,157.0,96.0,74.0,97.0,161,368,433,616.0,671.0,731.0,685.0,795,827,865,776,833,815.0,850,777,594.0,575.0,523.0,381.0
55432,2018-01-06T00:00:00Z,2018,1,6,False,True,13347,225.0,170.0,95.0,90.0,127.0,235,453,656,772.0,989.0,1001.0,985.0,956,908,802,759,693,617.0,524,533,482.0,494.0,407.0,374.0
55432,2018-05-14T00:00:00Z,2018,5,1,False,False,12042,62.0,50.0,36.0,34.0,88.0,270,637,809,827.0,754.0,681.0,658.0,623,656,659,734,825,838.0,801,611,495.0,412.0,293.0,189.0
55432,2018-04-23T00:00:00Z,2018,4,1,False,True,11879,108.0,50.0,51.0,54.0,88.0,337,660,756,815.0,781.0,764.0,698.0,671,616,636,693,754,843.0,712,574,446.0,354.0,262.0,156.0
55432,2018-03-15T00:00:00Z,2018,3,4,False,False,14170,119.0,81.0,61.0,58.0,95.0,322,741,796,912.0,846.0,846.0,774.0,769,827,763,831,894,902.0,739,640,693.0,524.0,481.0,456.0
55432,2018-05-13T00:00:00Z,2018,5,7,False,False,10768,330.0,227.0,155.0,136.0,113.0,124,191,301,395.0,632.0,702.0,728.0,798,714,753,801,733,680.0,589,475,409.0,429.0,236.0,117.0
55432,2018-05-12T00:00:00Z,2018,5,6,False,False,12811,286.0,150.0,128.0,143.0,146.0,154,374,595,721.0,782.0,738.0,829.0,752,791,767,748,703,726.0,664,689,549.0,450.0,523.0,403.0
55432,2018-05-07T00:00:00Z,2018,5,1,False,False,12154,103.0,46.0,43.0,57.0,89.0,256,715,768,892.0,794.0,674.0,637.0,619,649,659,751,806,865.0,806,586,530.0,412.0,245.0,152.0
55432,2018-08-06T00:00:00Z,2018,8,1,False,False,11816,74.0,51.0,42.0,34.0,87.0,291,688,786,816.0,733.0,693.0,615.0,651,653,727,713,762,888.0,781,581,447.0,325.0,253.0,125.0
55432,2018-03-26T00:00:00Z,2018,3,1,False,False,12912,102.0,65.0,55.0,54.0,93.0,265,684,828,894.0,736.0,726.0,713.0,664,697,717,774,861,991.0,765,679,559.0,420.0,320.0,250.0
55432,2018-04-30T00:00:00Z,2018,4,1,False,True,11695,71.0,60.0,41.0,46.0,90.0,267,705,750,742.0,749.0,628.0,652.0,612,605,643,736,824,898.0,712,574,461.0,392.0,251.0,186.0
55432,2018-09-02T00:00:00Z,2018,9,7,False,False,10777,262.0,183.0,162.0,130.0,111.0,126,220,303,421.0,592.0,673.0,675.0,732,769,743,711,706,646.0,595,488,425.0,390.0,435.0,279.0
55432,2018-07-20T00:00:00Z,2018,7,5,False,True,12234,109.0,62.0,61.0,50.0,89.0,267,677,738,713.0,801.0,725.0,661.0,716,738,647,735,767,784.0,706,520,490.0,408.0,418.0,352.0
55432,2018-06-13T00:00:00Z,2018,6,3,False,False,12577,130.0,76.0,75.0,86.0,142.0,286,684,897,863.0,754.0,634.0,650.0,681,628,634,719,824,611.0,654,620,489.0,483.0,499.0,458.0
55432,2018-01-14T00:00:00Z,2018,1,7,False,True,10839,245.0,201.0,147.0,135.0,124.0,138,198,289,413.0,597.0,659.0,732.0,829,806,763,752,736,700.0,603,452,420.0,388.0,310.0,202.0
55432,2018-03-20T00:00:00Z,2018,3,2,False,False,13227,79.0,42.0,57.0,50.0,101.0,335,696,906,865.0,805.0,745.0,673.0,700,699,651,796,901,960.0,860,674,543.0,533.0,358.0,198.0
55432,2018-08-05T00:00:00Z,2018,8,7,False,False,12209,334.0,187.0,167.0,149.0,105.0,127,248,353,627.0,915.0,932.0,1027.0,866,970,877,805,647,635.0,608,485,405.0,372.0,250.0,118.0
55432,2018-09-03T00:00:00Z,2018,9,1,False,False,12001,159.0,76.0,64.0,102.0,110.0,314,713,767,857.0,736.0,622.0,609.0,573,586,684,664,810,832.0,787,601,465.0,354.0,322.0,194.0
55432,2018-03-04T00:00:00Z,2018,3,7,False,False,14749,810.0,836.0,695.0,475.0,425.0,379,464,601,614.0,727.0,770.0,794.0,811,865,760,791,749,686.0,608,530,453.0,432.0,284.0,190.0
55432,2018-04-03T00:00:00Z,2018,4,2,False,False,11713,64.0,42.0,26.0,33.0,72.0,297,725,819,779.0,736.0,587.0,585.0,585,593,669,728,833,899.0,720,533,470.0,412.0,334.0,172.0
55432,2018-09-30T00:00:00Z,2018,9,7,False,True,10919,280.0,173.0,140.0,115.0,111.0,121,222,306,440.0,626.0,693.0,743.0,796,742,764,727,655,665.0,483,436,357.0,391.0,491.0,442.0
55432,2018-05-09T00:00:00Z,2018,5,3,False,False,12854,94.0,46.0,38.0,58.0,89.0,303,686,891,845.0,768.0,707.0,644.0,651,685,664,758,886,886.0,818,678,516.0,511.0,419.0,213.0
55432,2018-05-20T00:00:00Z,2018,5,7,False,False,11839,342.0,239.0,177.0,152.0,141.0,142,263,341,514.0,714.0,819.0,810.0,848,875,845,786,792,663.0,589,504,402.0,399.0,323.0,159.0
55432,2018-01-12T00:00:00Z,2018,1,5,False,True,12432,161.0,61.0,52.0,51.0,87.0,285,591,657,708.0,730.0,721.0,720.0,694,697,759,811,752,798.0,715,653,510.0,467.0,426.0,326.0
55432,2018-03-11T00:00:00Z,2018,3,7,False,False,12892,348.0,255.0,195.0,150.0,124.0,149,248,358,605.0,728.0,888.0,957.0,1000,922,856,868,769,811.0,684,539,522.0,450.0,289.0,177.0
55432,2018-02-18T00:00:00Z,2018,2,7,False,False,12810,341.0,211.0,166.0,133.0,106.0,144,233,442,561.0,707.0,824.0,934.0,910,941,915,874,876,787.0,701,559,501.0,451.0,307.0,186.0
55432,2018-07-05T00:00:00Z,2018,7,4,False,False,12938,79.0,57.0,54.0,60.0,114.0,273,696,821,788.0,771.0,642.0,642.0,676,661,640,707,844,963.0,996,725,505.0,524.0,449.0,251.0
55432,2018-04-02T00:00:00Z,2018,4,1,True,False,11194,309.0,222.0,71.0,51.0,66.0,152,289,387,522.0,781.0,875.0,888.0,856,880,765,662,626,592.0,483,420,429.0,362.0,322.0,184.0
55432,2018-06-18T00:00:00Z,2018,6,1,False,False,11732,78.0,48.0,39.0,68.0,75.0,308,662,852,816.0,764.0,650.0,591.0,654,632,675,714,760,843.0,720,555,459.0,368.0,260.0,141.0
55432,2018-10-11T00:00:00Z,2018,10,4,False,True,12611,91.0,54.0,53.0,47.0,84.0,317,724,787,788.0,775.0,700.0,655.0,701,698,656,736,863,822.0,807,595,514.0,456.0,408.0,280.0
55432,2018-06-27T00:00:00Z,2018,6,3,False,False,11818,82.0,61.0,88.0,61.0,97.0,268,677,805,809.0,727.0,602.0,568.0,584,623,640,691,736,804.0,782,592,479.0,548.0,338.0,156.0
55432,2018-08-29T00:00:00Z,2018,8,3,False,False,13212,119.0,74.0,69.0,66.0,148.0,306,782,857,885.0,795.0,659.0,708.0,675,640,689,764,801,898.0,810,624,542.0,550.0,489.0,262.0
55432,2018-03-28T00:00:00Z,2018,3,3,False,False,13165,88.0,52.0,33.0,44.0,102.0,329,707,877,911.0,770.0,760.0,705.0,678,659,668,751,837,880.0,842,666,604.0,568.0,405.0,229.0
55432,2018-08-18T00:00:00Z,2018,8,6,False,False,13181,239.0,172.0,113.0,116.0,83.0,159,455,641,769.0,869.0,979.0,895.0,740,769,812,753,756,721.0,589,564,528.0,448.0,517.0,494.0
55432,2018-10-16T00:00:00Z,2018,10,2,False,False,12422,80.0,45.0,31.0,37.0,82.0,318,719,853,828.0,747.0,682.0,618.0,643,701,699,749,761,922.0,790,614,529.0,485.0,321.0,168.0
55432,2018-08-30T00:00:00Z,2018,8,4,False,False,13315,123.0,101.0,77.0,82.0,111.0,324,743,846,881.0,667.0,666.0,734.0,683,672,676,770,844,861.0,769,709,551.0,534.0,607.0,284.0
55432,2018-08-21T00:00:00Z,2018,8,2,False,False,12152,63.0,45.0,36.0,49.0,79.0,310,712,823,820.0,732.0,633.0,652.0,620,678,658,812,798,818.0,791,625,514.0,461.0,286.0,137.0
55432,2018-08-10T00:00:00Z,2018,8,5,False,False,13140,116.0,50.0,36.0,58.0,90.0,301,757,842,913.0,877.0,740.0,676.0,675,705,742,808,891,826.0,652,645,455.0,454.0,437.0,394.0
55432,2018-01-20T00:00:00Z,2018,1,6,False,True,14264,237.0,164.0,118.0,90.0,96.0,220,422,605,725.0,825.0,974.0,949.0,983,977,931,880,813,812.0,834,727,531.0,465.0,432.0,454.0
55432,2018-07-10T00:00:00Z,2018,7,2,False,True,11774,98.0,65.0,51.0,50.0,109.0,258,697,719,830.0,746.0,649.0,631.0,617,615,572,615,739,835.0,741,550,472.0,459.0,434.0,222.0
55432,2018-07-22T00:00:00Z,2018,7,7,False,True,11557,335.0,204.0,152.0,122.0,112.0,116,237,309,475.0,663.0,740.0,779.0,848,884,823,645,785,600.0,632,568,553.0,409.0,283.0,283.0
55432,2018-03-12T00:00:00Z,2018,3,1,False,False,12535,97.0,68.0,48.0,55.0,82.0,280,729,835,906.0,790.0,732.0,661.0,688,653,657,796,808,937.0,753,611,513.0,407.0,275.0,154.0
55432,2018-05-26T00:00:00Z,2018,5,6,False,False,13144,275.0,180.0,126.0,96.0,103.0,146,431,665,840.0,914.0,892.0,908.0,854,838,815,763,722,652.0,621,545,497.0,394.0,468.0,399.0
55432,2018-01-04T00:00:00Z,2018,1,4,False,True,12490,112.0,77.0,49.0,65.0,128.0,335,570,687,768.0,871.0,800.0,684.0,769,666,688,760,777,680.0,629,575,601.0,453.0,391.0,355.0
55432,2018-02-25T00:00:00Z,2018,2,7,False,False,12252,333.0,225.0,179.0,146.0,112.0,131,245,416,572.0,716.0,871.0,912.0,858,860,776,815,645,887.0,697,498,435.0,399.0,316.0,208.0
55432,2018-08-02T00:00:00Z,2018,8,4,False,False,12861,98.0,59.0,49.0,42.0,88.0,288,735,819,877.0,752.0,701.0,651.0,689,674,672,804,865,854.0,822,633,577.0,538.0,365.0,209.0
55432,2018-02-15T00:00:00Z,2018,2,4,False,False,13209,102.0,63.0,45.0,49.0,93.0,312,713,817,800.0,756.0,721.0,671.0,721,704,772,752,788,888.0,885,685,611.0,578.0,462.0,221.0
55432,2018-09-23T00:00:00Z,2018,9,7,False,False,11055,274.0,206.0,158.0,133.0,116.0,144,259,300,475.0,652.0,754.0,831.0,824,839,805,682,769,627.0,552,435,470.0,370.0,246.0,134.0
55432,2018-08-11T00:00:00Z,2018,8,6,False,False,14126,256.0,145.0,132.0,87.0,102.0,184,474,641,787.0,878.0,971.0,874.0,888,891,829,812,766,754.0,652,660,724.0,563.0,467.0,589.0
55432,2018-06-01T00:00:00Z,2018,6,5,False,False,13755,191.0,115.0,92.0,76.0,142.0,303,693,855,841.0,798.0,719.0,656.0,705,651,740,881,840,931.0,897,815,482.0,480.0,488.0,364.0
55432,2018-08-23T00:00:00Z,2018,8,4,False,False,13127,92.0,50.0,53.0,38.0,93.0,316,769,833,849.0,879.0,742.0,707.0,662,693,778,786,828,853.0,826,634,501.0,502.0,388.0,255.0
55432,2018-01-10T00:00:00Z,2018,1,3,False,True,11708,103.0,48.0,48.0,57.0,59.0,283,636,658,771.0,734.0,645.0,652.0,643,644,637,694,771,854.0,789,569,461.0,434.0,302.0,216.0
55432,2018-09-28T00:00:00Z,2018,9,5,False,False,13143,131.0,67.0,42.0,53.0,85.0,332,813,853,843.0,717.0,769.0,757.0,713,781,738,774,772,793.0,660,609,494.0,554.0,430.0,363.0
55432,2018-04-15T00:00:00Z,2018,4,7,False,True,11560,323.0,237.0,133.0,138.0,121.0,144,252,353,577.0,747.0,795.0,868.0,823,848,754,730,726,662.0,591,506,419.0,387.0,273.0,153.0
55432,2018-09-12T00:00:00Z,2018,9,3,False,False,13444,72.0,46.0,40.0,31.0,83.0,316,767,898,878.0,794.0,765.0,776.0,755,737,743,830,858,934.0,847,676,603.0,521.0,310.0,164.0
55432,2018-03-08T00:00:00Z,2018,3,4,False,False,13725,108.0,84.0,50.0,39.0,109.0,383,761,871,843.0,769.0,739.0,707.0,756,705,723,882,885,899.0,905,649,567.0,569.0,476.0,246.0
55432,2018-10-20T00:00:00Z,2018,10,6,False,False,13511,251.0,172.0,122.0,96.0,102.0,186,530,669,755.0,890.0,940.0,969.0,956,992,876,741,727,719.0,556,604,466.0,416.0,393.0,383.0
55432,2018-01-07T00:00:00Z,2018,1,7,False,True,12601,247.0,164.0,110.0,115.0,115.0,182,334,536,796.0,965.0,1071.0,903.0,878,784,680,746,738,782.0,629,531,424.0,400.0,280.0,191.0
55432,2018-06-02T00:00:00Z,2018,6,6,False,False,13046,263.0,178.0,141.0,97.0,94.0,173,403,632,730.0,882.0,820.0,823.0,789,882,871,769,814,666.0,596,601,507.0,454.0,489.0,372.0
55432,2018-06-15T00:00:00Z,2018,6,5,False,False,14310,306.0,180.0,132.0,156.0,139.0,285,731,883,873.0,782.0,696.0,644.0,670,691,758,753,863,948.0,970,980,531.0,490.0,483.0,366.0
55432,2018-04-20T00:00:00Z,2018,4,5,False,True,13827,115.0,65.0,46.0,57.0,81.0,319,704,746,775.0,835.0,748.0,691.0,774,742,679,823,954,946.0,866,820,571.0,513.0,547.0,410.0
55432,2018-04-11T00:00:00Z,2018,4,3,False,False,12900,77.0,46.0,52.0,59.0,91.0,340,748,883,859.0,768.0,823.0,655.0,670,644,663,782,839,811.0,755,661,547.0,534.0,379.0,214.0
55432,2018-03-30T00:00:00Z,2018,3,5,True,False,11432,262.0,158.0,142.0,110.0,110.0,161,292,336,457.0,742.0,868.0,893.0,956,791,771,687,598,555.0,596,466,415.0,433.0,349.0,284.0
55432,2018-04-16T00:00:00Z,2018,4,1,False,True,11971,95.0,71.0,49.0,58.0,89.0,313,661,741,784.0,815.0,628.0,691.0,628,734,683,709,794,811.0,754,579,497.0,400.0,235.0,152.0
55432,2018-08-16T00:00:00Z,2018,8,4,False,False,13299,97.0,65.0,45.0,49.0,98.0,308,733,829,840.0,819.0,756.0,687.0,701,705,711,816,809,918.0,892,652,552.0,561.0,418.0,238.0
55432,2018-08-13T00:00:00Z,2018,8,1,False,False,11909,91.0,73.0,43.0,50.0,104.0,276,698,853,812.0,780.0,645.0,619.0,640,653,652,698,774,906.0,730,605,472.0,381.0,227.0,127.0
55432,2018-06-16T00:00:00Z,2018,6,6,False,False,12708,243.0,145.0,118.0,91.0,97.0,153,462,656,819.0,800.0,887.0,813.0,837,798,819,786,745,662.0,576,562,382.0,371.0,513.0,373.0
55432,2018-09-07T00:00:00Z,2018,9,5,False,False,12728,100.0,63.0,62.0,51.0,83.0,292,744,805,827.0,785.0,701.0,682.0,698,699,738,738,782,800.0,681,674,526.0,483.0,408.0,306.0
55432,2018-03-14T00:00:00Z,2018,3,3,False,False,13031,68.0,58.0,38.0,43.0,82.0,298,668,791,861.0,817.0,768.0,665.0,702,686,765,800,679,894.0,780,718,583.0,583.0,425.0,259.0
55432,2018-03-02T00:00:00Z,2018,3,5,False,False,13842,139.0,71.0,65.0,63.0,101.0,319,740,872,843.0,729.0,691.0,735.0,686,697,824,842,908,923.0,881,647,569.0,558.0,503.0,436.0
55432,2018-04-14T00:00:00Z,2018,4,6,False,True,13949,395.0,180.0,134.0,116.0,111.0,197,445,602,740.0,902.0,900.0,1074.0,873,888,834,810,844,719.0,749,703,514.0,466.0,458.0,295.0
55432,2018-02-28T00:00:00Z,2018,2,3,False,False,13629,92.0,60.0,53.0,45.0,93.0,339,726,906,887.0,762.0,775.0,749.0,722,661,739,794,853,916.0,850,668,612.0,577.0,427.0,323.0
55432,2018-06-20T00:00:00Z,2018,6,3,False,False,12369,114.0,44.0,47.0,38.0,87.0,265,688,863,891.0,750.0,678.0,629.0,647,599,663,686,808,879.0,810,602,543.0,514.0,331.0,193.0
55432,2018-06-28T00:00:00Z,2018,6,4,False,False,12257,99.0,54.0,46.0,41.0,88.0,259,674,794,806.0,790.0,663.0,644.0,625,636,661,707,757,761.0,890,623,547.0,476.0,389.0,227.0
55432,2018-07-12T00:00:00Z,2018,7,4,False,True,12393,160.0,87.0,81.0,99.0,94.0,279,654,776,782.0,759.0,639.0,675.0,631,631,637,708,786,844.0,759,578,517.0,445.0,506.0,266.0
55432,2018-07-13T00:00:00Z,2018,7,5,False,True,12537,165.0,82.0,81.0,89.0,117.0,253,690,708,691.0,739.0,627.0,610.0,674,649,645,685,770,800.0,808,637,610.0,499.0,458.0,450.0
55432,2018-07-08T00:00:00Z,2018,7,7,False,True,10758,256.0,191.0,242.0,152.0,128.0,131,198,306,424.0,602.0,661.0,781.0,811,763,786,719,689,588.0,564,439,362.0,357.0,373.0,235.0
55432,2018-09-10T00:00:00Z,2018,9,1,False,False,11661,98.0,47.0,49.0,37.0,81.0,264,680,838,806.0,721.0,634.0,702.0,597,628,624,749,773,817.0,754,540,446.0,382.0,241.0,153.0
55432,2018-08-01T00:00:00Z,2018,8,3,False,False,12529,63.0,44.0,41.0,45.0,81.0,269,721,818,898.0,810.0,732.0,673.0,687,640,685,707,773,835.0,741,682,534.0,556.0,314.0,180.0
55432,2018-04-27T00:00:00Z,2018,4,5,False,True,12746,134.0,63.0,59.0,42.0,84.0,276,687,777,788.0,766.0,674.0,693.0,729,696,723,743,816,784.0,727,625,536.0,531.0,452.0,341.0
55432,2018-04-21T00:00:00Z,2018,4,6,False,True,13047,314.0,182.0,147.0,108.0,115.0,161,444,698,692.0,750.0,835.0,888.0,866,818,780,716,736,710.0,619,603,469.0,491.0,493.0,412.0
55432,2018-01-28T00:00:00Z,2018,1,7,False,True,12166,375.0,212.0,115.0,95.0,88.0,143,225,357,573.0,708.0,914.0,987.0,865,916,817,791,738,651.0,648,586,420.0,439.0,310.0,193.0
55432,2018-05-11T00:00:00Z,2018,5,5,False,False,13676,103.0,70.0,56.0,53.0,108.0,290,753,922,831.0,750.0,705.0,674.0,593,686,743,786,861,784.0,794,710,729.0,648.0,549.0,478.0
55432,2018-01-25T00:00:00Z,2018,1,4,False,True,13321,129.0,57.0,49.0,56.0,105.0,327,721,802,724.0,827.0,799.0,699.0,780,754,761,797,799,861.0,759,681,493.0,491.0,497.0,353.0
55432,2018-01-29T00:00:00Z,2018,1,1,False,True,12030,115.0,49.0,53.0,47.0,74.0,269,678,755,764.0,727.0,706.0,739.0,697,691,654,726,832,878.0,806,531,478.0,382.0,256.0,123.0
55432,2018-08-03T00:00:00Z,2018,8,5,False,False,12843,114.0,57.0,41.0,46.0,78.0,280,758,794,866.0,782.0,685.0,675.0,712,749,737,750,766,783.0,781,589,524.0,444.0,457.0,375.0
55432,2018-10-03T00:00:00Z,2018,10,3,False,True,12320,65.0,42.0,48.0,51.0,74.0,326,780,819,804.0,844.0,701.0,708.0,656,680,609,726,733,863.0,772,603,485.0,464.0,272.0,195.0
55432,2018-10-28T00:00:00Z,2018,10,7,False,False,11427,274.0,201.0,153.0,128.0,115.0,141,275,353,541.0,712.0,695.0,766.0,961,815,732,803,764,708.0,570,466,418.0,413.0,262.0,161.0
55432,2018-07-15T00:00:00Z,2018,7,7,False,True,10475,229.0,184.0,165.0,133.0,112.0,117,206,292,466.0,664.0,652.0,706.0,840,820,726,750,649,566.0,551,460,395.0,363.0,271.0,158.0
55432,2018-06-22T00:00:00Z,2018,6,5,False,False,13102,202.0,95.0,62.0,58.0,90.0,257,728,889,844.0,803.0,633.0,720.0,741,681,705,781,830,784.0,743,633,511.0,499.0,473.0,340.0
55432,2018-04-07T00:00:00Z,2018,4,6,False,False,14603,264.0,156.0,145.0,124.0,95.0,182,470,629,864.0,868.0,978.0,867.0,911,899,893,832,878,906.0,879,789,494.0,548.0,508.0,424.0
55432,2018-10-13T00:00:00Z,2018,10,6,False,True,12990,239.0,151.0,127.0,114.0,85.0,181,439,465,614.0,755.0,847.0,910.0,734,863,855,709,789,807.0,724,683,544.0,495.0,483.0,377.0
55432,2018-05-25T00:00:00Z,2018,5,5,False,False,13236,248.0,139.0,98.0,118.0,93.0,270,746,940,805.0,778.0,695.0,677.0,671,683,711,775,827,830.0,736,577,523.0,477.0,426.0,393.0
55432,2018-06-25T00:00:00Z,2018,6,1,False,False,11747,145.0,55.0,55.0,65.0,92.0,246,694,853,829.0,721.0,650.0,607.0,609,569,681,715,785,829.0,750,524,493.0,368.0,256.0,156.0
55432,2018-09-13T00:00:00Z,2018,9,4,False,False,13877,99.0,43.0,43.0,42.0,98.0,327,764,872,878.0,807.0,689.0,739.0,743,716,705,795,738,927.0,853,916,710.0,628.0,506.0,239.0
55432,2018-03-01T00:00:00Z,2018,3,4,False,False,13720,143.0,83.0,58.0,53.0,97.0,334,746,857,865.0,722.0,802.0,761.0,751,722,673,848,886,820.0,826,731,642.0,538.0,454.0,308.0
55432,2018-01-23T00:00:00Z,2018,1,2,False,True,13181,70.0,54.0,34.0,30.0,73.0,298,686,809,788.0,832.0,701.0,682.0,668,680,671,746,786,1042.0,1018,815,488.0,511.0,445.0,254.0
55432,2018-02-19T00:00:00Z,2018,2,1,False,False,12033,98.0,72.0,45.0,53.0,100.0,291,744,818,781.0,778.0,677.0,627.0,654,628,632,766,790,848.0,791,538,542.0,340.0,261.0,159.0
55432,2018-02-09T00:00:00Z,2018,2,5,False,False,13863,122.0,74.0,55.0,49.0,89.0,323,727,829,834.0,779.0,763.0,677.0,770,732,848,841,810,837.0,766,616,500.0,529.0,635.0,658.0
55432,2018-07-14T00:00:00Z,2018,7,6,False,True,12043,234.0,153.0,128.0,108.0,101.0,171,434,478,581.0,671.0,731.0,712.0,723,733,730,719,708,686.0,742,639,436.0,510.0,530.0,385.0
55432,2018-08-14T00:00:00Z,2018,8,2,False,False,12473,77.0,37.0,47.0,45.0,73.0,302,777,805,854.0,749.0,668.0,628.0,626,677,651,782,818,921.0,760,657,552.0,482.0,318.0,167.0
55432,2018-04-04T00:00:00Z,2018,4,3,False,False,12516,86.0,50.0,34.0,42.0,92.0,325,765,833,833.0,768.0,778.0,759.0,652,599,623,704,758,863.0,750,611,506.0,526.0,366.0,193.0
55432,2018-03-16T00:00:00Z,2018,3,5,False,False,14044,246.0,87.0,64.0,56.0,109.0,327,705,853,828.0,839.0,743.0,762.0,668,763,784,837,876,1100.0,684,659,558.0,498.0,533.0,465.0
55432,2018-10-24T00:00:00Z,2018,10,3,False,False,13345,78.0,50.0,51.0,54.0,79.0,316,801,940,1004.0,798.0,740.0,648.0,663,711,691,789,840,932.0,842,622,549.0,542.0,395.0,210.0
55432,2018-01-21T00:00:00Z,2018,1,7,False,True,13037,448.0,304.0,141.0,135.0,101.0,140,272,432,571.0,810.0,903.0,1013.0,985,970,750,801,777,700.0,640,547,454.0,492.0,436.0,215.0
55432,2018-04-19T00:00:00Z,2018,4,4,False,True,13260,87.0,65.0,64.0,47.0,84.0,301,710,784,796.0,830.0,762.0,709.0,716,748,709,787,857,881.0,800,675,609.0,531.0,447.0,261.0
55432,2018-03-09T00:00:00Z,2018,3,5,False,False,13674,131.0,68.0,63.0,63.0,114.0,305,718,873,887.0,788.0,751.0,716.0,682,742,726,771,825,763.0,864,695,610.0,588.0,540.0,391.0
55432,2018-05-18T00:00:00Z,2018,5,5,False,False,13108,141.0,82.0,77.0,75.0,92.0,284,696,917,861.0,790.0,679.0,687.0,712,736,712,740,800,801.0,771,627,527.0,495.0,425.0,381.0
55432,2018-03-24T00:00:00Z,2018,3,6,False,False,14215,468.0,328.0,213.0,159.0,91.0,186,443,779,832.0,810.0,868.0,826.0,859,854,888,810,824,772.0,637,555,575.0,504.0,517.0,417.0
55432,2018-03-17T00:00:00Z,2018,3,6,False,False,14401,403.0,187.0,140.0,108.0,101.0,164,442,649,771.0,825.0,892.0,873.0,968,963,872,809,812,816.0,809,663,588.0,534.0,503.0,509.0
55432,2018-09-05T00:00:00Z,2018,9,3,False,False,12736,70.0,42.0,48.0,43.0,84.0,291,769,876,880.0,801.0,687.0,657.0,657,650,695,774,785,879.0,811,650,524.0,537.0,357.0,169.0
55432,2018-10-06T00:00:00Z,2018,10,6,False,True,12036,250.0,129.0,102.0,104.0,81.0,168,399,421,562.0,654.0,709.0,786.0,818,878,778,743,747,725.0,681,575,498.0,441.0,422.0,365.0
55432,2018-05-22T00:00:00Z,2018,5,2,False,False,12683,171.0,84.0,80.0,42.0,76.0,304,724,813,860.0,717.0,667.0,600.0,671,625,598,774,836,893.0,752,614,554.0,482.0,429.0,317.0
55432,2018-01-22T00:00:00Z,2018,1,1,False,True,12219,114.0,57.0,40.0,50.0,84.0,306,683,750,768.0,797.0,763.0,718.0,681,692,649,797,747,908.0,813,528,481.0,377.0,267.0,149.0
55432,2018-01-27T00:00:00Z,2018,1,6,False,True,13258,222.0,130.0,122.0,102.0,87.0,138,295,511,573.0,712.0,798.0,888.0,962,946,955,964,803,702.0,661,543,549.0,565.0,604.0,426.0
55432,2018-01-24T00:00:00Z,2018,1,3,False,True,13054,106.0,64.0,32.0,39.0,83.0,348,720,770,763.0,844.0,730.0,735.0,695,725,728,720,789,872.0,843,671,575.0,531.0,419.0,252.0
55432,2018-07-23T00:00:00Z,2018,7,1,False,True,11472,77.0,38.0,45.0,41.0,80.0,284,711,767,827.0,729.0,659.0,600.0,590,662,592,697,812,836.0,752,506,446.0,345.0,243.0,133.0
55432,2018-02-01T00:00:00Z,2018,2,4,False,False,12734,98.0,61.0,45.0,49.0,77.0,306,675,798,784.0,768.0,692.0,665.0,628,599,700,768,749,930.0,837,643,617.0,519.0,434.0,292.0
55432,2018-08-24T00:00:00Z,2018,8,5,False,False,12524,141.0,75.0,66.0,49.0,74.0,300,687,781,827.0,816.0,668.0,633.0,649,703,683,806,775,883.0,735,535,500.0,439.0,376.0,323.0
55432,2018-02-10T00:00:00Z,2018,2,6,False,False,14666,403.0,245.0,194.0,140.0,160.0,250,445,672,798.0,842.0,845.0,843.0,872,913,884,843,808,819.0,757,683,662.0,632.0,484.0,472.0
55432,2018-04-26T00:00:00Z,2018,4,4,False,True,13350,123.0,57.0,63.0,56.0,90.0,282,710,776,772.0,780.0,725.0,689.0,751,702,721,712,802,855.0,915,715,654.0,545.0,495.0,360.0
55432,2018-10-17T00:00:00Z,2018,10,3,False,False,12986,93.0,51.0,45.0,39.0,88.0,342,755,851,834.0,802.0,735.0,696.0,679,663,676,783,782,838.0,864,677,556.0,523.0,394.0,220.0
55432,2018-01-19T00:00:00Z,2018,1,5,False,True,13530,170.0,82.0,43.0,48.0,67.0,323,668,764,840.0,882.0,808.0,771.0,757,748,748,791,828,849.0,785,649,538.0,506.0,488.0,377.0
55432,2018-05-29T00:00:00Z,2018,5,2,False,False,12896,113.0,71.0,61.0,74.0,143.0,330,693,891,796.0,763.0,677.0,619.0,627,624,758,714,851,926.0,854,651,515.0,490.0,416.0,239.0
55432,2018-04-17T00:00:00Z,2018,4,2,False,False,12708,60.0,49.0,35.0,43.0,79.0,313,678,764,827.0,800.0,751.0,656.0,656,666,663,699,847,948.0,879,751,563.0,457.0,353.0,171.0
55432,2018-07-25T00:00:00Z,2018,7,3,False,False,12766,,51.0,50.0,36.0,83.0,274,709,839,808.0,762.0,666.0,669.0,608,648,644,774,750,883.0,750,907,624.0,511.0,345.0,375.0
55432,2018-02-22T00:00:00Z,2018,2,4,False,False,13873,126.0,79.0,53.0,56.0,104.0,342,747,897,867.0,874.0,730.0,749.0,740,683,725,816,853,882.0,850,718,636.0,585.0,502.0,259.0
55432,2018-01-15T00:00:00Z,2018,1,1,False,True,11405,113.0,63.0,41.0,41.0,77.0,285,680,641,702.0,784.0,639.0,623.0,630,602,665,710,745,855.0,734,542,457.0,366.0,248.0,162.0
55432,2018-08-17T00:00:00Z,2018,8,5,False,False,13041,148.0,62.0,59.0,47.0,87.0,296,719,829,846.0,770.0,764.0,760.0,702,759,783,788,750,859.0,681,555,508.0,469.0,443.0,357.0
55432,2018-03-18T00:00:00Z,2018,3,7,False,False,13436,454.0,300.0,221.0,152.0,160.0,150,277,416,719.0,828.0,897.0,1043.0,1063,1040,921,915,642,693.0,588,583,477.0,416.0,277.0,204.0
55432,2018-03-29T00:00:00Z,2018,3,4,False,False,13537,134.0,62.0,55.0,55.0,101.0,311,741,838,819.0,753.0,800.0,739.0,729,742,749,842,860,876.0,815,686,513.0,560.0,406.0,351.0
55432,2018-01-11T00:00:00Z,2018,1,4,False,True,11868,104.0,63.0,62.0,53.0,79.0,269,649,643,726.0,730.0,747.0,655.0,629,653,664,687,745,855.0,804,571,502.0,407.0,346.0,225.0
55432,2018-03-10T00:00:00Z,2018,3,6,False,False,14984,269.0,182.0,133.0,109.0,90.0,150,448,642,823.0,834.0,909.0,872.0,964,905,845,804,886,880.0,860,787,678.0,645.0,708.0,561.0
55432,2018-09-20T00:00:00Z,2018,9,4,False,False,12989,87.0,65.0,40.0,48.0,89.0,320,726,792,832.0,788.0,705.0,670.0,658,701,705,743,817,883.0,854,650,600.0,553.0,421.0,242.0
55432,2018-05-19T00:00:00Z,2018,5,6,False,False,13840,296.0,164.0,124.0,106.0,112.0,159,421,619,767.0,834.0,792.0,801.0,877,834,901,803,842,806.0,910,806,488.0,518.0,380.0,480.0
55432,2018-06-17T00:00:00Z,2018,6,7,False,False,11218,332.0,232.0,159.0,124.0,116.0,106,231,334,507.0,703.0,737.0,741.0,789,702,823,822,710,673.0,582,461,413.0,393.0,356.0,172.0
55432,2018-02-02T00:00:00Z,2018,2,5,False,False,13303,138.0,74.0,48.0,46.0,82.0,303,729,814,790.0,752.0,700.0,674.0,673,707,761,780,818,841.0,896,830,545.0,505.0,434.0,363.0
55432,2018-01-18T00:00:00Z,2018,1,4,False,True,13735,106.0,62.0,51.0,39.0,84.0,311,675,797,806.0,791.0,767.0,732.0,791,714,741,794,856,975.0,961,871,583.0,561.0,409.0,258.0
55432,2018-05-16T00:00:00Z,2018,5,3,False,False,12645,92.0,67.0,47.0,57.0,98.0,323,696,905,790.0,740.0,705.0,672.0,680,669,606,763,772,797.0,807,690,580.0,538.0,351.0,200.0
55432,2018-01-08T00:00:00Z,2018,1,1,False,True,11199,93.0,42.0,33.0,42.0,75.0,241,635,640,726.0,856.0,774.0,699.0,659,660,569,682,709,764.0,715,452,396.0,319.0,247.0,171.0
55432,2018-07-02T00:00:00Z,2018,7,1,False,False,11046,64.0,38.0,50.0,52.0,74.0,256,693,811,831.0,673.0,587.0,561.0,579,632,639,690,673,861.0,759,480,403.0,317.0,190.0,133.0
55432,2018-07-31T00:00:00Z,2018,7,2,False,False,12274,85.0,32.0,36.0,48.0,69.0,299,694,838,918.0,755.0,656.0,639.0,636,605,658,756,785,855.0,786,614,519.0,507.0,331.0,153.0
55432,2018-08-04T00:00:00Z,2018,8,6,False,False,13915,220.0,149.0,102.0,92.0,105.0,185,455,638,859.0,942.0,881.0,866.0,895,864,881,784,817,740.0,740,636,529.0,614.0,518.0,403.0
55432,2018-04-06T00:00:00Z,2018,4,5,False,False,12904,153.0,79.0,53.0,52.0,80.0,309,735,830,832.0,772.0,683.0,625.0,664,696,701,786,826,819.0,722,663,497.0,448.0,506.0,373.0
55432,2018-09-21T00:00:00Z,2018,9,5,False,False,13142,134.0,75.0,68.0,63.0,85.0,306,676,865,870.0,815.0,733.0,656.0,745,698,757,753,810,868.0,728,586,500.0,531.0,469.0,351.0
55432,2018-05-03T00:00:00Z,2018,5,4,False,False,13222,126.0,74.0,54.0,54.0,101.0,273,781,876,850.0,731.0,714.0,712.0,676,717,718,789,823,789.0,867,631,593.0,576.0,405.0,292.0
55432,2018-04-09T00:00:00Z,2018,4,1,False,False,12269,102.0,56.0,43.0,47.0,84.0,310,729,844,771.0,768.0,720.0,685.0,698,687,642,814,772,868.0,765,608,473.0,346.0,266.0,171.0
55432,2018-07-06T00:00:00Z,2018,7,5,False,False,12183,142.0,69.0,49.0,70.0,84.0,273,719,788,793.0,737.0,672.0,632.0,657,666,673,708,719,752.0,700,589,503.0,416.0,432.0,340.0
55432,2018-03-21T00:00:00Z,2018,3,3,False,False,12721,114.0,50.0,54.0,44.0,97.0,297,667,871,853.0,744.0,737.0,702.0,719,623,730,766,767,839.0,779,594,489.0,598.0,393.0,194.0
55432,2018-05-17T00:00:00Z,2018,5,4,False,False,13252,110.0,73.0,62.0,46.0,95.0,320,753,914,840.0,760.0,668.0,649.0,650,670,703,774,860,864.0,902,719,616.0,523.0,401.0,280.0
55432,2018-11-28T00:00:00Z,2018,11,3,False,False,11127,118.0,50.0,39.0,55.0,87.0,332,546,635,755.0,720.0,626.0,570.0,561,529,564,664,771,808.0,729,519,405.0,444.0,374.0,226.0
55432,2018-10-12T00:00:00Z,2018,10,5,False,True,13007,156.0,83.0,58.0,55.0,91.0,299,683,751,789.0,731.0,742.0,694.0,736,724,702,760,815,844.0,804,639,522.0,506.0,478.0,345.0
55432,2018-07-28T00:00:00Z,2018,7,6,False,False,12677,268.0,149.0,121.0,99.0,116.0,197,425,611,706.0,794.0,788.0,757.0,776,738,804,775,723,702.0,671,564,551.0,490.0,456.0,396.0
55432,2018-08-15T00:00:00Z,2018,8,3,False,False,12786,106.0,43.0,50.0,42.0,83.0,317,748,870,831.0,792.0,700.0,702.0,641,693,730,717,762,909.0,807,633,520.0,488.0,391.0,211.0
55432,2018-07-21T00:00:00Z,2018,7,6,False,True,12666,219.0,139.0,112.0,87.0,90.0,152,430,512,632.0,745.0,882.0,883.0,937,959,718,676,699,520.0,586,671,591.0,542.0,456.0,428.0
55432,2018-08-19T00:00:00Z,2018,8,7,False,False,11852,341.0,223.0,151.0,170.0,127.0,126,288,360,564.0,839.0,887.0,906.0,866,850,866,726,702,636.0,581,415,393.0,403.0,269.0,163.0
55432,2018-06-12T00:00:00Z,2018,6,2,False,False,12126,63.0,46.0,33.0,41.0,74.0,313,693,838,862.0,708.0,665.0,652.0,578,612,644,699,812,881.0,710,572,486.0,435.0,438.0,271.0
55432,2018-04-24T00:00:00Z,2018,4,2,False,True,13284,70.0,39.0,38.0,46.0,74.0,301,733,760,787.0,799.0,689.0,689.0,662,716,722,711,830,921.0,846,790,674.0,574.0,490.0,323.0
55432,2018-06-19T00:00:00Z,2018,6,2,False,False,11716,60.0,55.0,31.0,44.0,78.0,242,659,781,874.0,751.0,613.0,575.0,650,613,627,710,770,822.0,736,572,476.0,493.0,321.0,163.0
55432,2018-07-11T00:00:00Z,2018,7,3,False,True,11974,126.0,60.0,54.0,79.0,115.0,257,724,721,721.0,716.0,625.0,672.0,645,593,658,666,731,791.0,764,545,452.0,472.0,497.0,290.0
55432,2018-01-09T00:00:00Z,2018,1,2,False,True,11251,89.0,55.0,50.0,53.0,80.0,223,564,650,716.0,737.0,698.0,620.0,666,624,613,681,706,837.0,749,494,407.0,391.0,334.0,214.0
55432,2018-04-25T00:00:00Z,2018,4,3,True,True,12042,220.0,156.0,116.0,103.0,187.0,328,321,348,431.0,643.0,744.0,970.0,1036,1027,1022,913,606,561.0,465,486,459.0,413.0,317.0,170.0
55432,2018-11-08T00:00:00Z,2018,11,4,False,False,13248,84.0,66.0,51.0,47.0,106.0,323,729,856,845.0,746.0,698.0,669.0,687,707,774,743,793,931.0,908,698,591.0,543.0,407.0,246.0
55432,2018-03-19T00:00:00Z,2018,3,1,False,False,12836,135.0,55.0,43.0,51.0,106.0,331,647,865,804.0,818.0,771.0,736.0,731,720,692,792,873,846.0,804,600,539.0,472.0,254.0,151.0
55432,2018-05-01T00:00:00Z,2018,5,2,False,False,12533,70.0,54.0,46.0,42.0,91.0,307,718,845,846.0,714.0,659.0,645.0,651,657,675,792,851,868.0,751,650,577.0,483.0,346.0,195.0
55432,2018-11-21T00:00:00Z,2018,11,3,False,False,12937,99.0,46.0,50.0,54.0,110.0,359,791,876,894.0,784.0,702.0,645.0,661,662,680,777,771,895.0,713,695,571.0,556.0,314.0,232.0
55432,2018-11-03T00:00:00Z,2018,11,6,False,False,14590,445.0,176.0,85.0,80.0,91.0,246,527,736,891.0,916.0,1106.0,1070.0,985,915,890,795,799,736.0,673,583,566.0,433.0,465.0,381.0
55432,2018-11-11T00:00:00Z,2018,11,7,False,False,12226,302.0,201.0,186.0,131.0,105.0,139,237,381,604.0,713.0,808.0,860.0,965,865,838,775,746,725.0,664,510,538.0,453.0,297.0,183.0
55432,2018-11-02T00:00:00Z,2018,11,5,False,False,14738,175.0,87.0,62.0,51.0,120.0,339,788,927,892.0,838.0,850.0,842.0,780,854,839,818,827,895.0,796,675,689.0,634.0,483.0,477.0
55432,2018-11-19T00:00:00Z,2018,11,1,False,False,12626,97.0,58.0,44.0,42.0,109.0,351,775,856,824.0,750.0,675.0,681.0,641,636,713,768,840,937.0,898,641,479.0,374.0,283.0,154.0
55432,2018-11-15T00:00:00Z,2018,11,4,False,False,13542,103.0,77.0,63.0,38.0,95.0,371,794,859,843.0,831.0,682.0,718.0,648,688,711,847,816,897.0,819,732,666.0,528.0,474.0,242.0
55432,2018-11-07T00:00:00Z,2018,11,3,False,False,12709,117.0,69.0,48.0,58.0,91.0,323,812,910,914.0,772.0,614.0,637.0,664,666,695,714,849,831.0,807,596,474.0,508.0,349.0,191.0
55432,2018-11-14T00:00:00Z,2018,11,3,False,False,13030,83.0,42.0,56.0,58.0,81.0,368,813,876,852.0,715.0,611.0,663.0,626,679,767,742,804,863.0,850,631,690.0,540.0,366.0,254.0
55432,2018-11-16T00:00:00Z,2018,11,5,False,False,13279,143.0,76.0,58.0,55.0,106.0,356,767,857,842.0,737.0,737.0,700.0,657,681,762,803,809,899.0,769,647,544.0,493.0,463.0,318.0
55432,2018-11-20T00:00:00Z,2018,11,2,False,False,13252,82.0,53.0,52.0,41.0,97.0,390,839,857,829.0,778.0,731.0,763.0,698,741,740,813,799,911.0,843,636,477.0,508.0,360.0,214.0
55432,2018-11-12T00:00:00Z,2018,11,1,False,False,12414,96.0,79.0,52.0,58.0,94.0,348,788,855,855.0,786.0,716.0,676.0,666,668,649,767,792,850.0,836,525,496.0,410.0,226.0,126.0
55432,2018-11-24T00:00:00Z,2018,11,6,False,False,13836,278.0,150.0,125.0,119.0,117.0,209,510,652,790.0,833.0,899.0,901.0,947,894,927,746,779,734.0,624,634,528.0,533.0,506.0,401.0
55432,2018-11-29T00:00:00Z,2018,11,4,False,False,13580,132.0,49.0,52.0,50.0,94.0,348,723,844,874.0,748.0,728.0,690.0,611,748,745,627,788,870.0,914,771,749.0,570.0,517.0,338.0
55432,2018-11-26T00:00:00Z,2018,11,1,False,False,12321,95.0,48.0,52.0,45.0,90.0,340,736,801,826.0,752.0,660.0,610.0,661,632,638,781,816,932.0,880,570,494.0,377.0,295.0,190.0
55432,2018-11-05T00:00:00Z,2018,11,1,False,False,12323,97.0,43.0,39.0,49.0,86.0,318,714,846,842.0,770.0,714.0,678.0,643,637,709,776,840,906.0,804,576,441.0,424.0,246.0,125.0
55432,2018-11-25T00:00:00Z,2018,11,7,False,False,13148,314.0,218.0,161.0,167.0,141.0,144,241,351,601.0,679.0,791.0,827.0,995,884,929,910,945,869.0,766,598,441.0,417.0,470.0,289.0
55432,2018-11-09T00:00:00Z,2018,11,5,False,False,13969,111.0,76.0,35.0,53.0,99.0,382,790,849,821.0,790.0,729.0,691.0,709,748,758,813,788,864.0,808,717,810.0,550.0,474.0,504.0
55432,2018-11-10T00:00:00Z,2018,11,6,False,False,13281,250.0,142.0,103.0,121.0,103.0,227,524,704,804.0,743.0,843.0,925.0,835,898,836,779,707,697.0,608,551,483.0,496.0,487.0,415.0
55432,2018-11-17T00:00:00Z,2018,11,6,False,False,13124,215.0,163.0,112.0,102.0,105.0,220,495,695,761.0,830.0,807.0,904.0,813,824,818,746,745,665.0,654,607,520.0,450.0,429.0,444.0
55432,2018-11-18T00:00:00Z,2018,11,7,False,False,12422,363.0,209.0,192.0,159.0,128.0,136,284,388,560.0,775.0,872.0,928.0,962,902,884,786,721,722.0,619,480,461.0,414.0,309.0,168.0
55432,2018-11-13T00:00:00Z,2018,11,2,False,False,13074,71.0,39.0,42.0,47.0,98.0,387,812,813,844.0,780.0,734.0,749.0,677,706,632,787,819,946.0,931,645,512.0,474.0,334.0,195.0
55432,2018-11-27T00:00:00Z,2018,11,2,False,False,13058,96.0,53.0,43.0,51.0,112.0,378,812,843,796.0,725.0,720.0,672.0,734,691,705,762,833,910.0,881,658,532.0,524.0,336.0,191.0
55432,2018-12-27T00:00:00Z,2018,12,4,False,True,11672,114.0,80.0,57.0,45.0,63.0,164,368,453,585.0,685.0,826.0,735.0,815,820,732,729,692,814.0,824,548,419.0,452.0,438.0,214.0
55432,2018-11-30T00:00:00Z,2018,11,5,False,False,14448,186.0,102.0,63.0,58.0,108.0,358,784,817,880.0,873.0,765.0,673.0,711,715,815,832,861,877.0,823,796,811.0,518.0,578.0,444.0
55432,2018-11-22T00:00:00Z,2018,11,4,False,False,13652,111.0,84.0,61.0,54.0,107.0,390,761,880,840.0,753.0,736.0,670.0,671,657,751,811,801,915.0,920,736,616.0,519.0,471.0,337.0
55432,2018-11-23T00:00:00Z,2018,11,5,False,False,13835,150.0,89.0,65.0,58.0,103.0,355,798,837,762.0,753.0,772.0,700.0,684,736,755,785,835,845.0,852,748,667.0,565.0,471.0,450.0
55432,2018-11-01T00:00:00Z,2018,11,4,False,False,14426,129.0,92.0,55.0,55.0,133.0,366,815,884,903.0,776.0,777.0,728.0,731,719,714,809,842,959.0,923,790,651.0,667.0,494.0,414.0
55432,2018-11-04T00:00:00Z,2018,11,7,False,False,12712,283.0,196.0,141.0,103.0,122.0,158,295,434,678.0,822.0,973.0,1003.0,963,961,918,785,759,787.0,595,472,450.0,380.0,292.0,142.0
55432,2018-11-06T00:00:00Z,2018,11,2,False,False,12952,83.0,50.0,31.0,47.0,80.0,353,816,886,820.0,782.0,771.0,792.0,813,689,703,742,779,800.0,815,609,507.0,439.0,353.0,192.0
55432,2018-12-03T00:00:00Z,2018,12,1,False,False,12519,92.0,57.0,40.0,59.0,95.0,298,688,828,866.0,795.0,713.0,699.0,688,687,682,765,754,941.0,851,607,500.0,385.0,249.0,180.0
55432,2018-12-09T00:00:00Z,2018,12,7,False,False,13207,326.0,267.0,118.0,125.0,109.0,155,273,431,611.0,864.0,971.0,1008.0,1091,1025,935,842,789,739.0,650,537,411.0,446.0,291.0,193.0
55432,2018-12-06T00:00:00Z,2018,12,4,False,False,13492,128.0,65.0,49.0,69.0,116.0,360,767,810,816.0,813.0,634.0,775.0,705,708,770,809,877,954.0,573,732,597.0,515.0,497.0,353.0
55432,2018-12-07T00:00:00Z,2018,12,5,False,False,14116,169.0,111.0,76.0,58.0,111.0,368,821,803,863.0,843.0,748.0,806.0,740,768,828,871,845,934.0,772,657,566.0,483.0,475.0,400.0
55432,2018-12-10T00:00:00Z,2018,12,1,False,False,12363,100.0,59.0,50.0,44.0,92.0,337,761,781,780.0,765.0,702.0,674.0,658,639,669,760,754,890.0,767,579,477.0,384.0,386.0,255.0
55432,2018-12-14T00:00:00Z,2018,12,5,False,False,13259,206.0,70.0,73.0,51.0,122.0,381,756,810,804.0,812.0,708.0,672.0,674,709,795,801,795,627.0,714,767,524.0,508.0,440.0,440.0
55432,2018-12-13T00:00:00Z,2018,12,4,False,False,13643,202.0,125.0,87.0,86.0,153.0,374,753,742,761.0,835.0,728.0,696.0,711,723,690,785,879,975.0,936,709,482.0,470.0,461.0,280.0
55432,2018-12-21T00:00:00Z,2018,12,5,False,True,12809,185.0,82.0,67.0,64.0,114.0,336,705,671,723.0,734.0,715.0,710.0,755,810,836,836,781,727.0,685,623,471.0,454.0,430.0,295.0
55432,2018-12-15T00:00:00Z,2018,12,6,False,False,13912,268.0,162.0,157.0,102.0,108.0,214,431,612,684.0,777.0,838.0,851.0,1004,925,946,789,760,758.0,807,683,517.0,493.0,510.0,516.0
55432,2018-12-31T00:00:00Z,2018,12,1,False,True,10490,132.0,82.0,63.0,45.0,74.0,165,315,435,546.0,699.0,700.0,751.0,705,660,624,647,611,556.0,547,509,456.0,383.0,399.0,386.0
55432,2018-12-28T00:00:00Z,2018,12,5,False,True,11368,149.0,68.0,45.0,48.0,72.0,152,416,482,637.0,768.0,866.0,784.0,753,730,708,699,725,636.0,608,540,487.0,369.0,360.0,266.0
55432,2018-12-29T00:00:00Z,2018,12,6,False,True,11343,155.0,105.0,100.0,63.0,84.0,149,333,445,594.0,718.0,737.0,808.0,853,792,735,679,665,608.0,621,547,458.0,439.0,383.0,272.0
55432,2018-12-19T00:00:00Z,2018,12,3,False,False,12802,90.0,61.0,45.0,44.0,101.0,347,767,782,787.0,795.0,737.0,622.0,740,747,754,739,777,868.0,789,632,449.0,517.0,388.0,224.0
55432,2018-12-20T00:00:00Z,2018,12,4,False,True,12890,126.0,56.0,47.0,61.0,112.0,345,796,777,756.0,810.0,752.0,754.0,756,734,755,712,799,803.0,718,597,510.0,449.0,415.0,250.0
55432,2018-12-22T00:00:00Z,2018,12,6,False,True,11603,230.0,170.0,120.0,143.0,105.0,188,376,483,571.0,657.0,731.0,693.0,790,734,810,778,628,638.0,579,564,488.0,420.0,406.0,301.0
55432,2018-12-18T00:00:00Z,2018,12,2,False,False,13122,69.0,64.0,68.0,46.0,126.0,355,837,852,824.0,807.0,736.0,712.0,722,705,700,795,843,924.0,858,608,501.0,464.0,325.0,181.0
55432,2018-12-04T00:00:00Z,2018,12,2,False,False,13015,92.0,44.0,42.0,56.0,98.0,352,780,832,870.0,809.0,717.0,643.0,678,655,697,778,768,918.0,938,689,501.0,508.0,347.0,203.0
55432,2018-12-05T00:00:00Z,2018,12,3,False,False,13284,120.0,54.0,42.0,46.0,102.0,336,805,828,874.0,740.0,700.0,654.0,714,619,742,757,832,977.0,940,709,521.0,535.0,384.0,253.0
55432,2018-12-23T00:00:00Z,2018,12,7,False,True,10164,,154.0,118.0,75.0,104.0,154,234,315,425.0,533.0,654.0,731.0,782,724,740,665,660,628.0,663,508,406.0,361.0,316.0,214.0
55432,2018-12-24T00:00:00Z,2018,12,1,False,True,9655,144.0,83.0,67.0,60.0,78.0,195,348,472,586.0,645.0,640.0,696.0,712,677,649,615,531,535.0,439,371,329.0,274.0,268.0,241.0
55432,2018-12-30T00:00:00Z,2018,12,7,False,True,11319,210.0,131.0,93.0,78.0,84.0,136,269,364,516.0,705.0,730.0,817.0,815,798,822,743,702,660.0,656,552,424.0,428.0,328.0,258.0
55432,2018-12-01T00:00:00Z,2018,12,6,False,False,14398,324.0,174.0,150.0,102.0,107.0,224,460,705,829.0,836.0,886.0,881.0,913,1003,1014,884,761,759.0,719,693,541.0,529.0,502.0,402.0
55432,2018-12-16T00:00:00Z,2018,12,7,False,False,13233,472.0,225.0,178.0,140.0,127.0,170,288,430,550.0,821.0,925.0,955.0,1098,1089,910,770,769,769.0,594,482,465.0,415.0,312.0,279.0
55432,2018-12-02T00:00:00Z,2018,12,7,False,False,12244,278.0,200.0,130.0,130.0,104.0,139,243,375,542.0,825.0,926.0,954.0,983,905,863,788,676,715.0,584,550,453.0,393.0,298.0,190.0
55432,2018-12-17T00:00:00Z,2018,12,1,False,False,12720,105.0,48.0,41.0,44.0,95.0,334,758,792,783.0,773.0,746.0,763.0,747,703,734,797,767,919.0,886,563,445.0,419.0,295.0,163.0
55432,2018-12-11T00:00:00Z,2018,12,2,False,False,13269,122.0,54.0,64.0,36.0,99.0,406,774,791,723.0,798.0,657.0,686.0,688,686,645,749,826,965.0,942,637,573.0,486.0,558.0,304.0
55432,2018-12-12T00:00:00Z,2018,12,3,False,False,13504,177.0,118.0,74.0,104.0,185.0,380,769,875,872.0,718.0,705.0,659.0,633,651,696,683,855,873.0,831,683,540.0,499.0,527.0,397.0
55432,2018-12-08T00:00:00Z,2018,12,6,False,False,14225,267.0,169.0,129.0,112.0,106.0,257,528,653,754.0,854.0,995.0,946.0,990,967,852,841,789,704.0,650,612,550.0,465.0,519.0,516.0
55432,2019-01-21T00:00:00Z,2019,1,1,False,True,11502,103.0,42.0,38.0,52.0,108.0,311,711,726,703.0,729.0,654.0,643.0,615,616,612,674,743,889.0,775,537,424.0,359.0,256.0,182.0
55432,2019-01-22T00:00:00Z,2019,1,2,False,True,12927,73.0,45.0,56.0,50.0,91.0,380,760,813,787.0,782.0,811.0,707.0,699,726,718,704,772,888.0,869,712,511.0,439.0,315.0,219.0
55432,2019-01-14T00:00:00Z,2019,1,1,False,True,11486,87.0,41.0,33.0,38.0,82.0,278,719,727,704.0,765.0,697.0,641.0,702,659,635,644,780,781.0,735,513,440.0,392.0,257.0,136.0
55432,2019-01-07T00:00:00Z,2019,1,1,False,True,10785,79.0,47.0,31.0,31.0,83.0,266,616,648,727.0,723.0,663.0,625.0,652,689,591,642,703,821.0,616,480,363.0,329.0,217.0,143.0
55432,2019-01-13T00:00:00Z,2019,1,7,False,True,11385,279.0,176.0,119.0,135.0,94.0,134,256,316,468.0,621.0,696.0,787.0,799,832,864,901,699,665.0,636,542,515.0,392.0,274.0,185.0
55432,2019-01-05T00:00:00Z,2019,1,6,False,True,12599,151.0,103.0,90.0,65.0,109.0,229,472,686,862.0,953.0,910.0,940.0,815,758,723,661,639,623.0,526,605,547.0,381.0,454.0,297.0
55432,2019-01-11T00:00:00Z,2019,1,5,False,True,12259,114.0,60.0,50.0,64.0,90.0,275,694,688,760.0,761.0,675.0,725.0,693,719,722,726,749,785.0,708,578,462.0,457.0,376.0,328.0
55432,2019-01-17T00:00:00Z,2019,1,4,False,True,13598,86.0,52.0,56.0,45.0,99.0,367,754,759,774.0,833.0,767.0,679.0,699,701,724,735,841,914.0,886,749,722.0,543.0,473.0,340.0
55432,2019-01-18T00:00:00Z,2019,1,5,False,True,13554,120.0,51.0,62.0,53.0,95.0,340,821,730,822.0,846.0,774.0,761.0,760,736,717,823,850,885.0,803,646,544.0,580.0,398.0,337.0
55432,2019-01-09T00:00:00Z,2019,1,3,False,True,12937,75.0,45.0,34.0,33.0,85.0,257,678,723,748.0,862.0,693.0,722.0,684,700,714,669,757,919.0,865,736,745.0,462.0,451.0,280.0
55432,2019-01-16T00:00:00Z,2019,1,3,False,True,13217,84.0,50.0,38.0,42.0,96.0,342,783,747,804.0,818.0,736.0,788.0,730,744,709,753,718,822.0,1004,694,537.0,535.0,431.0,212.0
55432,2019-01-20T00:00:00Z,2019,1,7,False,True,12157,281.0,185.0,139.0,105.0,105.0,148,261,360,524.0,753.0,833.0,882.0,863,859,807,787,806,716.0,802,545,432.0,414.0,357.0,193.0
55432,2019-01-12T00:00:00Z,2019,1,6,False,True,13566,202.0,120.0,92.0,66.0,74.0,178,488,581,785.0,834.0,1002.0,1022.0,861,698,980,794,731,770.0,718,655,527.0,556.0,446.0,386.0
55432,2019-01-08T00:00:00Z,2019,1,2,False,True,11504,72.0,53.0,43.0,30.0,80.0,282,658,652,730.0,746.0,732.0,705.0,729,657,604,668,759,850.0,734,556,418.0,326.0,281.0,139.0
55432,2019-01-01T00:00:00Z,2019,1,2,True,True,10856,342.0,479.0,424.0,280.0,168.0,237,206,233,317.0,427.0,558.0,696.0,815,732,815,709,614,597.0,561,455,384.0,348.0,266.0,193.0
55432,2019-01-15T00:00:00Z,2019,1,2,False,True,12420,78.0,52.0,41.0,38.0,74.0,324,761,699,747.0,819.0,737.0,724.0,696,693,696,685,775,867.0,841,635,480.0,468.0,334.0,156.0
55432,2019-01-03T00:00:00Z,2019,1,4,False,True,12263,96.0,64.0,62.0,44.0,88.0,301,632,722,783.0,837.0,821.0,818.0,791,712,755,764,767,646.0,610,628,438.0,356.0,342.0,186.0
55432,2019-01-04T00:00:00Z,2019,1,5,False,True,12921,103.0,56.0,51.0,47.0,96.0,269,594,654,806.0,968.0,895.0,877.0,823,858,772,798,757,779.0,607,568,425.0,452.0,383.0,283.0
55432,2019-01-06T00:00:00Z,2019,1,7,False,True,10424,213.0,133.0,106.0,78.0,96.0,136,249,341,479.0,691.0,755.0,691.0,769,723,733,744,655,631.0,514,445,437.0,398.0,241.0,166.0
55432,2019-01-19T00:00:00Z,2019,1,6,False,True,12264,282.0,135.0,113.0,96.0,102.0,205,489,592,673.0,687.0,772.0,779.0,704,757,711,741,715,662.0,611,615,503.0,509.0,417.0,394.0
55432,2019-01-02T00:00:00Z,2019,1,3,False,True,10915,108.0,59.0,53.0,42.0,54.0,234,404,518,645.0,732.0,748.0,715.0,780,718,726,682,693,710.0,570,485,405.0,354.0,291.0,189.0
55432,2019-01-10T00:00:00Z,2019,1,4,False,True,11703,95.0,59.0,51.0,68.0,89.0,256,682,683,708.0,719.0,639.0,648.0,606,709,664,707,739,834.0,788,581,451.0,385.0,309.0,233.0
55432,2019-02-08T00:00:00Z,2019,2,5,False,False,13567,191.0,62.0,60.0,55.0,94.0,352,742,839,877.0,801.0,708.0,770.0,714,658,734,829,865,949.0,784,593,522.0,502.0,521.0,345.0
55432,2019-02-02T00:00:00Z,2019,2,6,False,False,12837,227.0,157.0,88.0,89.0,86.0,159,420,567,659.0,692.0,673.0,724.0,764,796,800,791,884,915.0,722,539,488.0,502.0,604.0,491.0
55432,2019-02-14T00:00:00Z,2019,2,4,False,False,13404,87.0,60.0,34.0,48.0,83.0,350,778,820,831.0,788.0,715.0,614.0,686,728,688,795,841,903.0,928,820,634.0,526.0,368.0,279.0
55432,2019-02-16T00:00:00Z,2019,2,6,False,False,14042,225.0,165.0,90.0,114.0,82.0,182,500,717,796.0,802.0,861.0,887.0,1047,935,906,840,815,791.0,783,598,508.0,513.0,470.0,415.0
55432,2019-02-04T00:00:00Z,2019,2,1,False,False,12342,86.0,45.0,29.0,50.0,87.0,308,784,782,803.0,768.0,713.0,704.0,661,649,669,723,759,940.0,861,565,495.0,393.0,261.0,207.0
55432,2019-02-01T00:00:00Z,2019,2,5,False,False,12801,109.0,47.0,41.0,50.0,98.0,328,772,761,821.0,789.0,743.0,685.0,691,752,670,767,771,816.0,782,604,497.0,433.0,398.0,376.0
55432,2019-02-21T00:00:00Z,2019,2,4,False,False,13580,126.0,77.0,47.0,37.0,100.0,328,799,881,802.0,763.0,787.0,688.0,703,710,783,754,829,914.0,913,706,638.0,508.0,395.0,292.0
55432,2019-02-09T00:00:00Z,2019,2,6,False,False,13506,263.0,204.0,147.0,92.0,93.0,161,488,670,757.0,841.0,824.0,873.0,877,859,868,857,741,732.0,643,566,523.0,513.0,485.0,429.0
55432,2019-02-15T00:00:00Z,2019,2,5,False,False,12529,126.0,76.0,41.0,42.0,91.0,337,679,558,503.0,578.0,690.0,739.0,710,725,751,794,789,837.0,763,701,633.0,534.0,469.0,363.0
55432,2019-02-05T00:00:00Z,2019,2,2,False,False,12651,86.0,54.0,42.0,45.0,92.0,299,742,807,841.0,783.0,696.0,638.0,637,643,672,742,772,878.0,910,710,505.0,508.0,338.0,211.0
55432,2019-02-19T00:00:00Z,2019,2,2,False,False,13201,77.0,64.0,39.0,48.0,115.0,364,810,863,881.0,783.0,734.0,774.0,667,701,657,760,815,917.0,805,645,601.0,511.0,321.0,249.0
55432,2019-02-25T00:00:00Z,2019,2,1,False,False,12150,88.0,56.0,48.0,33.0,93.0,261,735,848,815.0,757.0,703.0,660.0,616,665,676,746,842,852.0,844,560,463.0,407.0,261.0,121.0
55432,2019-02-20T00:00:00Z,2019,2,3,False,False,13099,178.0,49.0,42.0,47.0,117.0,331,763,838,843.0,789.0,699.0,677.0,699,677,676,776,850,872.0,844,667,609.0,515.0,300.0,241.0
55432,2019-02-18T00:00:00Z,2019,2,1,False,False,12676,96.0,53.0,37.0,43.0,102.0,306,754,851,868.0,765.0,759.0,711.0,710,678,683,786,795,877.0,861,606,521.0,433.0,236.0,145.0
55432,2019-02-11T00:00:00Z,2019,2,1,False,False,12421,95.0,48.0,38.0,46.0,87.0,295,708,824,844.0,796.0,737.0,689.0,718,649,698,749,764,849.0,785,594,519.0,437.0,293.0,159.0
55432,2019-02-17T00:00:00Z,2019,2,7,False,False,12845,307.0,214.0,153.0,106.0,82.0,149,294,462,656.0,831.0,895.0,928.0,906,935,837,816,801,731.0,698,556,522.0,441.0,321.0,204.0
55432,2019-02-23T00:00:00Z,2019,2,6,False,False,12999,373.0,199.0,139.0,98.0,81.0,166,413,674,782.0,853.0,766.0,780.0,732,780,823,756,726,697.0,652,604,519.0,506.0,468.0,412.0
55432,2019-02-24T00:00:00Z,2019,2,7,False,False,11831,289.0,215.0,149.0,126.0,94.0,135,230,351,512.0,762.0,754.0,847.0,887,825,809,841,742,715.0,689,519,470.0,385.0,288.0,197.0
55432,2019-02-22T00:00:00Z,2019,2,5,False,False,13256,118.0,69.0,56.0,55.0,100.0,319,770,817,842.0,783.0,737.0,639.0,664,723,749,794,864,895.0,811,607,550.0,458.0,426.0,410.0
55432,2019-02-12T00:00:00Z,2019,2,2,False,False,13158,95.0,32.0,54.0,72.0,109.0,326,752,850,810.0,832.0,746.0,733.0,679,679,683,762,824,955.0,945,699,507.0,538.0,324.0,152.0
55432,2019-02-26T00:00:00Z,2019,2,2,False,False,13419,78.0,60.0,46.0,38.0,82.0,334,761,882,847.0,809.0,698.0,741.0,688,700,737,812,823,899.0,887,712,661.0,546.0,376.0,202.0
55432,2019-02-03T00:00:00Z,2019,2,7,False,False,12223,322.0,211.0,132.0,111.0,90.0,136,253,362,571.0,715.0,820.0,845.0,896,922,880,801,810,688.0,688,564,476.0,405.0,342.0,183.0
55432,2019-02-13T00:00:00Z,2019,2,3,False,False,13253,91.0,63.0,39.0,38.0,76.0,327,730,875,810.0,756.0,763.0,663.0,652,713,707,769,867,990.0,917,718,657.0,531.0,297.0,204.0
55432,2019-02-06T00:00:00Z,2019,2,3,False,False,13647,81.0,56.0,32.0,39.0,100.0,306,813,879,886.0,842.0,801.0,719.0,711,667,703,786,882,863.0,928,738,615.0,606.0,369.0,225.0
55432,2019-02-07T00:00:00Z,2019,2,4,False,False,13405,88.0,68.0,43.0,55.0,93.0,337,710,790,787.0,777.0,770.0,773.0,690,690,695,769,865,933.0,869,743,700.0,535.0,375.0,250.0
55432,2019-04-22T00:00:00Z,2019,4,1,True,True,10805,266.0,215.0,55.0,50.0,58.0,133,264,392,495.0,682.0,810.0,905.0,895,805,785,699,610,561.0,497,412,389.0,380.0,277.0,170.0
55432,2019-03-30T00:00:00Z,2019,3,6,False,False,12249,354.0,192.0,122.0,120.0,100.0,164,347,494,646.0,694.0,719.0,699.0,775,655,833,833,757,740.0,622,540,512.0,504.0,429.0,398.0
55432,2019-04-01T00:00:00Z,2019,4,1,False,False,12049,103.0,53.0,42.0,48.0,103.0,272,717,852,769.0,786.0,645.0,718.0,639,604,660,775,789,920.0,762,550,464.0,385.0,278.0,115.0
55432,2019-03-28T00:00:00Z,2019,3,4,False,False,13177,99.0,59.0,35.0,45.0,111.0,305,767,825,737.0,793.0,802.0,716.0,711,701,714,815,807,855.0,700,710,596.0,563.0,424.0,287.0
55432,2019-03-02T00:00:00Z,2019,3,6,False,False,16351,309.0,167.0,131.0,120.0,84.0,197,470,743,816.0,784.0,896.0,872.0,879,908,950,921,905,960.0,1041,895,805.0,736.0,832.0,930.0
55432,2019-03-03T00:00:00Z,2019,3,7,False,False,15202,840.0,725.0,534.0,386.0,345.0,412,498,567,623.0,829.0,808.0,943.0,907,863,851,914,800,765.0,639,580,487.0,416.0,289.0,181.0
55432,2019-03-29T00:00:00Z,2019,3,5,False,False,14013,123.0,82.0,50.0,55.0,90.0,292,757,818,894.0,779.0,736.0,690.0,733,748,775,820,819,967.0,791,672,619.0,598.0,614.0,491.0
55432,2019-03-26T00:00:00Z,2019,3,2,False,False,12603,69.0,43.0,38.0,51.0,94.0,297,783,812,775.0,730.0,694.0,742.0,686,685,692,724,779,853.0,787,687,563.0,510.0,342.0,167.0
55432,2019-02-10T00:00:00Z,2019,2,7,False,False,12228,309.0,200.0,155.0,137.0,108.0,151,272,398,543.0,744.0,818.0,838.0,934,848,857,828,784,728.0,621,541,476.0,413.0,347.0,178.0
55432,2019-03-04T00:00:00Z,2019,3,1,False,False,12865,73.0,42.0,47.0,48.0,102.0,310,732,865,854.0,822.0,748.0,724.0,745,766,748,852,812,883.0,786,619,472.0,414.0,241.0,160.0
55432,2019-03-27T00:00:00Z,2019,3,3,False,False,12591,90.0,63.0,38.0,48.0,101.0,324,722,928,532.0,748.0,761.0,728.0,643,633,683,776,872,772.0,811,653,577.0,536.0,354.0,198.0
55432,2019-03-01T00:00:00Z,2019,3,5,False,False,13863,124.0,79.0,44.0,63.0,96.0,329,826,875,871.0,814.0,754.0,731.0,810,770,801,806,822,898.0,786,683,561.0,474.0,447.0,399.0
55432,2019-04-17T00:00:00Z,2019,4,3,False,False,12703,89.0,32.0,36.0,36.0,109.0,314,745,738,767.0,864.0,732.0,735.0,730,711,674,715,736,834.0,744,658,551.0,538.0,378.0,237.0
55432,2019-04-05T00:00:00Z,2019,4,5,False,False,12753,125.0,77.0,58.0,56.0,103.0,283,694,791,853.0,743.0,723.0,692.0,626,666,738,726,777,883.0,759,626,483.0,490.0,430.0,351.0
55432,2019-04-12T00:00:00Z,2019,4,5,False,False,11877,136.0,57.0,30.0,52.0,101.0,288,667,506,425.0,635.0,613.0,725.0,688,744,697,764,814,823.0,795,592,504.0,492.0,425.0,304.0
55432,2019-04-21T00:00:00Z,2019,4,7,True,True,10488,203.0,139.0,93.0,82.0,76.0,114,232,275,428.0,649.0,694.0,792.0,885,803,613,647,608,560.0,671,539,439.0,355.0,320.0,271.0
55432,2019-04-24T00:00:00Z,2019,4,3,False,True,12709,86.0,61.0,43.0,46.0,95.0,254,704,707,701.0,853.0,761.0,706.0,723,728,704,738,765,798.0,758,612,583.0,545.0,434.0,304.0
55432,2019-04-11T00:00:00Z,2019,4,4,False,False,13068,96.0,51.0,48.0,31.0,127.0,310,729,551,675.0,717.0,684.0,661.0,699,683,817,789,866,847.0,877,781,603.0,582.0,545.0,299.0
55432,2019-04-29T00:00:00Z,2019,4,1,False,True,11453,69.0,45.0,26.0,36.0,92.0,296,699,769,694.0,701.0,629.0,620.0,614,674,641,734,819,829.0,737,561,454.0,333.0,225.0,156.0
55432,2019-04-23T00:00:00Z,2019,4,2,False,True,11421,110.0,68.0,40.0,33.0,68.0,228,643,679,682.0,732.0,702.0,668.0,671,676,694,678,746,827.0,631,498,443.0,424.0,286.0,194.0
55432,2019-04-14T00:00:00Z,2019,4,7,False,True,11956,356.0,312.0,330.0,115.0,102.0,133,282,328,569.0,786.0,746.0,792.0,784,857,851,818,780,674.0,584,466,468.0,383.0,268.0,172.0
55432,2019-04-08T00:00:00Z,2019,4,1,False,False,12265,82.0,53.0,33.0,29.0,108.0,271,759,815,862.0,761.0,743.0,705.0,737,686,716,797,784,910.0,682,528,445.0,401.0,241.0,117.0
55432,2019-04-27T00:00:00Z,2019,4,6,False,True,12263,168.0,111.0,96.0,64.0,68.0,167,415,478,525.0,677.0,695.0,699.0,645,786,825,755,823,813.0,778,648,526.0,532.0,572.0,397.0
55432,2019-04-28T00:00:00Z,2019,4,7,False,True,11559,273.0,160.0,129.0,97.0,83.0,142,293,369,546.0,787.0,759.0,895.0,852,870,834,739,741,672.0,589,508,476.0,366.0,251.0,128.0
55432,2019-04-16T00:00:00Z,2019,4,2,False,True,12702,115.0,57.0,45.0,41.0,103.0,297,738,798,768.0,845.0,711.0,667.0,728,681,728,753,849,845.0,792,582,527.0,505.0,324.0,203.0
55432,2019-04-06T00:00:00Z,2019,4,6,False,False,14288,239.0,150.0,120.0,83.0,93.0,168,460,631,834.0,811.0,877.0,851.0,871,880,928,826,794,820.0,788,813,630.0,664.0,458.0,499.0
55432,2019-04-04T00:00:00Z,2019,4,4,False,False,13347,122.0,55.0,36.0,52.0,99.0,286,757,821,823.0,806.0,689.0,684.0,707,725,751,806,858,813.0,836,789,603.0,560.0,424.0,245.0
55432,2019-04-09T00:00:00Z,2019,4,2,False,False,12313,76.0,46.0,43.0,41.0,118.0,329,746,811,730.0,759.0,693.0,653.0,684,657,659,768,771,816.0,821,570,568.0,495.0,283.0,176.0
55432,2019-04-25T00:00:00Z,2019,4,4,True,True,11479,176.0,126.0,78.0,73.0,128.0,263,322,367,479.0,774.0,913.0,993.0,1045,890,820,619,560,570.0,496,464,451.0,388.0,297.0,187.0
55432,2019-04-13T00:00:00Z,2019,4,6,False,True,13769,227.0,155.0,98.0,96.0,92.0,194,528,661,787.0,972.0,924.0,815.0,699,880,828,800,878,764.0,717,671,563.0,509.0,479.0,432.0
55432,2019-04-02T00:00:00Z,2019,4,2,False,False,12281,56.0,43.0,33.0,53.0,97.0,319,739,737,769.0,799.0,665.0,604.0,655,663,669,772,812,884.0,849,592,531.0,443.0,350.0,147.0
55432,2019-04-18T00:00:00Z,2019,4,4,False,True,12905,105.0,56.0,36.0,53.0,107.0,339,746,746,783.0,835.0,770.0,741.0,712,714,723,753,761,820.0,743,581,524.0,489.0,455.0,313.0
55432,2019-05-10T00:00:00Z,2019,5,5,False,False,13449,135.0,66.0,39.0,64.0,92.0,295,765,820,797.0,751.0,660.0,726.0,707,733,688,774,854,833.0,800,663,632.0,577.0,543.0,435.0
55432,2019-04-03T00:00:00Z,2019,4,3,False,False,12717,105.0,46.0,44.0,52.0,83.0,321,764,861,740.0,773.0,690.0,707.0,669,659,686,757,782,827.0,829,675,566.0,519.0,349.0,213.0
55432,2019-04-20T00:00:00Z,2019,4,6,False,True,10923,151.0,82.0,58.0,41.0,65.0,140,319,385,578.0,682.0,790.0,861.0,797,740,690,723,635,655.0,613,504,359.0,415.0,357.0,283.0
55432,2019-04-26T00:00:00Z,2019,4,5,False,True,12107,111.0,72.0,46.0,54.0,82.0,236,558,602,723.0,867.0,760.0,785.0,830,783,740,703,772,720.0,626,507,476.0,395.0,345.0,314.0
55432,2019-05-17T00:00:00Z,2019,5,5,False,False,12632,127.0,59.0,49.0,61.0,116.0,282,730,849,853.0,774.0,648.0,629.0,611,655,740,784,727,832.0,730,571,495.0,485.0,453.0,372.0
55432,2019-05-14T00:00:00Z,2019,5,2,False,False,11993,59.0,53.0,39.0,42.0,97.0,276,683,857,813.0,721.0,642.0,686.0,678,700,611,752,820,751.0,572,629,511.0,474.0,330.0,197.0
55432,2019-04-15T00:00:00Z,2019,4,1,False,True,12323,70.0,33.0,30.0,48.0,94.0,297,717,740,820.0,842.0,697.0,728.0,707,705,685,722,804,880.0,786,546,475.0,399.0,295.0,203.0
55432,2019-04-10T00:00:00Z,2019,4,3,False,False,12874,86.0,50.0,27.0,32.0,116.0,300,788,810,816.0,741.0,702.0,687.0,712,690,689,787,856,922.0,762,630,597.0,512.0,341.0,221.0
55432,2019-04-19T00:00:00Z,2019,4,5,True,True,10034,180.0,108.0,86.0,98.0,100.0,173,268,344,413.0,597.0,733.0,803.0,760,740,687,624,571,591.0,501,432,332.0,353.0,328.0,212.0
55432,2019-05-09T00:00:00Z,2019,5,4,False,False,12665,118.0,47.0,25.0,53.0,117.0,299,724,754,800.0,744.0,646.0,646.0,722,684,669,761,791,760.0,761,715,612.0,552.0,389.0,276.0
55432,2019-05-04T00:00:00Z,2019,5,6,False,False,13485,207.0,126.0,102.0,100.0,89.0,178,457,660,785.0,807.0,816.0,806.0,833,842,850,876,783,794.0,810,628,501.0,531.0,465.0,439.0
55432,2019-05-12T00:00:00Z,2019,5,7,False,False,10889,305.0,213.0,158.0,108.0,113.0,131,242,343,463.0,654.0,692.0,763.0,657,717,750,762,729,622.0,604,494,472.0,438.0,259.0,200.0
55432,2019-05-18T00:00:00Z,2019,5,6,False,False,11692,201.0,134.0,113.0,92.0,97.0,149,476,714,780.0,726.0,689.0,611.0,603,635,718,598,664,652.0,657,555,490.0,471.0,501.0,366.0
55432,2019-05-26T00:00:00Z,2019,5,7,False,False,10501,274.0,194.0,183.0,105.0,83.0,106,226,338,460.0,669.0,683.0,757.0,863,762,713,760,613,611.0,537,445,401.0,336.0,254.0,128.0
55432,2019-05-15T00:00:00Z,2019,5,3,False,False,12304,89.0,48.0,33.0,49.0,98.0,274,690,830,743.0,754.0,662.0,647.0,706,637,663,723,850,777.0,717,640,577.0,498.0,402.0,197.0
55432,2019-05-25T00:00:00Z,2019,5,6,False,False,12693,310.0,171.0,128.0,85.0,90.0,160,446,615,660.0,800.0,848.0,840.0,890,857,825,668,741,648.0,599,521,487.0,451.0,472.0,381.0
55432,2019-05-07T00:00:00Z,2019,5,2,False,False,11960,86.0,35.0,38.0,59.0,95.0,300,706,782,807.0,667.0,623.0,620.0,678,634,671,746,811,751.0,708,639,505.0,469.0,341.0,189.0
55432,2019-05-23T00:00:00Z,2019,5,4,False,False,11258,105.0,54.0,41.0,53.0,94.0,264,635,568,460.0,559.0,526.0,585.0,603,617,651,693,767,818.0,738,617,589.0,524.0,454.0,243.0
55432,2019-05-19T00:00:00Z,2019,5,7,False,False,11632,309.0,229.0,159.0,116.0,99.0,134,309,404,565.0,790.0,926.0,822.0,865,842,809,757,708,648.0,532,427,397.0,380.0,243.0,162.0
55432,2019-05-05T00:00:00Z,2019,5,7,False,False,11124,304.0,178.0,151.0,115.0,103.0,116,266,346,522.0,701.0,709.0,763.0,829,770,793,818,694,681.0,574,499,432.0,358.0,262.0,140.0
55432,2019-05-30T00:00:00Z,2019,5,4,False,False,11403,108.0,56.0,37.0,52.0,114.0,253,686,485,488.0,552.0,681.0,590.0,614,561,678,724,819,859.0,726,598,524.0,573.0,413.0,212.0
55432,2019-05-22T00:00:00Z,2019,5,3,False,False,12074,79.0,47.0,28.0,43.0,106.0,289,717,795,762.0,715.0,704.0,639.0,628,625,619,703,765,808.0,746,618,582.0,524.0,353.0,179.0
55432,2019-05-27T00:00:00Z,2019,5,1,False,False,11440,81.0,61.0,31.0,36.0,119.0,276,693,767,760.0,710.0,634.0,573.0,641,583,670,693,718,842.0,718,527,473.0,394.0,255.0,185.0
55432,2019-05-08T00:00:00Z,2019,5,3,False,False,12285,93.0,56.0,40.0,45.0,106.0,284,749,839,850.0,755.0,703.0,665.0,634,636,637,665,749,762.0,698,639,571.0,543.0,367.0,199.0
55432,2019-05-11T00:00:00Z,2019,5,6,False,False,12841,263.0,151.0,113.0,108.0,149.0,183,412,689,744.0,852.0,809.0,779.0,801,862,849,770,711,676.0,590,561,485.0,450.0,468.0,366.0
55432,2019-05-01T00:00:00Z,2019,5,3,False,False,12311,88.0,53.0,32.0,50.0,110.0,262,748,823,799.0,686.0,686.0,623.0,694,642,670,746,784,837.0,772,641,562.0,515.0,330.0,158.0
55432,2019-05-16T00:00:00Z,2019,5,4,False,False,13048,111.0,74.0,58.0,52.0,105.0,277,729,796,805.0,720.0,685.0,697.0,669,641,715,732,849,845.0,834,723,691.0,556.0,411.0,273.0
55432,2019-05-21T00:00:00Z,2019,5,2,False,False,11805,63.0,39.0,33.0,51.0,100.0,305,697,720,788.0,713.0,653.0,598.0,596,694,667,675,775,834.0,790,591,526.0,446.0,302.0,149.0
55432,2019-05-03T00:00:00Z,2019,5,5,False,False,12246,105.0,58.0,36.0,56.0,83.0,268,729,776,777.0,684.0,669.0,667.0,646,565,648,795,773,846.0,761,603,496.0,455.0,388.0,362.0
55432,2019-05-28T00:00:00Z,2019,5,2,False,False,11629,60.0,43.0,32.0,36.0,105.0,296,662,763,776.0,726.0,596.0,620.0,553,621,668,722,769,760.0,738,597,514.0,482.0,335.0,155.0
55432,2019-06-21T00:00:00Z,2019,6,5,False,False,13296,131.0,57.0,55.0,61.0,99.0,272,691,800,825.0,779.0,695.0,644.0,735,660,679,797,829,873.0,924,805,479.0,453.0,542.0,411.0
55432,2019-06-14T00:00:00Z,2019,6,5,False,False,12052,107.0,63.0,49.0,55.0,102.0,263,684,768,704.0,709.0,650.0,601.0,673,587,700,758,734,815.0,730,560,496.0,469.0,439.0,336.0
55432,2019-05-13T00:00:00Z,2019,5,1,False,False,11833,79.0,52.0,51.0,46.0,109.0,246,691,774,791.0,750.0,716.0,666.0,640,662,682,744,805,833.0,706,511,482.0,416.0,246.0,135.0
55432,2019-05-20T00:00:00Z,2019,5,1,False,False,10922,82.0,48.0,35.0,56.0,109.0,277,536,614,752.0,747.0,611.0,572.0,613,563,584,708,693,841.0,698,559,415.0,388.0,298.0,123.0
55432,2019-05-24T00:00:00Z,2019,5,5,False,False,12999,117.0,45.0,35.0,59.0,98.0,281,689,687,743.0,707.0,736.0,643.0,660,726,683,754,737,870.0,895,777,542.0,510.0,566.0,439.0
55432,2019-05-06T00:00:00Z,2019,5,1,False,False,11665,83.0,46.0,45.0,46.0,108.0,258,695,788,795.0,734.0,644.0,632.0,638,646,642,740,778,879.0,671,568,452.0,371.0,287.0,119.0
55432,2019-06-01T00:00:00Z,2019,6,6,False,False,12302,248.0,151.0,94.0,79.0,77.0,143,416,690,713.0,865.0,806.0,810.0,796,795,712,696,705,617.0,643,526,457.0,417.0,480.0,366.0
55432,2019-05-02T00:00:00Z,2019,5,4,False,False,12397,73.0,51.0,43.0,54.0,111.0,276,698,837,831.0,694.0,669.0,645.0,639,672,692,734,832,707.0,722,675,551.0,523.0,424.0,244.0
55432,2019-05-29T00:00:00Z,2019,5,3,False,False,12022,87.0,42.0,48.0,40.0,115.0,283,703,769,822.0,756.0,653.0,596.0,626,712,673,715,766,811.0,652,568,560.0,523.0,327.0,175.0
55432,2019-06-26T00:00:00Z,2019,6,3,False,False,11932,74.0,44.0,28.0,40.0,111.0,259,694,817,783.0,713.0,622.0,602.0,639,614,579,666,790,829.0,760,666,614.0,518.0,293.0,177.0
55432,2019-06-19T00:00:00Z,2019,6,3,False,False,12117,101.0,28.0,46.0,42.0,97.0,260,681,803,860.0,726.0,684.0,645.0,663,653,654,687,760,780.0,745,635,529.0,527.0,331.0,180.0
55432,2019-06-27T00:00:00Z,2019,6,4,False,False,12283,95.0,81.0,43.0,43.0,104.0,284,641,803,779.0,777.0,675.0,652.0,618,650,704,668,786,810.0,726,668,613.0,477.0,363.0,223.0
55432,2019-06-22T00:00:00Z,2019,6,6,False,False,12419,243.0,141.0,93.0,86.0,85.0,167,381,576,690.0,782.0,798.0,857.0,775,770,828,751,771,669.0,689,551,459.0,439.0,468.0,350.0
55432,2019-06-17T00:00:00Z,2019,6,1,False,False,10821,72.0,48.0,37.0,47.0,114.0,238,585,743,759.0,657.0,593.0,580.0,557,619,619,656,787,774.0,687,508,384.0,366.0,260.0,131.0
55432,2019-06-12T00:00:00Z,2019,6,3,False,False,11610,65.0,37.0,35.0,49.0,112.0,297,685,753,797.0,722.0,674.0,585.0,592,587,628,657,728,815.0,715,572,545.0,451.0,349.0,160.0
55432,2019-06-18T00:00:00Z,2019,6,2,False,False,11627,73.0,33.0,33.0,45.0,116.0,258,690,774,780.0,744.0,651.0,597.0,638,658,669,645,803,753.0,706,554,478.0,445.0,331.0,153.0
55432,2019-06-05T00:00:00Z,2019,6,3,False,False,11396,79.0,43.0,39.0,34.0,105.0,254,568,764,777.0,716.0,614.0,562.0,591,630,639,687,747,853.0,716,594,462.0,382.0,355.0,185.0
55432,2019-06-11T00:00:00Z,2019,6,2,False,False,11263,53.0,42.0,30.0,44.0,97.0,263,678,837,753.0,721.0,630.0,593.0,608,606,646,671,760,766.0,646,556,464.0,397.0,281.0,121.0
55432,2019-06-15T00:00:00Z,2019,6,6,False,False,12584,244.0,131.0,111.0,89.0,92.0,144,398,624,668.0,794.0,781.0,819.0,816,830,836,771,670,667.0,565,633,516.0,496.0,485.0,404.0
55432,2019-06-06T00:00:00Z,2019,6,4,False,False,12232,101.0,52.0,28.0,54.0,100.0,282,677,782,788.0,726.0,631.0,592.0,660,665,629,699,797,889.0,697,683,635.0,498.0,357.0,210.0
55432,2019-06-16T00:00:00Z,2019,6,7,False,False,10361,347.0,204.0,134.0,108.0,84.0,116,197,268,415.0,597.0,675.0,724.0,774,767,823,761,698,525.0,518,446,391.0,344.0,267.0,178.0
55432,2019-06-23T00:00:00Z,2019,6,7,False,False,10436,283.0,161.0,122.0,115.0,95.0,112,232,269,467.0,575.0,727.0,755.0,807,741,736,789,710,621.0,506,451,397.0,329.0,269.0,167.0
55432,2019-06-02T00:00:00Z,2019,6,7,False,False,10794,260.0,151.0,107.0,132.0,101.0,107,228,384,559.0,731.0,784.0,808.0,798,762,759,772,685,585.0,528,423,419.0,351.0,215.0,145.0
55432,2019-06-13T00:00:00Z,2019,6,4,False,False,11817,86.0,39.0,43.0,52.0,115.0,256,673,760,754.0,677.0,603.0,582.0,670,612,611,685,764,781.0,737,592,517.0,511.0,468.0,229.0
55432,2019-07-18T00:00:00Z,2019,7,4,False,True,12137,125.0,68.0,45.0,56.0,99.0,286,676,723,681.0,717.0,684.0,670.0,632,683,633,682,766,804.0,772,591,582.0,498.0,413.0,251.0
55432,2019-06-10T00:00:00Z,2019,6,1,True,False,9252,190.0,134.0,94.0,75.0,70.0,107,223,239,340.0,537.0,694.0,734.0,790,750,647,701,554,517.0,438,423,362.0,309.0,201.0,123.0
55432,2019-06-04T00:00:00Z,2019,6,2,False,False,10926,69.0,34.0,27.0,33.0,106.0,240,612,717,769.0,683.0,633.0,572.0,550,555,597,709,666,767.0,735,577,451.0,421.0,277.0,126.0
55432,2019-06-24T00:00:00Z,2019,6,1,False,False,11074,74.0,46.0,31.0,42.0,93.0,260,630,798,741.0,758.0,637.0,599.0,577,618,626,717,724,819.0,684,530,373.0,319.0,254.0,124.0
55432,2019-06-25T00:00:00Z,2019,6,2,False,False,11503,59.0,55.0,35.0,48.0,90.0,263,702,863,808.0,723.0,622.0,599.0,628,580,638,720,772,794.0,605,624,451.0,457.0,248.0,119.0
55432,2019-06-03T00:00:00Z,2019,6,1,False,False,11126,73.0,47.0,36.0,55.0,100.0,235,622,813,760.0,680.0,618.0,607.0,612,621,618,708,682,821.0,723,514,464.0,333.0,222.0,162.0
55432,2019-06-20T00:00:00Z,2019,6,4,False,False,12506,169.0,91.0,41.0,51.0,105.0,315,700,779,853.0,743.0,672.0,640.0,642,654,634,707,746,850.0,771,639,584.0,502.0,386.0,232.0
55432,2019-06-08T00:00:00Z,2019,6,6,False,False,10793,240.0,131.0,110.0,78.0,89.0,144,352,434,548.0,591.0,597.0,728.0,727,766,712,699,680,587.0,538,490,472.0,358.0,386.0,336.0
55432,2019-06-07T00:00:00Z,2019,6,5,False,False,11917,96.0,63.0,42.0,50.0,105.0,266,655,760,706.0,707.0,603.0,609.0,645,688,689,658,721,716.0,745,617,534.0,472.0,478.0,292.0
55432,2019-07-22T00:00:00Z,2019,7,1,False,True,11908,79.0,33.0,33.0,40.0,92.0,261,629,723,725.0,729.0,618.0,615.0,634,639,581,696,757,808.0,840,714,665.0,396.0,377.0,224.0
55432,2019-06-09T00:00:00Z,2019,6,7,False,False,10849,244.0,165.0,156.0,121.0,125.0,89,217,282,463.0,586.0,691.0,718.0,802,869,992,746,563,576.0,551,425,414.0,417.0,400.0,237.0
55432,2019-07-05T00:00:00Z,2019,7,5,False,False,11996,109.0,58.0,36.0,39.0,105.0,251,631,676,760.0,764.0,659.0,644.0,714,680,653,701,775,790.0,735,622,480.0,432.0,361.0,321.0
55432,2019-07-15T00:00:00Z,2019,7,1,False,True,10764,70.0,40.0,36.0,49.0,84.0,243,641,656,661.0,722.0,635.0,616.0,564,636,610,706,713,778.0,680,473,419.0,365.0,206.0,161.0
55432,2019-07-27T00:00:00Z,2019,7,6,False,False,12884,227.0,147.0,103.0,94.0,99.0,168,383,629,739.0,801.0,870.0,908.0,894,857,813,815,768,690.0,650,536,439.0,438.0,446.0,370.0
55432,2019-07-01T00:00:00Z,2019,7,1,False,False,11346,70.0,37.0,38.0,48.0,106.0,273,687,767,779.0,713.0,609.0,653.0,604,614,646,728,743,835.0,733,523,412.0,366.0,250.0,112.0
55432,2019-07-02T00:00:00Z,2019,7,2,False,False,11780,65.0,29.0,28.0,38.0,111.0,266,727,786,785.0,748.0,671.0,598.0,644,711,629,732,810,822.0,735,566,422.0,429.0,294.0,134.0
55432,2019-07-13T00:00:00Z,2019,7,6,False,True,11931,180.0,110.0,105.0,88.0,81.0,177,429,482,528.0,694.0,762.0,908.0,975,918,771,716,660,478.0,651,511,473.0,455.0,417.0,362.0
55432,2019-07-21T00:00:00Z,2019,7,7,False,True,11353,254.0,163.0,137.0,107.0,106.0,128,271,332,556.0,730.0,858.0,911.0,874,936,854,737,685,602.0,552,479,380.0,342.0,221.0,138.0
55432,2019-07-07T00:00:00Z,2019,7,7,False,True,10744,286.0,215.0,146.0,116.0,100.0,118,228,283,450.0,624.0,746.0,699.0,834,835,859,755,640,644.0,568,459,396.0,353.0,236.0,154.0
55432,2019-07-11T00:00:00Z,2019,7,4,False,True,12012,150.0,81.0,63.0,60.0,88.0,273,648,659,711.0,695.0,695.0,678.0,695,619,636,728,702,810.0,752,607,531.0,481.0,403.0,247.0
55432,2019-07-10T00:00:00Z,2019,7,3,False,True,11687,61.0,45.0,36.0,56.0,112.0,264,642,519,713.0,745.0,659.0,661.0,644,665,655,730,749,805.0,725,560,447.0,384.0,421.0,389.0
55432,2019-07-09T00:00:00Z,2019,7,2,False,True,11672,71.0,46.0,29.0,49.0,108.0,284,645,743,748.0,754.0,701.0,635.0,657,608,672,716,735,767.0,722,576,518.0,407.0,298.0,183.0
55432,2019-07-16T00:00:00Z,2019,7,2,False,True,12181,71.0,28.0,36.0,38.0,81.0,295,677,655,715.0,790.0,651.0,669.0,677,616,688,693,772,783.0,810,882,536.0,462.0,367.0,189.0
55432,2019-07-19T00:00:00Z,2019,7,5,False,True,13002,120.0,67.0,50.0,46.0,102.0,250,675,694,713.0,753.0,737.0,685.0,717,725,712,753,720,814.0,739,738,678.0,521.0,579.0,414.0
55432,2019-07-28T00:00:00Z,2019,7,7,False,False,11773,288.0,157.0,128.0,104.0,99.0,134,251,352,598.0,825.0,950.0,906.0,981,867,905,740,662,620.0,564,476,417.0,371.0,235.0,143.0
55432,2019-07-23T00:00:00Z,2019,7,2,False,False,11627,84.0,55.0,34.0,40.0,105.0,295,669,704,773.0,761.0,626.0,634.0,631,617,643,688,756,781.0,692,585,518.0,423.0,315.0,198.0
55432,2019-07-04T00:00:00Z,2019,7,4,False,False,11933,150.0,80.0,75.0,100.0,102.0,265,684,696,766.0,723.0,632.0,602.0,581,645,647,717,796,793.0,756,598,535.0,426.0,360.0,204.0
55432,2019-07-12T00:00:00Z,2019,7,5,False,True,11798,97.0,57.0,46.0,51.0,100.0,272,653,703,697.0,705.0,664.0,640.0,652,689,669,674,764,763.0,736,513,455.0,469.0,402.0,327.0
55432,2019-07-26T00:00:00Z,2019,7,5,False,False,12393,117.0,47.0,56.0,56.0,88.0,265,654,790,825.0,789.0,700.0,678.0,694,690,611,774,751,794.0,662,622,505.0,454.0,413.0,358.0
55432,2019-07-06T00:00:00Z,2019,7,6,False,True,12322,221.0,135.0,82.0,81.0,86.0,135,360,484,579.0,683.0,777.0,901.0,819,845,861,902,758,644.0,695,533,488.0,444.0,468.0,341.0
55432,2019-07-25T00:00:00Z,2019,7,4,False,False,12157,95.0,62.0,41.0,48.0,92.0,310,637,771,816.0,738.0,773.0,656.0,665,694,639,719,757,799.0,698,571,514.0,520.0,351.0,191.0
55432,2019-07-24T00:00:00Z,2019,7,3,False,False,12005,86.0,35.0,33.0,45.0,101.0,283,722,769,813.0,807.0,651.0,656.0,611,561,626,678,769,771.0,783,604,501.0,480.0,349.0,271.0
55432,2019-07-08T00:00:00Z,2019,7,1,False,True,10946,77.0,47.0,36.0,48.0,111.0,259,616,708,694.0,773.0,674.0,569.0,620,629,612,707,696,784.0,706,484,432.0,317.0,232.0,115.0
55432,2019-07-20T00:00:00Z,2019,7,6,False,True,12474,257.0,155.0,109.0,85.0,102.0,149,402,568,633.0,746.0,781.0,818.0,807,867,934,718,741,579.0,683,567,525.0,431.0,454.0,363.0
55432,2019-07-17T00:00:00Z,2019,7,3,False,True,12597,83.0,47.0,33.0,57.0,90.0,246,680,748,765.0,757.0,663.0,660.0,640,710,601,724,740,834.0,787,760,743.0,536.0,361.0,332.0
55432,2019-08-01T00:00:00Z,2019,8,4,False,False,12294,92.0,37.0,34.0,40.0,111.0,281,685,798,764.0,755.0,648.0,674.0,653,671,651,735,829,819.0,717,652,551.0,564.0,349.0,184.0
55432,2019-07-30T00:00:00Z,2019,7,2,False,False,11620,72.0,31.0,38.0,36.0,87.0,256,679,806,787.0,738.0,636.0,515.0,632,631,630,722,750,847.0,815,546,505.0,423.0,286.0,152.0
55432,2019-07-03T00:00:00Z,2019,7,3,False,False,12198,74.0,41.0,38.0,53.0,104.0,277,707,792,756.0,775.0,705.0,606.0,652,688,601,740,771,842.0,755,546,477.0,491.0,429.0,278.0
55432,2019-07-29T00:00:00Z,2019,7,1,False,False,11317,67.0,53.0,66.0,63.0,99.0,249,633,786,783.0,781.0,644.0,630.0,600,661,633,751,752,785.0,677,491,440.0,313.0,223.0,137.0
55432,2019-07-14T00:00:00Z,2019,7,7,False,True,10178,272.0,153.0,124.0,122.0,84.0,122,250,283,382.0,564.0,760.0,730.0,751,754,803,719,608,569.0,547,462,457.0,325.0,209.0,128.0
55432,2019-07-31T00:00:00Z,2019,7,3,False,False,11762,80.0,44.0,29.0,44.0,86.0,259,652,751,757.0,784.0,659.0,675.0,652,665,625,631,743,717.0,776,595,476.0,515.0,349.0,198.0
55432,2019-08-11T00:00:00Z,2019,8,7,False,False,12017,477.0,255.0,136.0,90.0,122.0,160,318,417,574.0,716.0,827.0,840.0,894,822,903,725,748,714.0,588,518,444.0,357.0,238.0,134.0
55432,2019-08-30T00:00:00Z,2019,8,5,False,False,11974,131.0,54.0,43.0,51.0,102.0,243,568,794,783.0,719.0,637.0,641.0,645,652,675,723,746,769.0,740,583,485.0,433.0,434.0,323.0
55432,2019-08-02T00:00:00Z,2019,8,5,False,False,12395,99.0,64.0,42.0,60.0,93.0,261,667,792,785.0,763.0,634.0,686.0,665,724,706,725,761,803.0,726,609,476.0,465.0,422.0,367.0
55432,2019-08-14T00:00:00Z,2019,8,3,False,False,12065,90.0,36.0,34.0,47.0,96.0,243,690,745,852.0,736.0,679.0,633.0,653,685,626,736,792,780.0,764,630,501.0,514.0,323.0,180.0
55432,2019-08-28T00:00:00Z,2019,8,3,False,False,12050,85.0,43.0,39.0,41.0,88.0,272,741,789,817.0,698.0,676.0,674.0,636,665,615,658,799,858.0,697,627,513.0,558.0,299.0,162.0
55432,2019-08-16T00:00:00Z,2019,8,5,False,False,12680,113.0,71.0,53.0,53.0,105.0,295,737,803,789.0,772.0,721.0,711.0,684,675,750,721,790,798.0,703,639,508.0,458.0,425.0,306.0
55432,2019-08-05T00:00:00Z,2019,8,1,False,False,11612,67.0,35.0,40.0,46.0,83.0,218,613,781,746.0,701.0,671.0,682.0,638,680,707,812,822,808.0,690,534,466.0,392.0,214.0,166.0
55432,2019-08-25T00:00:00Z,2019,8,7,False,False,11211,288.0,208.0,177.0,129.0,112.0,153,240,335,504.0,718.0,740.0,830.0,842,845,776,788,698,610.0,560,471,426.0,352.0,240.0,169.0
55432,2019-08-07T00:00:00Z,2019,8,3,False,False,12406,87.0,44.0,26.0,50.0,90.0,255,703,874,814.0,725.0,674.0,633.0,694,694,750,706,790,830.0,722,645,488.0,542.0,369.0,201.0
55432,2019-08-03T00:00:00Z,2019,8,6,False,False,12933,225.0,123.0,103.0,83.0,70.0,145,472,643,777.0,831.0,808.0,860.0,856,795,863,767,741,739.0,627,577,471.0,482.0,467.0,408.0
55432,2019-08-27T00:00:00Z,2019,8,2,False,False,11979,72.0,55.0,38.0,43.0,108.0,257,713,772,790.0,734.0,604.0,669.0,657,736,655,735,791,800.0,713,588,535.0,433.0,256.0,225.0
55432,2019-08-29T00:00:00Z,2019,8,4,False,False,12150,97.0,50.0,43.0,52.0,101.0,303,670,803,788.0,693.0,599.0,648.0,600,633,698,709,748,797.0,749,609,544.0,521.0,390.0,305.0
55432,2019-08-23T00:00:00Z,2019,8,5,False,False,12765,122.0,58.0,59.0,49.0,117.0,274,688,830,769.0,735.0,712.0,712.0,685,722,773,792,795,789.0,773,627,487.0,490.0,431.0,276.0
55432,2019-08-24T00:00:00Z,2019,8,6,False,False,12303,213.0,153.0,95.0,88.0,94.0,186,450,565,700.0,807.0,880.0,918.0,628,681,750,749,752,517.0,614,593,519.0,434.0,484.0,433.0
55432,2019-08-12T00:00:00Z,2019,8,1,False,False,11627,80.0,47.0,35.0,57.0,83.0,268,669,843,799.0,689.0,663.0,618.0,641,628,707,684,752,840.0,735,579,485.0,382.0,220.0,123.0
55432,2019-08-21T00:00:00Z,2019,8,3,False,False,12305,76.0,44.0,36.0,43.0,89.0,283,710,837,801.0,748.0,642.0,680.0,673,668,619,740,786,848.0,768,648,526.0,496.0,362.0,182.0
55432,2019-08-04T00:00:00Z,2019,8,7,False,False,11541,262.0,161.0,148.0,101.0,88.0,114,284,366,518.0,702.0,877.0,882.0,957,872,814,782,715,690.0,621,479,377.0,367.0,232.0,132.0
55432,2019-08-13T00:00:00Z,2019,8,2,False,False,11889,56.0,23.0,44.0,36.0,80.0,297,690,793,753.0,727.0,703.0,647.0,630,657,638,725,752,739.0,773,628,534.0,492.0,322.0,150.0
55432,2019-08-26T00:00:00Z,2019,8,1,False,False,11295,87.0,38.0,57.0,59.0,107.0,258,697,755,838.0,683.0,594.0,542.0,638,608,642,689,816,818.0,696,452,407.0,369.0,297.0,148.0
55432,2019-08-10T00:00:00Z,2019,8,6,False,False,13475,215.0,148.0,99.0,82.0,88.0,149,391,554,794.0,841.0,873.0,844.0,873,773,829,836,748,801.0,827,784,541.0,479.0,476.0,430.0
55432,2019-08-08T00:00:00Z,2019,8,4,False,False,12555,128.0,59.0,37.0,52.0,107.0,294,698,795,865.0,713.0,678.0,657.0,649,739,676,750,799,814.0,807,623,556.0,529.0,342.0,188.0
55432,2019-08-06T00:00:00Z,2019,8,2,False,False,12055,77.0,40.0,31.0,41.0,82.0,291,642,786,798.0,677.0,695.0,609.0,631,671,647,702,808,871.0,726,637,540.0,499.0,311.0,243.0
55432,2019-08-18T00:00:00Z,2019,8,7,False,False,10550,284.0,195.0,133.0,127.0,89.0,144,291,359,590.0,916.0,900.0,696.0,549,430,672,727,552,608.0,575,474,459.0,375.0,246.0,159.0
55432,2019-08-20T00:00:00Z,2019,8,2,False,False,12115,72.0,27.0,33.0,43.0,94.0,306,741,796,818.0,722.0,728.0,604.0,626,629,633,717,823,821.0,783,627,545.0,514.0,258.0,155.0
55432,2019-08-15T00:00:00Z,2019,8,4,False,False,12450,111.0,54.0,49.0,50.0,106.0,286,662,778,764.0,678.0,692.0,638.0,673,666,703,765,794,844.0,766,651,539.0,544.0,364.0,273.0
55432,2019-08-19T00:00:00Z,2019,8,1,False,False,11187,74.0,41.0,48.0,49.0,102.0,269,663,779,702.0,688.0,657.0,604.0,625,663,624,688,766,732.0,707,559,448.0,368.0,220.0,111.0
55432,2019-08-09T00:00:00Z,2019,8,5,False,False,12476,88.0,56.0,51.0,68.0,104.0,266,718,830,825.0,766.0,722.0,661.0,660,687,703,748,767,628.0,794,616,483.0,444.0,445.0,346.0
55432,2019-08-22T00:00:00Z,2019,8,4,False,False,12477,98.0,59.0,30.0,42.0,93.0,286,673,818,821.0,723.0,698.0,606.0,691,663,707,766,848,811.0,741,618,548.0,507.0,400.0,230.0
55432,2019-08-31T00:00:00Z,2019,8,6,False,False,12690,204.0,149.0,96.0,101.0,90.0,154,407,481,612.0,653.0,707.0,786.0,746,809,781,850,796,773.0,798,692,495.0,566.0,551.0,393.0
55432,2019-09-28T00:00:00Z,2019,9,6,False,True,13149,207.0,138.0,111.0,96.0,78.0,183,434,592,644.0,771.0,725.0,799.0,802,905,886,815,847,806.0,817,598,466.0,502.0,545.0,382.0
55432,2019-09-09T00:00:00Z,2019,9,1,False,False,11393,78.0,35.0,56.0,55.0,87.0,295,721,796,790.0,697.0,649.0,595.0,642,640,635,703,792,761.0,731,516,434.0,334.0,246.0,105.0
55432,2019-08-17T00:00:00Z,2019,8,6,False,False,12816,191.0,155.0,84.0,84.0,85.0,158,462,596,709.0,815.0,930.0,877.0,766,819,813,769,725,711.0,660,520,527.0,480.0,452.0,428.0
55432,2019-09-18T00:00:00Z,2019,9,3,False,False,11741,79.0,42.0,36.0,45.0,89.0,257,637,787,805.0,735.0,688.0,661.0,643,666,675,714,691,802.0,777,521,480.0,445.0,316.0,150.0
55432,2019-09-01T00:00:00Z,2019,9,7,False,False,11883,326.0,199.0,172.0,137.0,112.0,134,240,324,547.0,637.0,785.0,788.0,841,883,939,948,716,663.0,620,521,489.0,419.0,251.0,192.0
55432,2019-09-23T00:00:00Z,2019,9,1,False,False,11740,79.0,39.0,39.0,45.0,86.0,261,703,759,766.0,776.0,677.0,685.0,622,697,687,756,791,800.0,762,541,417.0,395.0,224.0,133.0
55432,2019-09-17T00:00:00Z,2019,9,2,False,False,11654,64.0,32.0,38.0,43.0,96.0,267,675,830,735.0,762.0,648.0,611.0,604,614,694,668,775,833.0,713,603,477.0,448.0,269.0,155.0
55432,2019-09-03T00:00:00Z,2019,9,2,False,False,12250,61.0,32.0,39.0,57.0,97.0,295,748,797,790.0,769.0,720.0,656.0,627,644,637,735,770,895.0,779,609,517.0,468.0,347.0,161.0
55432,2019-09-25T00:00:00Z,2019,9,3,False,False,12900,97.0,36.0,43.0,54.0,102.0,309,783,858,754.0,765.0,696.0,712.0,751,709,677,738,865,891.0,708,641,513.0,567.0,361.0,270.0
55432,2019-09-21T00:00:00Z,2019,9,6,False,False,12443,266.0,137.0,127.0,93.0,96.0,203,433,529,625.0,661.0,782.0,872.0,872,766,807,776,746,741.0,618,550,467.0,445.0,472.0,359.0
55432,2019-09-14T00:00:00Z,2019,9,6,False,False,12525,218.0,132.0,124.0,102.0,78.0,175,427,551,698.0,695.0,801.0,792.0,772,847,832,818,771,729.0,643,499,498.0,473.0,459.0,391.0
55432,2019-09-19T00:00:00Z,2019,9,4,False,False,12448,92.0,48.0,33.0,47.0,112.0,273,709,785,790.0,704.0,676.0,649.0,634,673,715,717,816,879.0,762,609,543.0,542.0,401.0,239.0
55432,2019-09-07T00:00:00Z,2019,9,6,False,False,12542,213.0,129.0,107.0,80.0,70.0,151,381,563,709.0,798.0,804.0,831.0,866,824,795,736,764,702.0,639,518,506.0,452.0,427.0,477.0
55432,2019-09-12T00:00:00Z,2019,9,4,False,False,13206,112.0,55.0,50.0,52.0,93.0,323,706,850,732.0,721.0,685.0,720.0,621,684,659,734,824,882.0,830,762,641.0,659.0,450.0,361.0
55432,2019-09-16T00:00:00Z,2019,9,1,False,False,11483,62.0,47.0,35.0,42.0,107.0,239,729,795,773.0,737.0,676.0,669.0,619,642,665,724,790,806.0,708,529,399.0,373.0,206.0,111.0
55432,2019-09-20T00:00:00Z,2019,9,5,False,False,13098,116.0,72.0,43.0,58.0,91.0,296,735,791,819.0,706.0,659.0,625.0,677,686,734,758,733,872.0,765,697,635.0,507.0,509.0,514.0
55432,2019-09-24T00:00:00Z,2019,9,2,False,False,12534,65.0,42.0,36.0,46.0,87.0,312,738,779,784.0,800.0,710.0,712.0,682,718,665,727,764,883.0,806,632,531.0,533.0,319.0,163.0
55432,2019-09-02T00:00:00Z,2019,9,1,False,False,11593,86.0,47.0,61.0,56.0,114.0,287,666,780,756.0,712.0,665.0,605.0,626,657,615,742,773,824.0,723,552,498.0,365.0,263.0,120.0
55432,2019-09-30T00:00:00Z,2019,9,1,False,True,11074,84.0,39.0,28.0,47.0,103.0,273,715,702,713.0,728.0,666.0,618.0,676,604,649,639,695,799.0,656,514,395.0,349.0,243.0,139.0
55432,2019-09-22T00:00:00Z,2019,9,7,False,False,11087,263.0,183.0,145.0,108.0,107.0,119,256,350,454.0,699.0,795.0,779.0,781,821,826,807,707,645.0,541,470,471.0,385.0,252.0,123.0
55432,2019-09-15T00:00:00Z,2019,9,7,False,False,12908,271.0,173.0,155.0,126.0,146.0,273,565,722,790.0,685.0,716.0,1068.0,987,900,893,778,710,656.0,573,507,463.0,349.0,256.0,146.0
55432,2019-09-11T00:00:00Z,2019,9,3,False,False,12476,84.0,35.0,22.0,41.0,98.0,282,745,835,749.0,778.0,690.0,639.0,667,662,664,750,800,800.0,757,662,591.0,552.0,374.0,199.0
55432,2019-09-10T00:00:00Z,2019,9,2,False,False,12220,58.0,44.0,41.0,39.0,89.0,303,728,847,786.0,754.0,689.0,631.0,672,635,673,678,815,888.0,822,631,506.0,451.0,312.0,128.0
55432,2019-09-04T00:00:00Z,2019,9,3,False,False,12483,99.0,46.0,38.0,52.0,88.0,321,755,799,785.0,726.0,722.0,678.0,668,676,688,712,800,856.0,796,629,519.0,493.0,345.0,192.0
55432,2019-10-24T00:00:00Z,2019,10,4,False,False,13728,98.0,49.0,33.0,54.0,88.0,308,786,835,801.0,749.0,746.0,768.0,690,683,677,809,828,899.0,901,804,750.0,523.0,529.0,320.0
55432,2019-10-25T00:00:00Z,2019,10,5,False,False,13680,111.0,52.0,42.0,62.0,103.0,335,779,855,726.0,777.0,805.0,818.0,811,823,695,836,814,808.0,780,687,575.0,485.0,513.0,388.0
55432,2019-09-06T00:00:00Z,2019,9,5,False,False,12333,123.0,48.0,49.0,48.0,102.0,306,702,832,738.0,708.0,706.0,685.0,669,643,710,767,773,787.0,666,561,495.0,438.0,442.0,335.0
55432,2019-09-05T00:00:00Z,2019,9,4,False,False,12632,111.0,57.0,44.0,44.0,105.0,335,769,786,815.0,735.0,735.0,655.0,678,642,708,717,879,824.0,726,586,538.0,477.0,427.0,239.0
55432,2019-09-26T00:00:00Z,2019,9,4,False,False,12637,108.0,54.0,38.0,53.0,111.0,326,715,754,785.0,720.0,694.0,730.0,741,652,662,751,775,840.0,696,634,619.0,543.0,417.0,219.0
55432,2019-09-29T00:00:00Z,2019,9,7,False,True,11939,308.0,205.0,161.0,118.0,132.0,162,277,439,558.0,793.0,837.0,896.0,949,913,847,772,744,637.0,533,446,457.0,339.0,282.0,134.0
55432,2019-09-27T00:00:00Z,2019,9,5,False,False,12805,109.0,44.0,48.0,54.0,96.0,312,744,714,799.0,791.0,769.0,718.0,697,730,793,781,791,854.0,720,544,501.0,431.0,417.0,348.0
55432,2019-10-04T00:00:00Z,2019,10,5,False,True,12805,101.0,61.0,47.0,53.0,95.0,346,821,780,747.0,835.0,799.0,402.0,755,788,740,694,785,810.0,732,667,516.0,459.0,457.0,315.0
55432,2019-09-13T00:00:00Z,2019,9,5,False,False,12800,105.0,66.0,46.0,55.0,103.0,306,758,804,798.0,696.0,676.0,660.0,678,715,728,813,802,862.0,601,585,537.0,577.0,502.0,327.0
55432,2019-09-08T00:00:00Z,2019,9,7,False,False,11311,306.0,177.0,139.0,117.0,90.0,129,281,314,491.0,706.0,837.0,809.0,877,895,848,771,680,662.0,574,484,371.0,354.0,246.0,153.0
55432,2019-10-17T00:00:00Z,2019,10,4,False,False,13166,116.0,52.0,48.0,46.0,113.0,277,754,812,762.0,696.0,760.0,722.0,628,697,729,834,830,839.0,791,746,582.0,580.0,450.0,302.0
55432,2019-10-07T00:00:00Z,2019,10,1,True,True,10538,436.0,184.0,111.0,85.0,80.0,129,261,281,404.0,568.0,661.0,817.0,882,824,760,678,626,544.0,575,453,417.0,358.0,265.0,139.0
55432,2019-10-05T00:00:00Z,2019,10,6,False,True,13057,176.0,108.0,96.0,100.0,98.0,168,370,444,507.0,678.0,745.0,864.0,909,893,740,749,778,825.0,826,631,532.0,684.0,670.0,466.0
55432,2019-10-20T00:00:00Z,2019,10,7,False,False,12167,322.0,203.0,147.0,124.0,113.0,159,322,415,573.0,738.0,872.0,957.0,897,853,822,840,725,684.0,586,524,441.0,403.0,272.0,175.0
55432,2019-10-09T00:00:00Z,2019,10,3,False,True,11933,69.0,39.0,44.0,37.0,89.0,299,644,760,755.0,741.0,725.0,639.0,627,691,664,630,729,732.0,816,666,519.0,453.0,354.0,211.0
55432,2019-10-02T00:00:00Z,2019,10,3,False,True,12639,72.0,41.0,21.0,43.0,91.0,305,741,801,773.0,773.0,689.0,724.0,709,704,642,765,805,879.0,771,641,514.0,494.0,416.0,225.0
55432,2019-10-27T00:00:00Z,2019,10,7,False,False,12435,275.0,187.0,137.0,140.0,105.0,175,301,419,616.0,802.0,803.0,875.0,1006,914,872,851,797,681.0,584,566,454.0,392.0,307.0,176.0
55432,2019-10-08T00:00:00Z,2019,10,2,False,True,11775,71.0,45.0,38.0,39.0,76.0,244,705,712,735.0,760.0,690.0,636.0,694,653,677,690,744,841.0,703,639,469.0,404.0,338.0,172.0
55432,2019-10-21T00:00:00Z,2019,10,1,False,False,11715,99.0,22.0,32.0,50.0,85.0,264,690,779,797.0,721.0,637.0,686.0,658,608,661,743,737,806.0,791,547,500.0,413.0,257.0,132.0
55432,2019-10-01T00:00:00Z,2019,10,2,False,True,12030,95.0,35.0,36.0,47.0,80.0,301,768,764,645.0,757.0,686.0,699.0,613,665,619,720,713,854.0,791,670,527.0,420.0,384.0,141.0
55432,2019-10-26T00:00:00Z,2019,10,6,False,False,13840,263.0,144.0,110.0,89.0,92.0,224,465,707,736.0,874.0,890.0,986.0,947,787,846,873,759,778.0,681,681,490.0,490.0,527.0,401.0
55432,2019-10-22T00:00:00Z,2019,10,2,False,False,12164,86.0,30.0,31.0,43.0,86.0,324,742,799,791.0,743.0,734.0,629.0,600,664,661,680,799,788.0,771,694,486.0,476.0,336.0,171.0
55432,2019-10-29T00:00:00Z,2019,10,2,False,False,12518,68.0,34.0,29.0,38.0,96.0,292,783,837,779.0,754.0,786.0,675.0,667,615,670,768,842,938.0,765,615,523.0,474.0,321.0,149.0
55432,2019-10-13T00:00:00Z,2019,10,7,False,True,11484,255.0,198.0,164.0,101.0,100.0,148,257,345,465.0,604.0,722.0,865.0,896,800,799,822,792,712.0,626,521,481.0,386.0,269.0,156.0
55432,2019-10-30T00:00:00Z,2019,10,3,False,False,13108,68.0,34.0,30.0,48.0,92.0,316,803,865,804.0,753.0,692.0,708.0,717,688,709,756,956,794.0,739,756,627.0,568.0,411.0,174.0
55432,2019-10-18T00:00:00Z,2019,10,5,False,False,13231,135.0,63.0,52.0,36.0,106.0,309,777,830,735.0,714.0,725.0,755.0,671,692,704,698,828,870.0,826,755,544.0,508.0,525.0,373.0
55432,2019-10-06T00:00:00Z,2019,10,7,False,True,11100,211.0,164.0,,124.0,118.0,147,244,279,378.0,546.0,682.0,761.0,778,725,751,731,737,681.0,620,575,471.0,410.0,454.0,513.0
55432,2019-10-16T00:00:00Z,2019,10,3,False,False,12856,80.0,47.0,33.0,54.0,111.0,308,740,858,850.0,730.0,701.0,674.0,728,626,651,703,901,798.0,851,714,537.0,519.0,439.0,203.0
55432,2019-10-10T00:00:00Z,2019,10,4,False,True,12806,102.0,47.0,38.0,47.0,112.0,294,678,725,747.0,752.0,724.0,639.0,745,688,718,792,773,841.0,845,727,614.0,515.0,445.0,198.0
55432,2019-10-14T00:00:00Z,2019,10,1,False,False,11573,88.0,38.0,42.0,36.0,73.0,277,731,788,781.0,777.0,669.0,642.0,637,662,620,685,755,786.0,735,558,426.0,365.0,256.0,146.0
55432,2019-10-28T00:00:00Z,2019,10,1,False,False,11902,89.0,52.0,29.0,42.0,104.0,274,748,818,833.0,721.0,672.0,629.0,670,656,649,733,809,829.0,780,517,436.0,423.0,250.0,139.0
55432,2019-10-31T00:00:00Z,2019,10,4,False,False,13296,94.0,58.0,47.0,57.0,89.0,352,816,851,810.0,714.0,717.0,711.0,658,659,715,839,818,845.0,899,705,577.0,535.0,448.0,282.0
55432,2019-10-11T00:00:00Z,2019,10,5,False,True,13169,103.0,54.0,39.0,59.0,86.0,268,674,714,797.0,711.0,706.0,726.0,682,664,742,882,866,880.0,776,735,599.0,488.0,500.0,418.0
55432,2019-10-23T00:00:00Z,2019,10,3,False,False,12549,69.0,42.0,26.0,56.0,101.0,303,791,807,695.0,707.0,701.0,696.0,698,649,693,774,804,860.0,716,703,552.0,534.0,370.0,202.0
55432,2019-10-03T00:00:00Z,2019,10,4,False,True,13552,117.0,59.0,37.0,48.0,99.0,296,754,786,722.0,811.0,780.0,732.0,761,720,673,767,848,909.0,935,796,557.0,571.0,526.0,248.0
55432,2019-10-12T00:00:00Z,2019,10,6,False,True,13399,256.0,121.0,110.0,83.0,78.0,150,391,491,638.0,737.0,788.0,908.0,900,888,880,954,791,765.0,826,713,496.0,517.0,506.0,412.0
55432,2019-10-19T00:00:00Z,2019,10,6,False,False,14100,259.0,127.0,122.0,88.0,93.0,196,475,661,845.0,837.0,936.0,999.0,883,955,905,775,773,740.0,720,655,583.0,463.0,556.0,454.0
55432,2019-10-15T00:00:00Z,2019,10,2,False,False,12428,59.0,41.0,27.0,42.0,107.0,285,748,870,741.0,768.0,725.0,683.0,662,635,701,755,787,894.0,587,729,509.0,491.0,396.0,186.0
55432,2019-11-06T00:00:00Z,2019,11,3,False,False,12814,103.0,52.0,34.0,67.0,93.0,356,800,857,799.0,746.0,663.0,568.0,655,751,662,750,816,843.0,884,638,538.0,500.0,410.0,229.0
55432,2019-11-10T00:00:00Z,2019,11,7,False,False,13020,302.0,239.0,182.0,110.0,100.0,204,306,424,592.0,752.0,881.0,979.0,993,919,912,871,752,716.0,669,590,540.0,405.0,368.0,214.0
55432,2019-11-08T00:00:00Z,2019,11,5,False,False,13486,118.0,68.0,54.0,47.0,105.0,343,734,866,700.0,783.0,746.0,694.0,700,744,760,849,835,844.0,855,703,536.0,488.0,478.0,436.0
55432,2019-11-11T00:00:00Z,2019,11,1,False,False,12223,105.0,72.0,41.0,54.0,94.0,307,767,818,766.0,806.0,713.0,710.0,663,688,675,743,812,868.0,709,543,491.0,375.0,263.0,140.0
55432,2019-11-07T00:00:00Z,2019,11,4,False,False,13429,109.0,58.0,37.0,53.0,110.0,335,830,827,811.0,762.0,695.0,747.0,727,714,726,762,851,959.0,801,696,611.0,553.0,453.0,202.0
55432,2019-11-04T00:00:00Z,2019,11,1,False,False,12232,71.0,38.0,26.0,43.0,87.0,264,732,800,788.0,770.0,757.0,682.0,667,675,697,782,854,893.0,815,532,461.0,407.0,251.0,140.0
55432,2019-11-18T00:00:00Z,2019,11,1,False,False,12029,85.0,54.0,38.0,39.0,101.0,278,794,773,770.0,731.0,648.0,663.0,713,666,620,718,795,880.0,771,558,533.0,385.0,265.0,151.0
55432,2019-11-03T00:00:00Z,2019,11,7,False,False,12159,341.0,252.0,199.0,159.0,123.0,180,294,436,675.0,798.0,796.0,946.0,908,959,797,728,678,605.0,569,450,455.0,397.0,256.0,158.0
55432,2019-11-14T00:00:00Z,2019,11,4,False,False,12999,105.0,57.0,54.0,49.0,112.0,353,803,792,701.0,664.0,716.0,693.0,702,707,713,769,842,850.0,790,709,603.0,569.0,423.0,223.0
55432,2019-11-15T00:00:00Z,2019,11,5,False,False,13318,119.0,72.0,36.0,59.0,105.0,351,831,841,762.0,705.0,802.0,795.0,691,716,749,712,717,873.0,803,602,563.0,535.0,475.0,404.0
55432,2019-11-16T00:00:00Z,2019,11,6,False,False,13778,236.0,155.0,106.0,102.0,93.0,199,465,676,777.0,869.0,833.0,930.0,877,932,792,865,848,800.0,718,614,507.0,466.0,506.0,412.0
55432,2019-11-19T00:00:00Z,2019,11,2,False,False,12906,71.0,37.0,39.0,46.0,107.0,339,760,796,782.0,787.0,722.0,718.0,719,733,729,701,819,917.0,837,653,521.0,517.0,387.0,169.0
55432,2019-11-21T00:00:00Z,2019,11,4,False,False,13239,96.0,66.0,43.0,43.0,108.0,352,779,849,748.0,707.0,689.0,682.0,700,699,681,789,806,863.0,823,825,720.0,553.0,400.0,218.0
55432,2019-11-24T00:00:00Z,2019,11,7,False,False,12120,312.0,261.0,176.0,169.0,137.0,157,259,361,612.0,700.0,845.0,813.0,816,792,806,773,816,675.0,698,537,454.0,506.0,302.0,143.0
55432,2019-11-13T00:00:00Z,2019,11,3,False,False,12928,76.0,38.0,33.0,44.0,112.0,348,727,799,733.0,779.0,733.0,697.0,711,715,680,744,809,845.0,735,790,603.0,488.0,435.0,254.0
55432,2019-11-22T00:00:00Z,2019,11,5,False,False,13847,118.0,60.0,60.0,57.0,123.0,363,755,780,750.0,748.0,688.0,730.0,752,712,735,850,878,896.0,800,709,628.0,580.0,589.0,486.0
55432,2019-11-12T00:00:00Z,2019,11,2,False,False,12753,70.0,44.0,37.0,46.0,91.0,350,803,837,779.0,784.0,733.0,685.0,707,718,685,755,767,881.0,828,675,500.0,439.0,366.0,173.0
55432,2019-11-09T00:00:00Z,2019,11,6,False,False,13755,277.0,124.0,118.0,91.0,92.0,224,508,706,785.0,813.0,852.0,871.0,824,802,851,920,798,776.0,703,624,517.0,490.0,554.0,435.0
55432,2019-11-17T00:00:00Z,2019,11,7,False,False,12111,281.0,253.0,160.0,117.0,97.0,160,285,420,526.0,779.0,766.0,893.0,932,868,750,819,723,707.0,593,511,467.0,470.0,338.0,196.0
55432,2019-11-02T00:00:00Z,2019,11,6,False,False,14295,248.0,171.0,107.0,81.0,93.0,191,506,686,862.0,883.0,827.0,873.0,858,816,801,902,780,729.0,789,745,645.0,600.0,603.0,499.0
55432,2019-11-20T00:00:00Z,2019,11,3,False,False,13304,88.0,59.0,30.0,56.0,98.0,320,853,877,780.0,739.0,711.0,729.0,751,672,717,714,849,822.0,802,761,754.0,535.0,381.0,206.0
55432,2019-11-01T00:00:00Z,2019,11,5,False,False,13660,153.0,67.0,63.0,82.0,121.0,295,790,817,838.0,750.0,796.0,741.0,720,722,782,878,748,865.0,804,642,564.0,509.0,559.0,354.0
55432,2019-11-23T00:00:00Z,2019,11,6,False,False,13854,334.0,197.0,117.0,107.0,128.0,210,510,596,748.0,826.0,799.0,802.0,782,880,881,917,844,812.0,653,650,558.0,520.0,569.0,414.0
55432,2019-11-05T00:00:00Z,2019,11,2,False,False,12833,68.0,32.0,21.0,45.0,91.0,326,754,849,782.0,806.0,739.0,792.0,749,719,657,741,832,833.0,754,664,541.0,456.0,381.0,201.0
55432,2020-04-01T00:00:00Z,2020,4,3,False,False,7635,39.0,29.0,25.0,32.0,66.0,201,620,619,518.0,431.0,444.0,453.0,446,445,466,508,569,565.0,457,265,177.0,130.0,74.0,56.0
55432,2020-04-19T00:00:00Z,2020,4,7,False,True,5480,56.0,37.0,25.0,23.0,29.0,72,184,196,235.0,288.0,389.0,394.0,481,464,464,454,449,358.0,263,209,165.0,112.0,91.0,42.0
55432,2020-04-25T00:00:00Z,2020,4,6,True,True,7177,70.0,32.0,31.0,35.0,29.0,136,304,335,388.0,414.0,552.0,553.0,566,601,554,537,504,415.0,340,274,176.0,148.0,108.0,75.0
55432,2020-04-30T00:00:00Z,2020,4,4,False,False,8461,38.0,30.0,23.0,33.0,64.0,211,664,684,566.0,529.0,508.0,515.0,487,498,534,547,593,654.0,462,306,210.0,137.0,93.0,75.0
55432,2020-04-12T00:00:00Z,2020,4,7,True,True,4447,50.0,28.0,19.0,22.0,28.0,72,167,173,203.0,253.0,270.0,340.0,370,374,336,343,321,261.0,251,165,132.0,121.0,93.0,55.0
55432,2020-04-07T00:00:00Z,2020,4,2,False,False,7873,35.0,21.0,19.0,33.0,72.0,216,649,624,537.0,451.0,484.0,410.0,490,508,486,533,574,613.0,439,239,169.0,135.0,87.0,49.0
55432,2020-04-22T00:00:00Z,2020,4,3,False,True,8782,45.0,24.0,16.0,32.0,56.0,241,673,667,580.0,554.0,545.0,531.0,548,552,564,609,661,675.0,456,267,187.0,139.0,98.0,62.0
55432,2020-04-11T00:00:00Z,2020,4,6,False,True,5724,41.0,23.0,21.0,17.0,35.0,103,243,260,274.0,349.0,438.0,453.0,518,487,431,428,411,321.0,255,194,112.0,139.0,113.0,58.0
55432,2020-04-18T00:00:00Z,2020,4,6,False,True,6982,45.0,32.0,22.0,31.0,33.0,121,338,369,363.0,401.0,491.0,494.0,563,531,572,560,522,406.0,339,253,186.0,117.0,118.0,75.0
55432,2020-04-03T00:00:00Z,2020,4,5,False,False,7779,31.0,25.0,15.0,30.0,59.0,182,615,582,516.0,502.0,442.0,475.0,462,472,467,578,518,601.0,437,279,188.0,140.0,82.0,81.0
55432,2020-04-04T00:00:00Z,2020,4,6,False,False,6259,50.0,31.0,33.0,22.0,31.0,76,297,285,294.0,335.0,427.0,458.0,512,494,491,469,473,385.0,345,242,168.0,149.0,119.0,73.0
55432,2020-04-29T00:00:00Z,2020,4,3,False,False,9029,41.0,19.0,18.0,29.0,67.0,224,688,712,619.0,569.0,502.0,578.0,529,549,551,646,673,679.0,480,313,219.0,162.0,93.0,69.0
55432,2020-04-14T00:00:00Z,2020,4,2,False,True,7664,32.0,17.0,26.0,29.0,46.0,174,577,574,530.0,461.0,455.0,490.0,488,458,503,529,600,611.0,406,261,153.0,117.0,74.0,53.0
55432,2020-04-09T00:00:00Z,2020,4,4,False,False,8315,39.0,25.0,23.0,33.0,68.0,196,632,637,561.0,503.0,508.0,488.0,484,547,532,632,564,612.0,428,289,202.0,130.0,112.0,70.0
55432,2020-04-21T00:00:00Z,2020,4,2,False,True,8389,34.0,19.0,20.0,28.0,52.0,203,698,642,558.0,502.0,510.0,526.0,515,570,530,571,609,616.0,418,302,198.0,124.0,75.0,69.0
55432,2020-04-23T00:00:00Z,2020,4,4,False,True,8829,32.0,19.0,34.0,25.0,56.0,225,668,641,584.0,548.0,508.0,515.0,571,596,577,617,661,646.0,497,296,204.0,146.0,103.0,60.0
55432,2020-04-02T00:00:00Z,2020,4,4,False,False,7490,35.0,17.0,26.0,33.0,56.0,185,622,603,558.0,474.0,438.0,470.0,445,431,465,551,507,483.0,397,249,173.0,129.0,89.0,54.0
55432,2020-04-16T00:00:00Z,2020,4,4,False,True,8359,24.0,21.0,19.0,37.0,57.0,216,655,670,594.0,530.0,448.0,514.0,487,528,568,561,615,603.0,449,315,201.0,108.0,91.0,48.0
55432,2020-04-26T00:00:00Z,2020,4,7,False,True,6305,57.0,28.0,37.0,30.0,27.0,76,196,295,283.0,381.0,439.0,537.0,553,584,581,519,398,362.0,272,210,159.0,133.0,102.0,46.0
55432,2020-05-01T00:00:00Z,2020,5,5,False,False,9819,33.0,25.0,28.0,33.0,50.0,218,682,634,623.0,569.0,637.0,564.0,679,626,621,716,673,751.0,580,321,277.0,193.0,174.0,112.0
55432,2020-04-20T00:00:00Z,2020,4,1,False,True,7987,29.0,12.0,19.0,30.0,60.0,214,699,666,567.0,498.0,475.0,492.0,471,491,466,526,617,569.0,410,239,184.0,133.0,74.0,46.0
55432,2020-04-17T00:00:00Z,2020,4,5,False,False,7953,42.0,24.0,23.0,33.0,49.0,221,634,582,554.0,516.0,403.0,165.0,378,554,585,589,639,642.0,444,336,195.0,146.0,121.0,78.0
55432,2020-04-27T00:00:00Z,2020,4,1,False,True,8113,29.0,23.0,16.0,27.0,60.0,206,607,644,566.0,512.0,470.0,485.0,523,479,497,568,630,649.0,414,230,193.0,126.0,92.0,67.0
55432,2020-04-08T00:00:00Z,2020,4,3,False,False,8013,38.0,24.0,24.0,39.0,65.0,186,660,635,517.0,503.0,491.0,434.0,442,502,504,591,596,637.0,427,278,167.0,120.0,70.0,63.0
55432,2020-04-15T00:00:00Z,2020,4,3,False,True,8169,29.0,24.0,8.0,39.0,60.0,207,656,614,576.0,481.0,540.0,475.0,485,520,504,561,616,635.0,416,273,170.0,130.0,79.0,71.0
55432,2020-04-28T00:00:00Z,2020,4,2,False,False,8540,22.0,20.0,22.0,32.0,70.0,220,686,676,584.0,500.0,495.0,506.0,559,546,519,599,624,635.0,456,286,193.0,143.0,81.0,66.0
55432,2020-04-06T00:00:00Z,2020,4,1,False,False,7630,19.0,27.0,16.0,26.0,65.0,199,668,579,597.0,496.0,453.0,449.0,469,461,447,527,560,577.0,406,204,155.0,106.0,70.0,54.0
55432,2020-05-30T00:00:00Z,2020,5,6,False,False,10744,163.0,103.0,59.0,58.0,33.0,120,456,458,550.0,659.0,783.0,773.0,641,790,715,788,712,621.0,583,452,356.0,336.0,281.0,254.0
55432,2020-05-25T00:00:00Z,2020,5,1,False,False,8924,37.0,22.0,15.0,25.0,61.0,227,611,598,660.0,646.0,505.0,543.0,553,622,600,598,573,642.0,503,301,184.0,187.0,124.0,87.0
55432,2020-05-06T00:00:00Z,2020,5,3,False,False,9508,34.0,22.0,32.0,37.0,68.0,241,714,669,636.0,588.0,561.0,577.0,588,546,609,728,677,706.0,535,323,233.0,185.0,123.0,76.0
55432,2020-05-29T00:00:00Z,2020,5,5,False,False,10873,58.0,36.0,31.0,41.0,56.0,225,682,715,730.0,772.0,630.0,657.0,686,629,707,678,608,653.0,658,471,351.0,282.0,304.0,213.0
55432,2020-05-11T00:00:00Z,2020,5,1,False,False,9089,39.0,24.0,25.0,32.0,57.0,230,675,669,662.0,608.0,528.0,507.0,567,581,568,674,668,684.0,474,286,217.0,144.0,115.0,55.0
55432,2020-05-21T00:00:00Z,2020,5,4,False,False,10177,49.0,34.0,30.0,26.0,58.0,231,740,715,749.0,581.0,610.0,577.0,548,629,673,688,773,729.0,575,382,306.0,221.0,148.0,105.0
55432,2020-05-13T00:00:00Z,2020,5,3,False,False,9732,47.0,19.0,33.0,36.0,55.0,226,696,722,671.0,596.0,576.0,544.0,562,598,633,734,666,741.0,561,368,246.0,172.0,150.0,80.0
55432,2020-05-10T00:00:00Z,2020,5,7,False,False,7659,115.0,80.0,44.0,37.0,29.0,96,219,238,291.0,399.0,529.0,645.0,682,650,566,620,574,534.0,388,281,258.0,203.0,112.0,69.0
55432,2020-05-20T00:00:00Z,2020,5,3,False,False,10458,32.0,27.0,24.0,34.0,62.0,217,709,744,710.0,655.0,627.0,642.0,691,648,655,685,747,715.0,631,396,315.0,217.0,175.0,100.0
55432,2020-05-02T00:00:00Z,2020,5,6,False,False,8467,77.0,63.0,41.0,34.0,30.0,113,376,377,393.0,526.0,589.0,612.0,650,641,655,706,585,536.0,430,303,224.0,208.0,180.0,118.0
55432,2020-05-22T00:00:00Z,2020,5,5,False,False,10383,68.0,45.0,23.0,32.0,56.0,175,598,684,675.0,649.0,579.0,604.0,627,676,695,709,715,714.0,591,460,338.0,252.0,241.0,177.0
55432,2020-05-19T00:00:00Z,2020,5,2,False,False,9805,54.0,27.0,23.0,24.0,60.0,229,725,648,633.0,611.0,578.0,597.0,621,557,674,690,722,702.0,598,388,232.0,225.0,124.0,63.0
55432,2020-05-31T00:00:00Z,2020,5,7,False,False,9000,195.0,107.0,67.0,39.0,54.0,106,227,279,378.0,482.0,694.0,773.0,684,746,801,681,626,479.0,451,342,290.0,251.0,150.0,98.0
55432,2020-05-17T00:00:00Z,2020,5,7,False,False,8598,166.0,97.0,58.0,56.0,42.0,88,231,258,327.0,507.0,641.0,709.0,777,741,677,666,613,552.0,405,299,238.0,218.0,146.0,86.0
55432,2020-05-04T00:00:00Z,2020,5,1,False,False,8690,30.0,21.0,26.0,32.0,55.0,214,643,645,629.0,551.0,516.0,529.0,520,544,543,614,657,647.0,454,307,189.0,170.0,95.0,59.0
55432,2020-05-26T00:00:00Z,2020,5,2,False,False,9861,44.0,16.0,15.0,39.0,65.0,186,629,696,614.0,707.0,603.0,520.0,600,632,724,691,667,735.0,566,379,286.0,205.0,146.0,96.0
55432,2020-05-03T00:00:00Z,2020,5,7,False,False,7260,90.0,55.0,34.0,29.0,25.0,78,176,225,272.0,405.0,519.0,528.0,599,678,693,580,582,459.0,409,257,189.0,153.0,141.0,84.0
55432,2020-05-08T00:00:00Z,2020,5,5,False,False,10374,39.0,30.0,27.0,35.0,64.0,218,711,706,660.0,609.0,625.0,698.0,626,658,672,691,727,739.0,583,438,269.0,221.0,185.0,143.0
55432,2020-05-23T00:00:00Z,2020,5,6,False,False,10041,143.0,89.0,62.0,36.0,42.0,119,404,415,484.0,616.0,753.0,738.0,736,777,725,701,610,562.0,521,411,338.0,281.0,247.0,231.0
55432,2020-05-16T00:00:00Z,2020,5,6,False,False,9698,132.0,95.0,57.0,45.0,35.0,116,397,380,440.0,537.0,656.0,711.0,708,746,782,698,673,567.0,517,397,289.0,271.0,262.0,187.0
55432,2020-05-28T00:00:00Z,2020,5,4,False,False,10725,66.0,27.0,21.0,33.0,55.0,245,713,709,732.0,752.0,561.0,702.0,704,671,726,767,654,615.0,650,448,311.0,252.0,197.0,114.0
55432,2020-05-14T00:00:00Z,2020,5,4,False,False,9806,53.0,31.0,22.0,26.0,71.0,199,626,701,711.0,639.0,526.0,594.0,593,535,693,667,764,708.0,553,360,269.0,212.0,163.0,90.0
55432,2020-05-12T00:00:00Z,2020,5,2,False,False,9538,35.0,15.0,23.0,23.0,63.0,218,683,713,674.0,585.0,559.0,600.0,574,602,675,709,700,642.0,531,307,227.0,166.0,133.0,81.0
55432,2020-05-27T00:00:00Z,2020,5,3,False,False,10467,51.0,31.0,31.0,37.0,62.0,200,677,716,782.0,780.0,598.0,646.0,626,642,681,679,732,658.0,603,421,296.0,248.0,173.0,97.0
55432,2020-05-09T00:00:00Z,2020,5,6,False,False,9425,90.0,69.0,34.0,38.0,41.0,153,415,436,455.0,582.0,668.0,726.0,723,759,747,705,595,573.0,466,310,250.0,217.0,199.0,174.0
55432,2020-05-15T00:00:00Z,2020,5,5,False,False,10126,51.0,25.0,23.0,42.0,55.0,213,711,712,712.0,687.0,611.0,528.0,573,606,639,662,684,654.0,647,420,269.0,224.0,217.0,161.0
55432,2020-05-05T00:00:00Z,2020,5,2,False,False,9088,38.0,28.0,21.0,25.0,50.0,210,647,665,625.0,527.0,551.0,534.0,503,549,600,665,707,696.0,528,319,211.0,192.0,120.0,77.0
55432,2020-05-18T00:00:00Z,2020,5,1,False,False,9387,47.0,28.0,21.0,34.0,57.0,212,670,703,681.0,647.0,542.0,554.0,578,590,622,691,660,706.0,484,296,185.0,184.0,112.0,83.0
55432,2020-05-24T00:00:00Z,2020,5,7,False,False,8040,154.0,103.0,68.0,46.0,35.0,67,223,226,285.0,435.0,508.0,660.0,720,711,679,624,598,467.0,396,320,276.0,194.0,160.0,85.0
55432,2020-06-03T00:00:00Z,2020,6,3,False,False,10522,73.0,41.0,24.0,34.0,65.0,243,718,757,732.0,607.0,602.0,587.0,654,636,635,710,739,704.0,636,429,327.0,291.0,161.0,117.0
55432,2020-05-07T00:00:00Z,2020,5,4,False,False,9772,36.0,21.0,25.0,33.0,68.0,224,705,725,612.0,598.0,542.0,577.0,584,587,618,719,727,744.0,567,349,244.0,215.0,145.0,107.0
55432,2020-06-27T00:00:00Z,2020,6,6,False,False,11344,228.0,121.0,87.0,68.0,64.0,128,409,454,607.0,719.0,712.0,786.0,732,795,810,744,671,590.0,583,520,477.0,372.0,366.0,301.0
55432,2020-06-17T00:00:00Z,2020,6,3,False,False,10825,70.0,34.0,21.0,44.0,74.0,249,699,770,776.0,618.0,644.0,628.0,655,602,660,717,708,782.0,586,403,404.0,328.0,235.0,118.0
55432,2020-06-06T00:00:00Z,2020,6,6,False,False,10314,178.0,125.0,78.0,53.0,43.0,120,412,410,541.0,663.0,703.0,748.0,694,712,707,732,654,586.0,511,461,334.0,348.0,274.0,227.0
55432,2020-06-21T00:00:00Z,2020,6,7,False,False,9214,252.0,178.0,110.0,86.0,66.0,89,174,205,255.0,453.0,600.0,688.0,710,804,827,779,660,578.0,475,371,301.0,273.0,180.0,100.0
55432,2020-06-26T00:00:00Z,2020,6,5,False,False,11452,89.0,46.0,40.0,41.0,70.0,217,707,772,794.0,726.0,714.0,684.0,660,661,702,661,651,639.0,642,506,478.0,339.0,341.0,272.0
55432,2020-06-02T00:00:00Z,2020,6,2,False,False,10016,40.0,27.0,22.0,19.0,62.0,214,697,642,636.0,661.0,533.0,603.0,570,606,651,680,717,740.0,654,408,332.0,242.0,156.0,104.0
55432,2020-06-09T00:00:00Z,2020,6,2,False,False,9719,41.0,31.0,11.0,29.0,55.0,224,628,699,678.0,648.0,592.0,616.0,587,559,618,666,662,656.0,558,443,290.0,196.0,153.0,79.0
55432,2020-06-08T00:00:00Z,2020,6,1,True,False,8133,118.0,74.0,27.0,36.0,55.0,95,172,195,301.0,461.0,613.0,757.0,714,709,664,639,558,439.0,418,343,289.0,239.0,135.0,82.0
55432,2020-06-20T00:00:00Z,2020,6,6,False,False,11062,198.0,116.0,78.0,67.0,58.0,139,458,484,523.0,760.0,685.0,747.0,718,710,663,704,699,572.0,571,533,484.0,387.0,398.0,310.0
55432,2020-06-10T00:00:00Z,2020,6,3,False,False,10039,68.0,30.0,26.0,30.0,60.0,211,671,723,796.0,579.0,620.0,569.0,550,575,649,605,637,726.0,599,430,316.0,278.0,181.0,110.0
55432,2020-06-30T00:00:00Z,2020,6,2,False,False,10735,53.0,27.0,25.0,36.0,71.0,250,722,718,746.0,615.0,672.0,675.0,651,698,660,665,707,637.0,530,512,400.0,336.0,209.0,120.0
55432,2020-06-16T00:00:00Z,2020,6,2,False,False,10733,58.0,35.0,21.0,42.0,72.0,260,732,750,808.0,614.0,693.0,590.0,621,678,703,745,682,621.0,626,455,353.0,292.0,180.0,102.0
55432,2020-06-04T00:00:00Z,2020,6,4,False,False,10840,63.0,30.0,23.0,26.0,72.0,266,698,791,795.0,591.0,611.0,606.0,645,629,692,692,765,677.0,628,454,341.0,334.0,263.0,148.0
55432,2020-06-23T00:00:00Z,2020,6,2,False,False,10792,43.0,18.0,18.0,29.0,69.0,266,700,753,687.0,639.0,677.0,648.0,628,679,668,624,711,774.0,660,492,386.0,298.0,222.0,103.0
55432,2020-06-22T00:00:00Z,2020,6,1,False,False,10125,46.0,42.0,22.0,35.0,73.0,258,640,777,768.0,590.0,638.0,630.0,554,606,670,670,638,682.0,593,397,309.0,243.0,151.0,93.0
55432,2020-06-19T00:00:00Z,2020,6,5,False,False,11682,83.0,68.0,40.0,37.0,79.0,243,733,810,797.0,684.0,681.0,674.0,720,644,724,640,718,748.0,654,530,406.0,350.0,353.0,266.0
55432,2020-06-15T00:00:00Z,2020,6,1,False,False,10254,58.0,23.0,26.0,41.0,67.0,228,702,764,814.0,620.0,623.0,618.0,610,584,657,746,664,709.0,543,386,296.0,226.0,157.0,92.0
55432,2020-06-07T00:00:00Z,2020,6,7,False,False,8288,210.0,97.0,86.0,69.0,46.0,82,201,224,284.0,504.0,585.0,655.0,650,634,646,611,533,472.0,421,345,307.0,256.0,239.0,131.0
55432,2020-06-01T00:00:00Z,2020,6,1,False,False,9965,59.0,21.0,13.0,25.0,66.0,215,702,684,714.0,587.0,632.0,591.0,620,681,643,720,683,709.0,564,354,263.0,203.0,132.0,84.0
55432,2020-06-24T00:00:00Z,2020,6,3,False,False,11059,59.0,35.0,24.0,38.0,80.0,275,697,706,700.0,699.0,678.0,663.0,612,649,641,730,723,725.0,721,464,416.0,369.0,240.0,115.0
55432,2020-07-30T00:00:00Z,2020,7,4,False,False,11710,72.0,44.0,35.0,40.0,96.0,284,760,812,756.0,685.0,682.0,706.0,675,673,649,740,746,751.0,716,572,407.0,388.0,277.0,144.0
55432,2020-06-28T00:00:00Z,2020,6,7,False,False,9830,282.0,190.0,109.0,95.0,63.0,120,204,281,428.0,585.0,728.0,763.0,808,730,795,725,612,591.0,459,403,302.0,285.0,163.0,109.0
55432,2020-06-29T00:00:00Z,2020,6,1,False,False,10023,69.0,44.0,27.0,33.0,71.0,218,632,694,693.0,611.0,582.0,547.0,604,670,593,671,708,693.0,594,484,300.0,240.0,149.0,96.0
55432,2020-07-23T00:00:00Z,2020,7,4,False,False,11754,79.0,48.0,33.0,33.0,73.0,288,728,916,698.0,655.0,710.0,683.0,717,699,732,706,708,667.0,669,602,496.0,394.0,269.0,151.0
55432,2020-07-10T00:00:00Z,2020,7,5,False,True,11771,92.0,62.0,41.0,47.0,75.0,204,731,678,737.0,697.0,697.0,703.0,713,688,752,708,775,693.0,686,582,435.0,345.0,379.0,251.0
55432,2020-06-25T00:00:00Z,2020,6,4,False,False,11486,66.0,41.0,38.0,31.0,68.0,238,720,762,791.0,672.0,696.0,629.0,661,690,639,760,692,798.0,709,516,412.0,381.0,290.0,186.0
55432,2020-06-14T00:00:00Z,2020,6,7,False,False,9170,245.0,139.0,94.0,71.0,52.0,97,187,232,304.0,490.0,623.0,689.0,770,808,809,675,664,567.0,455,348,293.0,262.0,185.0,111.0
55432,2020-07-20T00:00:00Z,2020,7,1,False,True,9876,55.0,30.0,25.0,34.0,71.0,256,701,774,653.0,585.0,528.0,375.0,376,638,664,693,748,719.0,623,478,328.0,248.0,173.0,101.0
55432,2020-07-21T00:00:00Z,2020,7,2,False,False,11039,43.0,24.0,32.0,37.0,65.0,287,693,741,647.0,681.0,646.0,675.0,650,639,715,737,753,735.0,706,506,387.0,308.0,211.0,121.0
55432,2020-06-11T00:00:00Z,2020,6,4,False,False,10744,72.0,40.0,25.0,33.0,64.0,229,666,736,707.0,586.0,691.0,668.0,612,665,672,718,697,665.0,608,510,387.0,322.0,233.0,138.0
55432,2020-06-18T00:00:00Z,2020,6,4,False,False,11234,71.0,35.0,24.0,34.0,89.0,220,705,815,733.0,658.0,683.0,657.0,726,661,681,697,691,775.0,662,472,406.0,341.0,252.0,146.0
55432,2020-06-13T00:00:00Z,2020,6,6,False,False,10979,205.0,112.0,66.0,62.0,51.0,135,417,454,576.0,719.0,723.0,769.0,780,732,792,683,653,617.0,532,483,415.0,383.0,331.0,289.0
55432,2020-07-24T00:00:00Z,2020,7,5,False,False,12376,89.0,44.0,38.0,39.0,103.0,289,730,848,823.0,698.0,736.0,733.0,682,743,766,771,759,744.0,707,566,443.0,419.0,330.0,276.0
55432,2020-06-12T00:00:00Z,2020,6,5,False,False,11005,63.0,47.0,30.0,35.0,69.0,233,686,764,758.0,631.0,639.0,644.0,589,634,672,726,656,648.0,668,534,358.0,357.0,318.0,246.0
55432,2020-07-31T00:00:00Z,2020,7,5,False,False,11740,100.0,41.0,47.0,44.0,86.0,288,788,786,676.0,659.0,673.0,645.0,632,713,689,745,754,783.0,618,577,422.0,399.0,318.0,257.0
55432,2020-07-09T00:00:00Z,2020,7,4,False,True,11578,70.0,33.0,35.0,37.0,86.0,227,631,672,683.0,743.0,694.0,716.0,714,708,646,731,683,732.0,764,608,481.0,441.0,279.0,164.0
55432,2020-07-16T00:00:00Z,2020,7,4,False,True,11674,70.0,46.0,29.0,42.0,65.0,247,693,709,646.0,713.0,677.0,727.0,720,718,687,692,793,800.0,692,578,476.0,374.0,311.0,169.0
55432,2020-07-06T00:00:00Z,2020,7,1,False,True,10536,51.0,38.0,41.0,35.0,63.0,250,673,655,699.0,595.0,641.0,649.0,634,675,677,639,748,726.0,676,466,331.0,267.0,185.0,122.0
55432,2020-06-05T00:00:00Z,2020,6,5,False,False,11162,74.0,52.0,44.0,36.0,70.0,229,717,723,813.0,695.0,704.0,723.0,672,679,696,716,671,601.0,579,455,368.0,328.0,275.0,242.0
55432,2020-07-27T00:00:00Z,2020,7,1,False,False,10260,59.0,31.0,25.0,43.0,110.0,255,628,808,709.0,643.0,582.0,580.0,612,588,649,688,699,731.0,552,427,329.0,257.0,172.0,83.0
55432,2020-07-17T00:00:00Z,2020,7,5,False,True,11780,88.0,46.0,41.0,34.0,67.0,267,701,741,651.0,746.0,683.0,720.0,720,717,699,748,796,667.0,694,565,429.0,405.0,299.0,256.0
55432,2020-07-26T00:00:00Z,2020,7,7,False,False,8652,219.0,162.0,107.0,80.0,63.0,90,174,218,298.0,486.0,544.0,685.0,692,719,685,648,575,514.0,479,339,316.0,254.0,200.0,105.0
55432,2020-07-15T00:00:00Z,2020,7,3,False,True,11075,66.0,23.0,25.0,31.0,74.0,237,632,699,664.0,695.0,643.0,638.0,711,682,659,671,749,773.0,685,516,393.0,368.0,295.0,146.0
55432,2020-07-07T00:00:00Z,2020,7,2,False,True,10943,65.0,21.0,23.0,46.0,75.0,233,719,740,612.0,678.0,694.0,693.0,716,682,646,668,719,698.0,688,436,434.0,314.0,223.0,120.0
55432,2020-07-13T00:00:00Z,2020,7,1,False,True,10559,60.0,41.0,25.0,35.0,73.0,213,630,698,629.0,687.0,606.0,621.0,685,668,695,685,715,726.0,662,454,364.0,285.0,198.0,104.0
55432,2020-07-19T00:00:00Z,2020,7,7,False,True,10511,236.0,162.0,113.0,109.0,74.0,113,212,276,414.0,626.0,807.0,799.0,846,882,860,754,659,610.0,505,419,366.0,325.0,226.0,118.0
55432,2020-07-28T00:00:00Z,2020,7,2,False,False,10932,55.0,39.0,29.0,42.0,81.0,284,636,717,687.0,681.0,596.0,626.0,670,669,685,759,682,773.0,682,487,406.0,327.0,202.0,117.0
55432,2020-07-25T00:00:00Z,2020,7,6,False,False,11553,208.0,124.0,62.0,65.0,70.0,141,452,524,641.0,722.0,753.0,791.0,780,825,814,762,684,611.0,589,483,407.0,386.0,375.0,284.0
55432,2020-07-03T00:00:00Z,2020,7,5,False,False,11800,96.0,44.0,42.0,39.0,76.0,240,675,753,827.0,643.0,741.0,741.0,690,742,704,726,691,650.0,654,540,476.0,414.0,340.0,256.0
55432,2020-07-12T00:00:00Z,2020,7,7,False,True,10171,244.0,195.0,116.0,95.0,65.0,96,230,262,406.0,603.0,732.0,874.0,814,810,844,760,608,596.0,506,362,335.0,301.0,212.0,105.0
55432,2020-07-08T00:00:00Z,2020,7,3,False,True,11200,59.0,31.0,32.0,41.0,73.0,216,618,712,672.0,706.0,661.0,664.0,731,690,603,719,778,755.0,692,549,449.0,370.0,258.0,121.0
55432,2020-07-29T00:00:00Z,2020,7,3,False,False,11974,75.0,54.0,32.0,45.0,108.0,297,779,832,761.0,738.0,716.0,711.0,693,686,693,737,738,762.0,718,522,481.0,387.0,271.0,138.0
55432,2020-07-11T00:00:00Z,2020,7,6,False,True,11276,214.0,129.0,99.0,93.0,59.0,126,381,394,513.0,673.0,710.0,766.0,739,762,725,712,773,660.0,613,550,445.0,405.0,386.0,349.0
55432,2020-07-05T00:00:00Z,2020,7,7,False,True,10322,237.0,160.0,143.0,96.0,77.0,102,211,259,398.0,646.0,784.0,805.0,737,878,812,793,680,558.0,528,428,388.0,308.0,190.0,104.0
55432,2020-07-18T00:00:00Z,2020,7,6,False,True,11511,197.0,122.0,77.0,68.0,60.0,135,418,458,559.0,769.0,753.0,818.0,759,789,808,813,685,641.0,575,507,414.0,410.0,359.0,317.0
55432,2020-07-14T00:00:00Z,2020,7,2,False,True,10155,60.0,38.0,21.0,25.0,62.0,243,621,646,625.0,614.0,603.0,568.0,590,602,640,697,713,684.0,626,471,367.0,329.0,194.0,116.0
55432,2020-07-01T00:00:00Z,2020,7,3,False,False,11243,69.0,50.0,36.0,50.0,75.0,238,688,749,657.0,650.0,718.0,692.0,694,670,771,707,767,629.0,636,508,449.0,359.0,248.0,133.0
55432,2020-07-02T00:00:00Z,2020,7,4,False,False,11648,77.0,47.0,35.0,35.0,80.0,235,707,759,737.0,711.0,671.0,722.0,665,677,704,691,694,819.0,693,548,443.0,414.0,305.0,179.0
55432,2020-07-22T00:00:00Z,2020,7,3,False,False,11159,66.0,34.0,29.0,39.0,78.0,277,770,793,662.0,636.0,708.0,588.0,646,691,726,761,726,534.0,658,494,446.0,410.0,247.0,140.0
55432,2020-07-04T00:00:00Z,2020,7,6,False,True,11583,215.0,129.0,90.0,75.0,77.0,151,411,421,506.0,700.0,745.0,788.0,773,799,911,732,746,601.0,605,552,453.0,422.0,386.0,295.0
55432,2020-08-08T00:00:00Z,2020,8,6,False,False,11336,191.0,93.0,74.0,80.0,66.0,143,373,471,615.0,667.0,709.0,801.0,781,765,776,740,784,720.0,657,477,387.0,365.0,335.0,266.0
55432,2020-08-18T00:00:00Z,2020,8,2,False,False,11423,64.0,21.0,20.0,31.0,64.0,301,779,762,636.0,702.0,672.0,675.0,633,721,706,717,763,805.0,707,517,443.0,351.0,210.0,123.0
55432,2020-08-31T00:00:00Z,2020,8,1,False,False,10863,76.0,41.0,36.0,36.0,75.0,270,720,788,625.0,672.0,681.0,657.0,615,614,721,675,675,781.0,673,490,369.0,299.0,184.0,90.0
55432,2020-08-02T00:00:00Z,2020,8,7,False,False,10759,232.0,145.0,112.0,87.0,76.0,116,225,321,468.0,662.0,828.0,802.0,862,889,894,801,728,592.0,530,416,347.0,298.0,216.0,112.0
55432,2020-08-15T00:00:00Z,2020,8,6,False,False,12254,226.0,112.0,78.0,79.0,65.0,133,463,524,704.0,850.0,846.0,822.0,803,790,784,764,778,747.0,666,524,471.0,415.0,321.0,289.0
55432,2020-08-21T00:00:00Z,2020,8,5,False,False,12273,92.0,39.0,40.0,55.0,83.0,289,761,776,737.0,710.0,706.0,754.0,729,721,760,750,777,699.0,715,560,445.0,425.0,370.0,280.0
55432,2020-08-07T00:00:00Z,2020,8,5,False,False,11522,78.0,29.0,45.0,41.0,89.0,271,810,841,710.0,647.0,586.0,646.0,656,665,700,779,757,737.0,635,522,359.0,360.0,315.0,244.0
55432,2020-08-19T00:00:00Z,2020,8,3,False,False,9697,53.0,26.0,20.0,34.0,87.0,282,783,818,751.0,671.0,525.0,292.0,662,276,245,300,786,702.0,640,553,453.0,387.0,240.0,111.0
55432,2020-08-06T00:00:00Z,2020,8,4,False,False,11865,79.0,30.0,26.0,39.0,87.0,323,818,803,732.0,659.0,672.0,661.0,705,649,691,740,839,748.0,729,579,415.0,397.0,284.0,160.0
55432,2020-08-14T00:00:00Z,2020,8,5,False,False,11846,87.0,46.0,44.0,44.0,78.0,267,759,836,742.0,726.0,705.0,649.0,764,668,742,729,743,683.0,633,486,423.0,384.0,332.0,276.0
55432,2020-08-22T00:00:00Z,2020,8,6,False,False,12017,189.0,124.0,85.0,68.0,62.0,177,450,523,629.0,774.0,826.0,764.0,775,788,818,764,718,707.0,694,557,436.0,355.0,414.0,320.0
55432,2020-08-03T00:00:00Z,2020,8,1,False,False,11167,69.0,34.0,28.0,41.0,96.0,306,740,810,655.0,699.0,659.0,682.0,656,673,738,711,738,743.0,680,507,358.0,287.0,161.0,96.0
55432,2020-08-25T00:00:00Z,2020,8,2,False,False,11106,51.0,32.0,23.0,37.0,74.0,300,721,770,777.0,732.0,637.0,461.0,658,671,698,668,806,758.0,652,499,429.0,332.0,196.0,124.0
55432,2020-08-26T00:00:00Z,2020,8,3,False,False,11724,64.0,35.0,25.0,41.0,78.0,303,775,816,606.0,722.0,711.0,676.0,728,670,727,716,779,752.0,677,526,452.0,427.0,259.0,159.0
55432,2020-08-04T00:00:00Z,2020,8,2,False,False,11472,41.0,36.0,26.0,35.0,99.0,327,764,841,693.0,694.0,729.0,677.0,668,650,671,710,756,806.0,655,549,411.0,314.0,206.0,114.0
55432,2020-08-27T00:00:00Z,2020,8,4,False,False,11525,60.0,36.0,24.0,45.0,74.0,341,738,845,742.0,751.0,800.0,501.0,350,590,721,726,780,777.0,704,581,472.0,431.0,291.0,145.0
55432,2020-08-01T00:00:00Z,2020,8,6,False,False,11969,181.0,114.0,82.0,73.0,58.0,168,455,561,652.0,853.0,834.0,842.0,839,797,818,755,699,615.0,618,500,454.0,368.0,337.0,296.0
55432,2020-08-09T00:00:00Z,2020,8,7,False,False,9599,219.0,148.0,108.0,84.0,75.0,108,211,294,438.0,603.0,682.0,784.0,737,732,750,719,611,568.0,462,398,300.0,265.0,195.0,108.0
55432,2020-08-16T00:00:00Z,2020,8,7,False,False,10922,264.0,164.0,117.0,98.0,71.0,110,239,329,510.0,684.0,835.0,851.0,856,908,888,779,695,632.0,547,372,354.0,314.0,208.0,97.0
55432,2020-08-12T00:00:00Z,2020,8,3,False,False,11568,77.0,35.0,27.0,33.0,96.0,308,790,867,726.0,741.0,710.0,709.0,630,640,705,679,684,772.0,667,483,453.0,375.0,233.0,128.0
55432,2020-08-20T00:00:00Z,2020,8,4,False,False,10776,62.0,36.0,38.0,31.0,86.0,278,780,822,579.0,669.0,669.0,245.0,414,646,664,706,714,735.0,696,607,499.0,365.0,282.0,153.0
55432,2020-08-13T00:00:00Z,2020,8,4,False,False,12304,67.0,38.0,33.0,40.0,77.0,301,793,834,709.0,634.0,745.0,746.0,773,713,762,698,697,795.0,789,646,519.0,396.0,318.0,181.0
55432,2020-08-28T00:00:00Z,2020,8,5,False,False,11494,83.0,58.0,35.0,42.0,80.0,301,806,829,774.0,737.0,420.0,247.0,372,700,766,815,815,714.0,721,664,505.0,419.0,371.0,220.0
55432,2020-09-19T00:00:00Z,2020,9,6,False,False,12442,168.0,109.0,89.0,88.0,51.0,188,487,532,658.0,739.0,764.0,818.0,798,782,856,769,800,761.0,721,568,462.0,479.0,426.0,329.0
55432,2020-08-11T00:00:00Z,2020,8,2,False,False,11348,55.0,24.0,31.0,39.0,86.0,323,763,881,663.0,600.0,672.0,685.0,695,647,696,770,733,739.0,643,546,401.0,314.0,229.0,113.0
55432,2020-08-24T00:00:00Z,2020,8,1,False,False,10836,58.0,38.0,30.0,39.0,70.0,255,738,775,797.0,597.0,624.0,622.0,594,647,674,721,785,755.0,632,494,373.0,266.0,150.0,102.0
55432,2020-09-16T00:00:00Z,2020,9,3,False,False,12319,62.0,36.0,38.0,33.0,79.0,306,823,817,781.0,779.0,771.0,779.0,763,696,730,771,753,756.0,691,578,464.0,412.0,263.0,138.0
55432,2020-08-10T00:00:00Z,2020,8,1,False,False,10352,61.0,39.0,26.0,35.0,70.0,253,668,724,781.0,586.0,620.0,545.0,611,620,631,724,701,701.0,625,474,367.0,238.0,164.0,88.0
55432,2020-08-23T00:00:00Z,2020,8,7,False,False,10465,225.0,145.0,122.0,87.0,62.0,95,220,292,471.0,619.0,719.0,837.0,740,889,843,794,744,611.0,526,399,362.0,307.0,250.0,106.0
55432,2020-08-30T00:00:00Z,2020,8,7,False,False,11282,229.0,145.0,94.0,65.0,53.0,142,241,366,615.0,743.0,817.0,920.0,905,788,902,828,727,577.0,564,441,390.0,313.0,272.0,145.0
55432,2020-09-26T00:00:00Z,2020,9,6,False,True,12406,207.0,123.0,97.0,64.0,73.0,212,539,501,636.0,775.0,775.0,834.0,803,798,862,764,753,671.0,657,562,452.0,489.0,441.0,318.0
55432,2020-08-05T00:00:00Z,2020,8,3,False,False,11551,53.0,34.0,31.0,51.0,73.0,305,814,788,778.0,652.0,658.0,677.0,717,685,626,812,788,731.0,663,510,428.0,334.0,223.0,120.0
55432,2020-08-29T00:00:00Z,2020,8,6,False,False,11140,222.0,116.0,100.0,66.0,52.0,193,492,560,712.0,797.0,781.0,293.0,297,627,813,758,718,665.0,703,588,468.0,455.0,376.0,288.0
55432,2020-08-17T00:00:00Z,2020,8,1,False,False,10793,54.0,41.0,30.0,39.0,63.0,279,711,755,672.0,614.0,696.0,634.0,677,669,642,753,662,757.0,660,471,377.0,254.0,186.0,97.0
55432,2020-09-08T00:00:00Z,2020,9,2,False,False,11599,57.0,31.0,24.0,34.0,69.0,310,745,763,690.0,658.0,718.0,695.0,684,707,716,716,757,759.0,765,611,419.0,318.0,232.0,121.0
55432,2020-09-06T00:00:00Z,2020,9,7,False,False,10790,258.0,178.0,115.0,91.0,73.0,157,241,340,454.0,655.0,764.0,817.0,826,837,802,742,698,628.0,544,447,437.0,330.0,244.0,112.0
55432,2020-09-22T00:00:00Z,2020,9,2,False,False,11710,64.0,35.0,25.0,43.0,76.0,328,714,758,698.0,694.0,667.0,736.0,709,708,745,708,760,721.0,730,567,499.0,371.0,243.0,111.0
55432,2020-09-23T00:00:00Z,2020,9,3,False,False,12218,54.0,22.0,36.0,42.0,96.0,358,776,785,824.0,698.0,682.0,728.0,703,741,682,758,748,719.0,740,649,520.0,402.0,303.0,152.0
55432,2020-09-07T00:00:00Z,2020,9,1,False,False,11229,56.0,32.0,51.0,41.0,84.0,294,708,821,811.0,623.0,686.0,704.0,655,659,649,651,752,791.0,667,550,368.0,275.0,203.0,98.0
55432,2020-09-20T00:00:00Z,2020,9,7,False,False,9975,227.0,172.0,137.0,96.0,69.0,106,205,259,368.0,516.0,616.0,704.0,715,741,792,768,758,637.0,561,440,411.0,323.0,227.0,127.0
55432,2020-09-04T00:00:00Z,2020,9,5,False,False,11694,105.0,54.0,35.0,39.0,90.0,299,730,833,745.0,705.0,675.0,621.0,656,667,659,696,689,711.0,691,524,477.0,376.0,354.0,263.0
55432,2020-09-30T00:00:00Z,2020,9,3,False,True,11720,64.0,38.0,25.0,36.0,70.0,283,707,711,672.0,744.0,685.0,726.0,667,699,690,758,723,770.0,711,545,509.0,431.0,300.0,156.0
55432,2020-09-24T00:00:00Z,2020,9,4,False,False,12082,68.0,44.0,36.0,39.0,93.0,354,712,733,769.0,762.0,740.0,678.0,744,665,699,737,643,737.0,696,664,597.0,440.0,276.0,156.0
55432,2020-09-17T00:00:00Z,2020,9,4,False,False,12372,75.0,25.0,38.0,41.0,69.0,355,754,854,762.0,682.0,806.0,771.0,749,774,727,722,753,782.0,650,587,553.0,417.0,276.0,150.0
55432,2020-09-27T00:00:00Z,2020,9,7,False,True,10935,239.0,134.0,102.0,80.0,74.0,146,252,358,539.0,696.0,860.0,870.0,834,793,798,768,722,625.0,546,419,393.0,324.0,249.0,114.0
55432,2020-09-18T00:00:00Z,2020,9,5,False,False,12068,87.0,44.0,48.0,47.0,82.0,290,750,801,756.0,702.0,669.0,720.0,669,682,733,708,739,745.0,712,574,491.0,361.0,387.0,271.0
55432,2020-09-28T00:00:00Z,2020,9,1,False,True,11080,71.0,37.0,27.0,42.0,82.0,257,728,684,641.0,645.0,722.0,671.0,669,696,650,785,696,748.0,688,484,444.0,295.0,197.0,121.0
55432,2020-09-29T00:00:00Z,2020,9,2,False,True,11845,56.0,27.0,23.0,41.0,73.0,323,729,740,725.0,727.0,708.0,720.0,704,650,685,752,780,757.0,790,639,466.0,384.0,226.0,120.0
55432,2020-09-11T00:00:00Z,2020,9,5,False,False,11924,90.0,44.0,39.0,44.0,84.0,320,808,732,612.0,741.0,699.0,691.0,696,686,683,772,679,781.0,672,558,464.0,404.0,357.0,268.0
55432,2020-09-12T00:00:00Z,2020,9,6,False,False,12568,213.0,135.0,82.0,59.0,55.0,189,495,558,714.0,779.0,805.0,817.0,806,838,790,844,709,712.0,742,603,439.0,482.0,382.0,320.0
55432,2020-09-03T00:00:00Z,2020,9,4,False,False,12109,73.0,41.0,28.0,46.0,89.0,310,756,769,585.0,741.0,826.0,861.0,812,823,747,778,648,648.0,606,570,478.0,432.0,286.0,156.0
55432,2020-09-09T00:00:00Z,2020,9,3,False,False,11099,66.0,35.0,37.0,50.0,86.0,336,697,796,748.0,673.0,643.0,662.0,573,624,659,682,695,733.0,654,522,432.0,354.0,235.0,107.0
55432,2020-09-01T00:00:00Z,2020,9,2,False,False,11767,62.0,22.0,32.0,27.0,76.0,302,779,797,772.0,676.0,684.0,680.0,650,703,705,769,791,845.0,695,556,452.0,356.0,247.0,89.0
55432,2020-09-05T00:00:00Z,2020,9,6,False,False,12279,152.0,99.0,80.0,70.0,69.0,173,470,522,706.0,778.0,798.0,861.0,802,835,856,794,739,723.0,666,494,490.0,399.0,384.0,319.0
55432,2020-09-14T00:00:00Z,2020,9,1,False,False,11116,49.0,37.0,32.0,42.0,75.0,264,738,787,758.0,627.0,660.0,668.0,651,643,657,761,749,658.0,702,514,431.0,318.0,204.0,91.0
55432,2020-10-07T00:00:00Z,2020,10,3,False,True,11488,51.0,46.0,25.0,40.0,67.0,297,687,742,671.0,723.0,682.0,715.0,657,651,703,716,743,698.0,673,555,500.0,412.0,283.0,151.0
55432,2020-09-02T00:00:00Z,2020,9,3,False,False,11599,61.0,43.0,32.0,51.0,103.0,266,796,764,700.0,704.0,697.0,670.0,717,696,708,725,794,753.0,622,531,431.0,376.0,238.0,121.0
55432,2020-10-03T00:00:00Z,2020,10,6,False,True,11925,172.0,100.0,85.0,69.0,62.0,211,444,495,706.0,797.0,889.0,897.0,821,731,740,780,669,668.0,605,505,420.0,422.0,360.0,277.0
55432,2020-09-15T00:00:00Z,2020,9,2,False,False,11609,59.0,35.0,26.0,40.0,72.0,310,790,777,716.0,614.0,670.0,675.0,637,692,716,720,795,807.0,742,567,472.0,347.0,213.0,117.0
55432,2020-09-10T00:00:00Z,2020,9,4,False,False,12049,76.0,35.0,34.0,33.0,68.0,352,744,788,818.0,682.0,677.0,679.0,682,685,743,795,807,705.0,660,601,478.0,436.0,313.0,158.0
55432,2020-09-13T00:00:00Z,2020,9,7,False,False,10627,259.0,155.0,100.0,100.0,74.0,167,256,326,494.0,670.0,821.0,813.0,805,842,834,720,715,606.0,514,400,350.0,286.0,215.0,105.0
55432,2020-09-21T00:00:00Z,2020,9,1,False,False,11341,67.0,49.0,39.0,51.0,74.0,298,689,721,682.0,761.0,744.0,670.0,680,727,643,715,727,760.0,716,516,426.0,303.0,199.0,84.0
55432,2020-09-25T00:00:00Z,2020,9,5,False,False,12236,90.0,46.0,42.0,49.0,101.0,329,751,813,732.0,729.0,708.0,702.0,762,736,790,712,740,704.0,632,585,452.0,388.0,365.0,278.0
55432,2020-10-30T00:00:00Z,2020,10,5,False,False,12101,96.0,57.0,35.0,59.0,66.0,325,799,734,702.0,623.0,714.0,680.0,676,703,726,594,722,801.0,652,627,523.0,474.0,375.0,338.0
55432,2020-10-20T00:00:00Z,2020,10,2,False,False,11382,72.0,37.0,24.0,35.0,64.0,331,728,811,716.0,667.0,662.0,648.0,621,626,689,693,758,759.0,675,559,471.0,380.0,228.0,128.0
55432,2020-10-12T00:00:00Z,2020,10,1,False,False,11015,66.0,39.0,43.0,32.0,70.0,269,684,731,584.0,713.0,649.0,630.0,619,687,676,717,752,711.0,689,579,441.0,326.0,201.0,107.0
55432,2020-10-17T00:00:00Z,2020,10,6,False,False,12899,191.0,118.0,100.0,78.0,65.0,206,560,598,744.0,851.0,772.0,801.0,786,800,778,740,788,762.0,729,575,500.0,438.0,516.0,403.0
55432,2020-10-15T00:00:00Z,2020,10,4,False,False,11984,82.0,48.0,43.0,43.0,81.0,326,759,733,601.0,634.0,727.0,746.0,702,694,759,703,745,702.0,766,664,496.0,448.0,315.0,167.0
55432,2020-10-02T00:00:00Z,2020,10,5,False,True,12344,90.0,65.0,33.0,49.0,71.0,300,771,722,714.0,774.0,803.0,791.0,741,716,758,768,713,740.0,641,618,446.0,394.0,355.0,271.0
55432,2020-10-10T00:00:00Z,2020,10,6,False,True,12315,215.0,140.0,93.0,87.0,59.0,180,510,605,672.0,747.0,873.0,804.0,782,731,797,761,693,690.0,677,574,474.0,413.0,436.0,302.0
55432,2020-10-13T00:00:00Z,2020,10,2,False,False,11937,62.0,35.0,27.0,37.0,77.0,316,735,806,749.0,790.0,724.0,698.0,708,650,689,687,777,786.0,728,589,495.0,392.0,253.0,127.0
55432,2020-10-25T00:00:00Z,2020,10,7,False,False,9866,304.0,202.0,121.0,113.0,68.0,114,181,267,410.0,571.0,592.0,739.0,707,761,707,700,643,570.0,527,404,330.0,345.0,312.0,178.0
55432,2020-10-04T00:00:00Z,2020,10,7,False,True,11039,195.0,165.0,,115.0,82.0,140,217,271,505.0,657.0,806.0,909.0,851,784,764,738,649,605.0,583,522,490.0,401.0,318.0,272.0
55432,2020-10-26T00:00:00Z,2020,10,1,False,False,10343,100.0,45.0,27.0,37.0,83.0,227,602,718,664.0,601.0,525.0,585.0,584,632,611,691,733,743.0,657,474,381.0,335.0,188.0,100.0
55432,2020-10-24T00:00:00Z,2020,10,6,False,False,11871,205.0,129.0,98.0,70.0,63.0,180,514,561,702.0,748.0,753.0,753.0,688,792,716,756,696,712.0,584,515,441.0,398.0,423.0,374.0
55432,2020-10-19T00:00:00Z,2020,10,1,False,False,11063,69.0,32.0,32.0,40.0,77.0,284,662,734,675.0,667.0,632.0,618.0,635,635,713,706,715,750.0,725,552,458.0,353.0,198.0,101.0
55432,2020-10-14T00:00:00Z,2020,10,3,False,False,11257,68.0,43.0,37.0,32.0,80.0,306,733,744,748.0,643.0,645.0,613.0,654,682,707,697,701,607.0,596,564,494.0,409.0,301.0,153.0
55432,2020-10-23T00:00:00Z,2020,10,5,False,False,12491,101.0,50.0,43.0,42.0,89.0,332,749,654,652.0,751.0,744.0,735.0,767,707,806,776,714,758.0,747,606,504.0,446.0,400.0,318.0
55432,2020-10-21T00:00:00Z,2020,10,3,False,False,11911,73.0,50.0,35.0,36.0,87.0,325,720,768,679.0,714.0,690.0,674.0,670,714,721,734,745,721.0,747,578,552.0,433.0,302.0,143.0
55432,2020-10-18T00:00:00Z,2020,10,7,False,False,10981,274.0,206.0,125.0,119.0,77.0,119,259,363,508.0,754.0,774.0,828.0,816,818,766,754,697,629.0,526,468,411.0,329.0,239.0,122.0
55432,2020-11-19T00:00:00Z,2020,11,4,False,False,11476,89.0,55.0,52.0,49.0,96.0,374,678,742,703.0,671.0,592.0,680.0,668,748,661,648,670,634.0,598,576,493.0,458.0,349.0,192.0
55432,2020-10-29T00:00:00Z,2020,10,4,False,False,12017,80.0,39.0,42.0,51.0,79.0,291,676,785,743.0,675.0,653.0,636.0,674,674,696,719,759,777.0,774,658,493.0,516.0,327.0,200.0
55432,2020-10-05T00:00:00Z,2020,10,1,True,True,10415,170.0,127.0,76.0,58.0,66.0,138,221,330,510.0,732.0,829.0,879.0,920,632,758,633,587,584.0,484,483,447.0,361.0,256.0,134.0
55432,2020-10-22T00:00:00Z,2020,10,4,False,False,12043,70.0,59.0,42.0,42.0,91.0,322,761,841,573.0,570.0,684.0,754.0,706,709,751,644,752,786.0,708,660,506.0,451.0,371.0,190.0
55432,2020-10-09T00:00:00Z,2020,10,5,False,True,12119,74.0,55.0,45.0,46.0,83.0,283,692,686,646.0,723.0,588.0,770.0,685,741,694,749,762,793.0,657,628,484.0,467.0,458.0,310.0
55432,2020-10-08T00:00:00Z,2020,10,4,False,True,11560,70.0,35.0,31.0,48.0,72.0,293,728,745,641.0,700.0,663.0,693.0,711,650,703,724,707,741.0,597,609,493.0,432.0,320.0,154.0
55432,2020-11-24T00:00:00Z,2020,11,2,False,False,10901,71.0,42.0,30.0,34.0,82.0,351,687,661,646.0,675.0,591.0,660.0,632,651,631,627,675,672.0,659,570,453.0,369.0,276.0,156.0
55432,2020-10-06T00:00:00Z,2020,10,2,False,True,11344,67.0,37.0,25.0,47.0,63.0,270,673,670,655.0,648.0,699.0,663.0,709,714,718,695,755,816.0,747,503,520.0,346.0,197.0,107.0
55432,2020-10-11T00:00:00Z,2020,10,7,False,True,11171,246.0,158.0,121.0,93.0,63.0,135,254,340,560.0,719.0,838.0,891.0,816,825,800,731,704,643.0,643,515,390.0,347.0,219.0,120.0
55432,2020-10-28T00:00:00Z,2020,10,3,False,False,11845,85.0,47.0,35.0,41.0,95.0,338,707,703,722.0,711.0,629.0,713.0,690,658,741,702,750,789.0,765,586,478.0,406.0,291.0,163.0
55432,2020-11-15T00:00:00Z,2020,11,7,False,False,11248,300.0,198.0,137.0,109.0,64.0,157,307,427,625.0,842.0,805.0,792.0,731,770,732,638,693,634.0,567,478,479.0,394.0,228.0,141.0
55432,2020-11-28T00:00:00Z,2020,11,6,False,False,12552,238.0,118.0,102.0,80.0,82.0,230,571,645,765.0,765.0,718.0,756.0,719,681,715,783,670,682.0,660,602,549.0,522.0,488.0,411.0
55432,2020-10-27T00:00:00Z,2020,10,2,False,False,11567,52.0,33.0,31.0,42.0,70.0,275,669,752,746.0,690.0,685.0,646.0,630,672,713,734,736,758.0,746,594,458.0,412.0,272.0,151.0
55432,2020-11-14T00:00:00Z,2020,11,6,False,False,12269,233.0,138.0,91.0,70.0,61.0,200,549,602,838.0,757.0,843.0,643.0,648,721,704,701,748,735.0,642,593,527.0,447.0,443.0,335.0
55432,2020-10-31T00:00:00Z,2020,10,6,False,False,11986,247.0,148.0,119.0,77.0,72.0,171,481,482,614.0,654.0,723.0,779.0,807,768,693,781,719,672.0,669,558,472.0,389.0,488.0,403.0
55432,2020-10-16T00:00:00Z,2020,10,5,False,False,11961,109.0,33.0,51.0,54.0,95.0,278,697,764,706.0,619.0,664.0,701.0,724,657,704,713,687,810.0,664,632,472.0,408.0,411.0,308.0
55432,2020-10-01T00:00:00Z,2020,10,4,False,True,12114,78.0,54.0,30.0,45.0,82.0,294,702,686,700.0,745.0,734.0,778.0,728,690,705,706,817,732.0,677,608,566.0,466.0,332.0,159.0
55432,2020-11-06T00:00:00Z,2020,11,5,False,False,11990,80.0,37.0,31.0,42.0,71.0,310,735,729,698.0,633.0,651.0,676.0,701,673,674,733,704,748.0,697,693,551.0,436.0,407.0,280.0
55432,2020-11-03T00:00:00Z,2020,11,2,False,False,11742,68.0,36.0,27.0,38.0,85.0,339,721,798,714.0,693.0,743.0,753.0,729,649,690,640,694,719.0,685,556,471.0,458.0,277.0,159.0
55432,2020-11-10T00:00:00Z,2020,11,2,False,False,11051,55.0,26.0,28.0,43.0,76.0,370,682,606,561.0,550.0,645.0,687.0,669,655,692,675,747,771.0,674,554,460.0,410.0,289.0,126.0
55432,2020-11-11T00:00:00Z,2020,11,3,False,False,11393,73.0,37.0,34.0,40.0,86.0,348,715,711,736.0,644.0,712.0,694.0,647,693,655,627,649,512.0,654,583,456.0,458.0,376.0,253.0
55432,2020-11-07T00:00:00Z,2020,11,6,False,False,12091,201.0,117.0,95.0,80.0,67.0,182,514,501,702.0,775.0,767.0,765.0,760,781,781,775,761,662.0,655,538,475.0,385.0,450.0,302.0
55432,2020-11-22T00:00:00Z,2020,11,7,False,False,10710,275.0,210.0,126.0,120.0,89.0,152,300,359,571.0,738.0,780.0,754.0,764,670,723,730,654,557.0,577,456,381.0,358.0,238.0,128.0
55432,2020-11-17T00:00:00Z,2020,11,2,False,False,10906,74.0,33.0,28.0,34.0,79.0,330,686,561,653.0,654.0,597.0,660.0,602,632,651,664,720,832.0,663,571,464.0,385.0,218.0,115.0
55432,2020-11-27T00:00:00Z,2020,11,5,False,False,11888,102.0,47.0,39.0,61.0,86.0,341,693,759,680.0,672.0,674.0,705.0,708,750,642,652,686,609.0,727,599,488.0,447.0,431.0,290.0
55432,2020-11-04T00:00:00Z,2020,11,3,False,False,12015,80.0,56.0,47.0,49.0,93.0,359,766,803,713.0,599.0,697.0,764.0,728,716,726,749,730,737.0,660,590,460.0,418.0,330.0,145.0
55432,2020-11-12T00:00:00Z,2020,11,4,False,False,11874,86.0,41.0,47.0,48.0,91.0,351,716,797,682.0,650.0,655.0,705.0,704,637,687,707,742,780.0,684,602,477.0,465.0,320.0,200.0
55432,2020-11-20T00:00:00Z,2020,11,5,False,False,11834,120.0,48.0,42.0,66.0,72.0,377,692,716,610.0,683.0,755.0,724.0,762,668,616,624,661,623.0,578,627,560.0,490.0,397.0,323.0
55432,2020-11-09T00:00:00Z,2020,11,1,False,False,10960,54.0,43.0,35.0,41.0,72.0,330,694,746,711.0,661.0,569.0,627.0,634,663,684,632,727,729.0,761,513,398.0,323.0,209.0,104.0
55432,2020-11-25T00:00:00Z,2020,11,3,False,False,11279,72.0,61.0,33.0,33.0,89.0,359,697,750,584.0,654.0,630.0,631.0,609,662,666,630,691,712.0,721,620,469.0,443.0,295.0,168.0
55432,2020-11-02T00:00:00Z,2020,11,1,False,False,11276,88.0,53.0,31.0,45.0,92.0,302,682,709,696.0,637.0,621.0,626.0,654,629,718,756,769,787.0,737,569,465.0,308.0,207.0,95.0
55432,2020-11-26T00:00:00Z,2020,11,4,False,False,11526,78.0,42.0,38.0,42.0,90.0,374,694,762,665.0,720.0,700.0,688.0,734,675,659,673,527,644.0,652,553,460.0,480.0,345.0,231.0
55432,2020-11-13T00:00:00Z,2020,11,5,False,False,11962,122.0,60.0,44.0,46.0,80.0,335,691,776,651.0,651.0,708.0,681.0,731,692,733,705,619,727.0,682,558,525.0,474.0,392.0,279.0
55432,2020-11-21T00:00:00Z,2020,11,6,False,False,11940,208.0,128.0,95.0,62.0,95.0,196,509,567,702.0,684.0,630.0,684.0,671,760,829,740,772,660.0,601,584,529.0,460.0,415.0,359.0
55432,2020-11-08T00:00:00Z,2020,11,7,False,False,10818,274.0,167.0,129.0,105.0,56.0,106,253,354,469.0,715.0,751.0,761.0,802,778,741,773,696,630.0,606,484,423.0,381.0,230.0,134.0
55432,2020-11-29T00:00:00Z,2020,11,7,False,False,11521,280.0,148.0,113.0,89.0,74.0,148,357,529,716.0,768.0,768.0,816.0,786,756,637,648,690,704.0,548,460,466.0,475.0,357.0,188.0
55432,2020-11-30T00:00:00Z,2020,11,1,False,False,11064,91.0,35.0,26.0,45.0,68.0,336,679,759,686.0,692.0,633.0,637.0,655,609,677,635,703,697.0,690,541,453.0,385.0,210.0,122.0
55432,2020-12-12T00:00:00Z,2020,12,6,False,False,12516,262.0,191.0,147.0,103.0,72.0,211,515,534,641.0,708.0,786.0,815.0,750,712,749,776,740,675.0,662,564,525.0,503.0,483.0,392.0
55432,2020-11-23T00:00:00Z,2020,11,1,False,False,9979,68.0,45.0,21.0,36.0,90.0,328,624,569,587.0,610.0,641.0,565.0,595,594,661,601,643,717.0,601,389,389.0,305.0,192.0,108.0
55432,2020-12-22T00:00:00Z,2020,12,2,False,True,9935,74.0,43.0,33.0,33.0,67.0,263,603,550,582.0,576.0,597.0,603.0,637,631,631,655,643,667.0,531,462,375.0,317.0,227.0,135.0
55432,2020-12-08T00:00:00Z,2020,12,2,False,False,11154,83.0,48.0,40.0,32.0,75.0,322,611,738,724.0,687.0,691.0,638.0,624,653,681,705,690,649.0,486,483,471.0,402.0,349.0,272.0
55432,2020-11-05T00:00:00Z,2020,11,4,False,False,11149,60.0,25.0,39.0,46.0,83.0,331,733,737,658.0,619.0,594.0,615.0,629,629,682,646,701,703.0,686,568,438.0,440.0,323.0,164.0
55432,2020-11-01T00:00:00Z,2020,11,7,False,False,9996,319.0,263.0,196.0,177.0,119.0,144,207,276,408.0,559.0,632.0,639.0,651,731,758,652,590,585.0,577,442,410.0,317.0,243.0,101.0
55432,2020-11-16T00:00:00Z,2020,11,1,False,False,10873,92.0,42.0,39.0,44.0,81.0,358,640,784,660.0,647.0,670.0,671.0,671,652,672,631,695,616.0,632,521,434.0,305.0,179.0,137.0
55432,2020-11-18T00:00:00Z,2020,11,3,False,False,11502,72.0,46.0,30.0,42.0,84.0,378,737,744,669.0,669.0,591.0,642.0,663,611,649,655,622,725.0,740,631,491.0,428.0,362.0,221.0
55432,2020-12-11T00:00:00Z,2020,12,5,False,False,12478,167.0,92.0,63.0,55.0,86.0,340,614,743,704.0,709.0,715.0,673.0,696,737,744,742,670,713.0,706,663,570.0,485.0,442.0,349.0
55432,2020-12-13T00:00:00Z,2020,12,7,False,False,11385,338.0,210.0,199.0,137.0,96.0,155,259,379,523.0,725.0,749.0,779.0,768,850,787,719,689,642.0,584,485,449.0,417.0,299.0,147.0
55432,2020-12-01T00:00:00Z,2020,12,2,False,False,11058,64.0,55.0,44.0,47.0,85.0,379,736,736,672.0,642.0,640.0,635.0,654,709,600,608,656,710.0,612,556,439.0,361.0,274.0,144.0
55432,2020-12-06T00:00:00Z,2020,12,7,False,False,11720,300.0,201.0,145.0,125.0,100.0,142,269,399,637.0,768.0,760.0,721.0,772,877,803,806,693,742.0,435,496,481.0,441.0,386.0,221.0
55432,2020-12-09T00:00:00Z,2020,12,3,False,False,12383,82.0,53.0,41.0,55.0,80.0,373,644,738,700.0,679.0,695.0,725.0,677,756,622,646,706,756.0,707,651,538.0,494.0,530.0,435.0
55432,2020-12-23T00:00:00Z,2020,12,3,False,True,10528,103.0,46.0,42.0,39.0,76.0,304,608,517,619.0,635.0,671.0,684.0,689,645,672,666,628,605.0,580,495,380.0,345.0,288.0,191.0
55432,2020-12-10T00:00:00Z,2020,12,4,False,False,12432,209.0,125.0,89.0,80.0,98.0,381,704,684,678.0,701.0,725.0,689.0,709,608,685,726,750,777.0,776,610,505.0,473.0,389.0,261.0
55432,2020-12-29T00:00:00Z,2020,12,2,False,True,8276,81.0,49.0,39.0,44.0,44.0,191,337,339,347.0,421.0,496.0,532.0,620,589,600,582,564,492.0,483,388,334.0,311.0,235.0,158.0
55432,2020-12-20T00:00:00Z,2020,12,7,False,True,8776,232.0,178.0,156.0,116.0,96.0,124,220,244,376.0,446.0,486.0,612.0,613,630,612,621,590,534.0,472,392,323.0,306.0,248.0,149.0
55432,2020-12-19T00:00:00Z,2020,12,6,False,True,11380,257.0,152.0,132.0,109.0,99.0,210,496,492,587.0,660.0,694.0,673.0,767,690,703,716,629,633.0,578,525,475.0,381.0,374.0,348.0
55432,2020-12-24T00:00:00Z,2020,12,4,False,True,9323,126.0,120.0,57.0,73.0,91.0,227,399,484,539.0,547.0,595.0,692.0,639,567,629,569,528,546.0,446,327,296.0,298.0,284.0,244.0
55432,2020-12-15T00:00:00Z,2020,12,2,False,False,11290,71.0,46.0,42.0,46.0,83.0,347,597,654,692.0,675.0,638.0,694.0,694,692,682,687,683,717.0,702,521,444.0,413.0,297.0,173.0
55432,2020-12-30T00:00:00Z,2020,12,3,False,True,8985,112.0,75.0,40.0,38.0,58.0,154,315,342,410.0,460.0,533.0,612.0,586,677,648,593,641,591.0,533,425,373.0,317.0,262.0,190.0
55432,2020-12-07T00:00:00Z,2020,12,1,False,False,11170,85.0,50.0,35.0,48.0,65.0,306,651,693,681.0,625.0,669.0,634.0,686,683,638,632,651,766.0,746,571,453.0,413.0,267.0,122.0
55432,2020-12-17T00:00:00Z,2020,12,4,False,False,12221,126.0,65.0,57.0,62.0,103.0,334,708,720,622.0,663.0,644.0,712.0,689,710,704,734,733,740.0,738,674,492.0,542.0,398.0,251.0
55432,2020-12-21T00:00:00Z,2020,12,1,False,True,9453,94.0,60.0,45.0,41.0,66.0,268,603,584,551.0,600.0,569.0,661.0,611,638,568,626,574,559.0,502,378,302.0,249.0,185.0,119.0
55432,2020-12-14T00:00:00Z,2020,12,1,False,False,10900,92.0,50.0,30.0,46.0,92.0,339,596,702,692.0,637.0,636.0,633.0,629,618,626,700,650,761.0,650,515,447.0,371.0,265.0,123.0
55432,2020-12-05T00:00:00Z,2020,12,6,False,False,11918,245.0,163.0,121.0,95.0,91.0,181,463,528,716.0,708.0,741.0,729.0,694,769,677,664,697,640.0,689,553,490.0,433.0,471.0,360.0
55432,2020-12-04T00:00:00Z,2020,12,5,False,False,10992,131.0,84.0,54.0,69.0,96.0,410,707,560,299.0,522.0,693.0,601.0,496,609,663,686,644,613.0,627,632,537.0,513.0,428.0,318.0
55432,2020-12-16T00:00:00Z,2020,12,3,False,False,11684,94.0,43.0,29.0,45.0,78.0,336,651,634,712.0,621.0,694.0,695.0,693,737,738,658,702,688.0,692,593,461.0,453.0,394.0,243.0
55432,2020-12-02T00:00:00Z,2020,12,3,False,False,11738,104.0,49.0,42.0,47.0,89.0,354,695,742,668.0,580.0,633.0,673.0,651,679,674,669,743,726.0,747,678,509.0,467.0,350.0,169.0
55432,2020-12-27T00:00:00Z,2020,12,7,False,True,8850,113.0,94.0,63.0,59.0,57.0,141,203,267,390.0,508.0,666.0,700.0,775,666,603,603,550,508.0,445,347,323.0,337.0,263.0,169.0
55432,2020-12-03T00:00:00Z,2020,12,4,False,False,11912,88.0,58.0,62.0,45.0,89.0,339,726,812,676.0,690.0,634.0,688.0,653,655,669,684,693,775.0,645,637,497.0,473.0,397.0,227.0
55432,2020-03-02T00:00:00Z,2020,3,1,False,False,11992,85.0,35.0,43.0,48.0,88.0,325,590,662,738.0,768.0,778.0,751.0,719,643,711,744,802,713.0,710,630,488.0,378.0,363.0,180.0
55432,2020-12-18T00:00:00Z,2020,12,5,False,False,12461,176.0,90.0,84.0,63.0,101.0,348,702,677,658.0,704.0,738.0,704.0,674,754,756,724,740,711.0,691,588,502.0,485.0,438.0,353.0
55432,2020-03-04T00:00:00Z,2020,3,3,False,False,12125,66.0,39.0,35.0,45.0,85.0,291,724,746,717.0,675.0,691.0,663.0,608,698,648,736,817,760.0,767,598,627.0,505.0,388.0,196.0
55432,2020-03-24T00:00:00Z,2020,3,2,False,False,9010,46.0,22.0,36.0,32.0,68.0,217,677,659,684.0,516.0,539.0,516.0,525,488,541,598,637,702.0,539,379,222.0,192.0,109.0,66.0
55432,2020-03-19T00:00:00Z,2020,3,4,False,False,11871,70.0,53.0,37.0,40.0,102.0,299,713,807,763.0,691.0,661.0,707.0,714,702,742,806,773,826.0,751,537,419.0,304.0,208.0,146.0
55432,2020-02-29T00:00:00Z,2020,2,6,False,False,15726,,145.0,112.0,91.0,100.0,183,524,647,716.0,859.0,823.0,880.0,922,888,751,877,912,906.0,1117,900,866.0,778.0,858.0,871.0
55432,2020-02-21T00:00:00Z,2020,2,5,False,False,12635,99.0,49.0,56.0,47.0,98.0,271,819,772,786.0,782.0,720.0,656.0,737,691,683,682,834,724.0,759,624,531.0,477.0,440.0,298.0
55432,2020-02-22T00:00:00Z,2020,2,6,False,False,12898,210.0,155.0,106.0,88.0,91.0,172,486,663,707.0,781.0,774.0,787.0,767,768,781,820,818,674.0,713,572,477.0,513.0,580.0,395.0
55432,2020-02-28T00:00:00Z,2020,2,5,False,False,13136,99.0,41.0,55.0,51.0,109.0,338,797,805,749.0,724.0,752.0,724.0,723,720,768,814,770,827.0,804,675,595.0,486.0,382.0,328.0
55432,2020-02-27T00:00:00Z,2020,2,4,False,False,11931,93.0,56.0,58.0,44.0,106.0,340,769,735,622.0,646.0,672.0,692.0,717,685,741,719,739,479.0,655,633,590.0,526.0,364.0,250.0
55432,2020-02-20T00:00:00Z,2020,2,4,False,False,13122,102.0,61.0,47.0,53.0,106.0,348,833,911,755.0,719.0,729.0,703.0,734,627,699,784,866,791.0,879,700,565.0,496.0,393.0,221.0
55432,2020-02-26T00:00:00Z,2020,2,3,False,False,11785,90.0,39.0,44.0,53.0,91.0,326,792,865,751.0,753.0,763.0,712.0,635,583,596,638,511,456.0,761,649,525.0,513.0,399.0,240.0
55432,2020-02-25T00:00:00Z,2020,2,2,False,False,13101,71.0,47.0,28.0,40.0,86.0,337,770,853,855.0,801.0,796.0,727.0,750,676,720,849,800,933.0,852,666,548.0,447.0,272.0,177.0
55432,2020-02-24T00:00:00Z,2020,2,1,False,False,12264,96.0,53.0,35.0,51.0,88.0,303,785,852,812.0,747.0,701.0,733.0,636,705,636,747,794,892.0,789,613,458.0,359.0,248.0,131.0
55432,2020-02-23T00:00:00Z,2020,2,7,False,False,11114,270.0,199.0,119.0,130.0,92.0,120,239,364,549.0,743.0,817.0,787.0,856,820,774,730,649,598.0,536,463,455.0,368.0,261.0,175.0
55432,2020-03-20T00:00:00Z,2020,3,5,False,False,12370,91.0,45.0,39.0,54.0,93.0,303,760,805,870.0,816.0,721.0,745.0,703,747,715,721,747,869.0,741,513,414.0,350.0,314.0,194.0
55432,2020-03-06T00:00:00Z,2020,3,5,False,False,12863,109.0,54.0,48.0,60.0,97.0,270,743,841,780.0,736.0,691.0,683.0,689,719,710,799,727,808.0,787,704,578.0,436.0,396.0,398.0
55432,2020-03-12T00:00:00Z,2020,3,4,False,False,12609,118.0,52.0,41.0,40.0,109.0,290,703,762,770.0,697.0,739.0,719.0,646,746,748,844,781,787.0,736,664,571.0,480.0,349.0,217.0
55432,2020-03-13T00:00:00Z,2020,3,5,False,False,12991,116.0,60.0,49.0,51.0,102.0,320,637,773,796.0,794.0,770.0,762.0,762,740,785,766,711,805.0,826,660,561.0,454.0,365.0,326.0
55432,2020-03-18T00:00:00Z,2020,3,3,False,False,11483,75.0,30.0,50.0,51.0,108.0,267,673,800,760.0,692.0,660.0,661.0,728,677,689,680,734,814.0,753,494,400.0,341.0,202.0,144.0
55432,2020-03-09T00:00:00Z,2020,3,1,False,False,11421,76.0,48.0,39.0,41.0,100.0,305,616,554,680.0,733.0,708.0,693.0,643,671,683,723,804,851.0,724,530,463.0,362.0,237.0,137.0
55432,2020-03-21T00:00:00Z,2020,3,6,False,False,10345,132.0,100.0,68.0,59.0,66.0,141,452,482,579.0,673.0,746.0,735.0,754,694,707,678,629,581.0,544,406,326.0,315.0,275.0,203.0
55432,2020-03-08T00:00:00Z,2020,3,7,False,False,11099,288.0,204.0,135.0,124.0,109.0,95,223,298,449.0,707.0,698.0,787.0,892,772,766,824,755,639.0,617,464,444.0,384.0,288.0,137.0
55432,2020-03-15T00:00:00Z,2020,3,7,False,False,10014,249.0,159.0,141.0,129.0,88.0,119,229,252,437.0,534.0,662.0,756.0,777,702,730,744,676,613.0,511,433,357.0,324.0,254.0,138.0
55432,2020-03-05T00:00:00Z,2020,3,4,False,False,12029,100.0,44.0,31.0,56.0,102.0,315,747,874,745.0,689.0,707.0,720.0,699,660,665,770,773,583.0,560,598,492.0,467.0,368.0,264.0
55432,2020-03-23T00:00:00Z,2020,3,1,False,False,9834,53.0,24.0,34.0,34.0,80.0,241,675,809,776.0,605.0,544.0,563.0,573,575,628,661,677,655.0,576,360,249.0,226.0,129.0,87.0
55432,2020-03-16T00:00:00Z,2020,3,1,False,False,10638,61.0,43.0,44.0,41.0,90.0,256,603,620,715.0,664.0,615.0,571.0,665,563,643,718,731,827.0,702,495,392.0,299.0,178.0,102.0
55432,2020-03-11T00:00:00Z,2020,3,3,False,False,12894,65.0,45.0,33.0,61.0,116.0,336,590,754,809.0,725.0,715.0,729.0,739,681,682,794,774,822.0,817,753,657.0,546.0,404.0,247.0
55432,2020-03-17T00:00:00Z,2020,3,2,False,False,11092,49.0,30.0,44.0,32.0,77.0,295,641,737,794.0,682.0,627.0,578.0,586,645,636,755,724,810.0,712,536,404.0,332.0,240.0,126.0
55432,2020-03-14T00:00:00Z,2020,3,6,False,False,11635,209.0,135.0,99.0,73.0,97.0,162,425,530,653.0,707.0,758.0,721.0,754,779,741,713,654,652.0,606,544,480.0,430.0,380.0,333.0
55432,2020-03-22T00:00:00Z,2020,3,7,False,False,8653,146.0,102.0,65.0,67.0,55.0,91,240,258,353.0,534.0,594.0,671.0,658,648,620,605,578,578.0,488,415,339.0,254.0,205.0,89.0
55432,2020-03-03T00:00:00Z,2020,3,2,False,False,11490,86.0,40.0,49.0,54.0,108.0,334,621,588,726.0,706.0,721.0,653.0,641,673,707,742,714,738.0,622,516,496.0,500.0,298.0,157.0
55432,2020-03-10T00:00:00Z,2020,3,2,False,False,12025,65.0,44.0,30.0,48.0,97.0,344,672,644,734.0,722.0,721.0,659.0,675,709,679,725,771,815.0,709,664,542.0,460.0,324.0,172.0
55432,2021-01-26T00:00:00Z,2021,1,2,False,False,10699,131.0,74.0,56.0,51.0,82.0,306,452,663,686.0,744.0,694.0,757.0,742,713,592,628,597,574.0,572,462,381.0,348.0,237.0,157.0
55432,2021-01-29T00:00:00Z,2021,1,5,False,False,11319,82.0,54.0,33.0,58.0,82.0,314,718,728,678.0,685.0,688.0,610.0,607,659,680,563,620,679.0,705,574,438.0,417.0,389.0,258.0
55432,2021-01-27T00:00:00Z,2021,1,3,False,False,10692,71.0,71.0,45.0,53.0,64.0,310,734,711,696.0,623.0,615.0,588.0,562,661,643,660,625,715.0,597,520,401.0,364.0,239.0,124.0
55432,2021-01-22T00:00:00Z,2021,1,5,False,False,12041,9.0,24.0,48.0,37.0,72.0,378,720,786,522.0,708.0,749.0,754.0,719,707,711,741,732,656.0,755,569,468.0,489.0,407.0,280.0
55432,2021-01-18T00:00:00Z,2021,1,1,False,False,11073,87.0,35.0,24.0,40.0,80.0,319,676,666,689.0,694.0,672.0,656.0,682,676,639,707,720,730.0,648,538,438.0,333.0,197.0,127.0
55432,2021-01-09T00:00:00Z,2021,1,6,False,False,11375,159.0,99.0,79.0,76.0,66.0,166,395,452,603.0,755.0,790.0,779.0,739,774,704,736,738,609.0,633,483,440.0,444.0,372.0,284.0
55432,2021-01-08T00:00:00Z,2021,1,5,False,False,10961,93.0,60.0,37.0,41.0,77.0,271,573,646,623.0,755.0,670.0,669.0,639,674,697,375,690,728.0,708,535,430.0,378.0,318.0,274.0
55432,2021-01-05T00:00:00Z,2021,1,2,False,False,10314,64.0,39.0,25.0,37.0,63.0,275,554,584,604.0,623.0,691.0,709.0,695,741,656,626,712,654.0,529,432,344.0,313.0,230.0,114.0
55432,2021-01-13T00:00:00Z,2021,1,3,False,False,11338,55.0,42.0,34.0,42.0,86.0,363,677,659,681.0,692.0,669.0,655.0,708,608,698,723,679,687.0,682,542,483.0,410.0,297.0,166.0
55432,2021-01-04T00:00:00Z,2021,1,1,False,False,9125,66.0,44.0,31.0,32.0,52.0,271,477,551,575.0,559.0,614.0,637.0,653,631,620,612,579,568.0,432,307,294.0,228.0,186.0,106.0
55432,2021-01-19T00:00:00Z,2021,1,2,False,False,11023,52.0,36.0,38.0,34.0,68.0,383,708,678,662.0,682.0,598.0,608.0,598,622,617,642,690,800.0,722,553,419.0,397.0,271.0,145.0
55432,2021-01-17T00:00:00Z,2021,1,7,False,False,11415,268.0,172.0,103.0,79.0,96.0,148,253,373,585.0,733.0,825.0,860.0,900,882,750,814,624,560.0,647,506,425.0,367.0,296.0,149.0
55432,2021-01-11T00:00:00Z,2021,1,1,False,False,10525,78.0,43.0,46.0,39.0,57.0,316,581,674,660.0,690.0,677.0,670.0,655,688,646,654,733,688.0,497,470,360.0,276.0,204.0,123.0
55432,2021-01-14T00:00:00Z,2021,1,4,False,False,11603,77.0,48.0,31.0,50.0,73.0,379,687,721,673.0,717.0,659.0,726.0,759,668,678,733,679,689.0,678,510,430.0,459.0,322.0,157.0
55432,2021-01-06T00:00:00Z,2021,1,3,False,False,10111,69.0,47.0,37.0,44.0,76.0,267,553,577,590.0,586.0,639.0,642.0,606,653,659,682,633,663.0,584,429,345.0,340.0,247.0,143.0
55432,2021-01-21T00:00:00Z,2021,1,4,False,False,11323,66.0,42.0,34.0,38.0,80.0,377,728,752,669.0,660.0,662.0,722.0,672,694,697,704,728,795.0,764,619,523.0,274.0,14.0,9.0
55432,2021-01-07T00:00:00Z,2021,1,4,False,False,10795,96.0,42.0,39.0,47.0,92.0,311,582,646,642.0,723.0,662.0,658.0,627,629,624,626,707,691.0,596,523,406.0,376.0,286.0,164.0
55432,2021-01-23T00:00:00Z,2021,1,6,False,False,12075,196.0,120.0,77.0,78.0,60.0,180,491,586,737.0,772.0,779.0,826.0,775,801,773,733,660,670.0,641,530,459.0,422.0,390.0,319.0
55432,2021-01-15T00:00:00Z,2021,1,5,False,False,11908,95.0,49.0,32.0,41.0,81.0,343,650,729,755.0,725.0,665.0,651.0,727,692,718,670,681,778.0,660,529,491.0,479.0,392.0,275.0
55432,2021-01-16T00:00:00Z,2021,1,6,False,False,12343,210.0,115.0,103.0,71.0,66.0,201,534,544,622.0,690.0,841.0,737.0,816,856,805,751,759,693.0,694,551,473.0,480.0,407.0,324.0
55432,2021-01-12T00:00:00Z,2021,1,2,False,False,11068,65.0,42.0,34.0,31.0,74.0,340,640,716,642.0,671.0,677.0,717.0,684,591,641,656,686,725.0,740,513,448.0,367.0,225.0,143.0
55432,2021-01-31T00:00:00Z,2021,1,7,False,False,10392,300.0,160.0,118.0,117.0,84.0,151,269,301,399.0,561.0,630.0,591.0,761,713,755,727,657,672.0,524,413,356.0,470.0,417.0,246.0
55432,2021-01-25T00:00:00Z,2021,1,1,False,False,11286,101.0,60.0,43.0,42.0,72.0,231,529,667,657.0,678.0,725.0,687.0,743,703,684,695,635,745.0,682,597,477.0,369.0,289.0,175.0
55432,2021-02-05T00:00:00Z,2021,2,5,False,False,12009,89.0,43.0,35.0,49.0,82.0,382,716,738,732.0,620.0,677.0,685.0,716,673,685,686,677,760.0,783,620,473.0,435.0,372.0,281.0
55432,2021-01-10T00:00:00Z,2021,1,7,False,False,11197,217.0,158.0,94.0,69.0,55.0,129,264,390,640.0,815.0,769.0,781.0,857,872,724,720,654,619.0,609,483,417.0,392.0,324.0,145.0
55432,2021-01-24T00:00:00Z,2021,1,7,False,False,10930,212.0,125.0,113.0,77.0,71.0,147,259,462,602.0,674.0,827.0,738.0,765,750,676,679,624,685.0,619,497,436.0,378.0,327.0,187.0
55432,2021-01-20T00:00:00Z,2021,1,3,False,False,11294,74.0,35.0,26.0,30.0,76.0,362,732,694,617.0,644.0,595.0,679.0,578,639,635,665,755,742.0,636,582,468.0,568.0,316.0,146.0
55432,2021-01-28T00:00:00Z,2021,1,4,False,False,10994,57.0,31.0,36.0,41.0,70.0,327,677,733,697.0,616.0,603.0,569.0,578,592,652,730,619,784.0,655,588,447.0,440.0,310.0,142.0
55432,2021-01-30T00:00:00Z,2021,1,6,False,False,12170,194.0,113.0,115.0,57.0,61.0,206,500,524,590.0,655.0,743.0,767.0,731,766,808,778,799,697.0,729,585,518.0,467.0,406.0,361.0
55432,2021-02-27T00:00:00Z,2021,2,6,False,False,12064,240.0,135.0,107.0,89.0,54.0,238,468,523,652.0,696.0,753.0,727.0,726,741,741,772,697,653.0,701,565,500.0,427.0,472.0,387.0
55432,2021-02-26T00:00:00Z,2021,2,5,False,False,11862,104.0,51.0,47.0,50.0,94.0,392,662,772,678.0,694.0,667.0,662.0,674,734,670,621,593,721.0,674,635,480.0,459.0,441.0,287.0
55432,2021-02-07T00:00:00Z,2021,2,7,False,False,11306,223.0,203.0,139.0,106.0,86.0,163,293,403,603.0,712.0,801.0,785.0,810,774,780,791,735,682.0,613,471,411.0,353.0,235.0,134.0
55432,2021-02-17T00:00:00Z,2021,2,3,False,False,11449,53.0,36.0,21.0,41.0,69.0,364,683,836,708.0,648.0,608.0,604.0,640,613,677,658,732,772.0,688,587,529.0,479.0,268.0,135.0
55432,2021-02-12T00:00:00Z,2021,2,5,False,False,12588,89.0,58.0,35.0,54.0,138.0,403,792,738,758.0,700.0,681.0,670.0,714,652,748,702,760,823.0,820,597,493.0,444.0,423.0,296.0
55432,2021-02-11T00:00:00Z,2021,2,4,False,False,12404,68.0,38.0,39.0,58.0,112.0,403,739,824,723.0,693.0,706.0,671.0,715,688,652,722,751,852.0,739,669,531.0,488.0,356.0,167.0
55432,2021-02-25T00:00:00Z,2021,2,4,False,False,11400,80.0,64.0,29.0,52.0,98.0,361,624,815,662.0,632.0,645.0,632.0,568,625,616,691,756,666.0,694,617,494.0,449.0,315.0,215.0
55432,2021-02-24T00:00:00Z,2021,2,3,False,False,10467,60.0,35.0,30.0,32.0,94.0,388,622,641,675.0,590.0,581.0,556.0,560,587,614,679,656,544.0,622,546,469.0,452.0,284.0,150.0
55432,2021-02-23T00:00:00Z,2021,2,2,False,False,11166,65.0,39.0,31.0,44.0,97.0,398,714,787,756.0,572.0,623.0,638.0,604,627,604,640,698,666.0,667,591,490.0,405.0,282.0,128.0
55432,2021-02-28T00:00:00Z,2021,2,7,False,False,11194,288.0,221.0,158.0,112.0,77.0,115,286,378,493.0,677.0,723.0,802.0,826,820,785,821,706,655.0,591,456,437.0,399.0,244.0,124.0
55432,2021-02-06T00:00:00Z,2021,2,6,False,False,12512,214.0,133.0,98.0,79.0,57.0,246,528,568,713.0,772.0,772.0,747.0,745,739,750,778,801,632.0,650,629,477.0,464.0,513.0,407.0
55432,2021-02-03T00:00:00Z,2021,2,3,False,False,11402,87.0,29.0,28.0,48.0,88.0,363,730,705,694.0,628.0,601.0,641.0,609,624,642,680,772,757.0,739,567,529.0,428.0,276.0,137.0
55432,2021-02-04T00:00:00Z,2021,2,4,False,False,12046,96.0,45.0,34.0,51.0,111.0,397,742,810,778.0,699.0,649.0,652.0,705,662,642,692,695,787.0,720,603,516.0,469.0,332.0,159.0
55432,2021-02-21T00:00:00Z,2021,2,7,False,False,11194,279.0,178.0,161.0,94.0,78.0,134,300,383,532.0,702.0,754.0,782.0,783,786,793,752,739,692.0,596,496,414.0,368.0,251.0,147.0
55432,2021-02-09T00:00:00Z,2021,2,2,False,False,11765,90.0,36.0,44.0,67.0,87.0,378,698,799,765.0,649.0,669.0,627.0,613,628,618,691,743,856.0,822,528,499.0,424.0,299.0,135.0
55432,2021-02-16T00:00:00Z,2021,2,2,False,False,11357,53.0,27.0,25.0,40.0,86.0,357,697,711,665.0,685.0,620.0,661.0,634,630,673,645,745,826.0,743,555,498.0,401.0,264.0,116.0
55432,2021-02-20T00:00:00Z,2021,2,6,False,False,12415,229.0,174.0,115.0,99.0,67.0,227,500,540,647.0,774.0,782.0,721.0,775,760,853,766,737,696.0,692,559,429.0,416.0,463.0,394.0
55432,2021-02-10T00:00:00Z,2021,2,3,False,False,12018,59.0,40.0,34.0,43.0,82.0,371,734,749,759.0,694.0,619.0,718.0,659,632,681,717,770,808.0,720,668,532.0,492.0,294.0,143.0
55432,2021-02-08T00:00:00Z,2021,2,1,False,False,11141,73.0,39.0,27.0,44.0,103.0,366,700,784,735.0,641.0,600.0,577.0,581,586,637,640,696,845.0,722,540,469.0,400.0,230.0,106.0
55432,2021-02-22T00:00:00Z,2021,2,1,False,False,10828,85.0,31.0,37.0,45.0,81.0,379,691,745,731.0,655.0,636.0,609.0,574,617,600,651,696,585.0,658,531,507.0,350.0,216.0,118.0
55432,2021-02-01T00:00:00Z,2021,2,1,False,False,10873,137.0,75.0,40.0,67.0,86.0,369,727,705,657.0,605.0,582.0,549.0,592,584,653,606,674,765.0,742,543,450.0,323.0,219.0,123.0
55432,2021-02-13T00:00:00Z,2021,2,6,False,False,11633,233.0,129.0,91.0,85.0,77.0,181,430,463,565.0,632.0,733.0,788.0,751,724,725,759,732,621.0,651,545,458.0,494.0,432.0,334.0
55432,2021-02-02T00:00:00Z,2021,2,2,False,False,11149,55.0,30.0,26.0,50.0,73.0,329,712,754,729.0,661.0,620.0,602.0,592,592,650,620,661,816.0,723,593,474.0,396.0,260.0,131.0
55432,2021-02-19T00:00:00Z,2021,2,5,False,False,11576,100.0,50.0,28.0,43.0,94.0,382,700,802,727.0,643.0,635.0,626.0,625,679,668,599,601,673.0,688,593,493.0,403.0,411.0,313.0
55432,2021-02-15T00:00:00Z,2021,2,1,False,False,11008,72.0,51.0,33.0,52.0,91.0,349,696,776,789.0,635.0,613.0,608.0,558,608,600,643,706,766.0,717,540,437.0,348.0,223.0,97.0
55432,2021-02-14T00:00:00Z,2021,2,7,False,False,11008,293.0,171.0,145.0,119.0,85.0,136,232,354,524.0,646.0,700.0,782.0,754,772,813,794,674,687.0,648,477,400.0,368.0,286.0,148.0
55432,2021-03-06T00:00:00Z,2021,3,6,False,False,12118,250.0,155.0,126.0,88.0,66.0,265,467,544,661.0,780.0,773.0,806.0,707,708,683,613,726,562.0,491,540,564.0,608.0,516.0,419.0
55432,2021-02-18T00:00:00Z,2021,2,4,False,False,11901,86.0,51.0,38.0,48.0,88.0,363,711,736,726.0,665.0,635.0,601.0,663,652,645,710,713,808.0,764,649,576.0,411.0,347.0,215.0
55432,2021-03-04T00:00:00Z,2021,3,4,False,False,11613,69.0,57.0,32.0,61.0,90.0,438,688,681,661.0,570.0,616.0,602.0,683,641,672,700,720,755.0,705,614,545.0,478.0,341.0,194.0
55432,2021-03-07T00:00:00Z,2021,3,7,False,False,11319,348.0,274.0,214.0,198.0,120.0,173,246,364,550.0,634.0,746.0,822.0,785,666,781,781,703,660.0,561,477,423.0,406.0,263.0,124.0
55432,2021-03-12T00:00:00Z,2021,3,5,False,False,11570,86.0,44.0,37.0,43.0,87.0,368,692,707,673.0,664.0,647.0,695.0,635,625,636,679,679,725.0,743,499,473.0,474.0,380.0,279.0
55432,2021-03-15T00:00:00Z,2021,3,1,False,False,11110,59.0,28.0,32.0,30.0,67.0,348,688,743,762.0,616.0,608.0,576.0,593,645,640,735,737,736.0,660,540,461.0,440.0,258.0,108.0
55432,2021-03-19T00:00:00Z,2021,3,5,False,False,11480,97.0,59.0,45.0,41.0,92.0,351,718,708,771.0,682.0,650.0,629.0,665,607,717,665,630,589.0,589,535,490.0,412.0,396.0,342.0
55432,2021-03-28T00:00:00Z,2021,3,7,False,False,11377,272.0,198.0,169.0,152.0,115.0,142,234,358,529.0,672.0,766.0,863.0,804,849,800,787,773,658.0,631,449,417.0,381.0,236.0,122.0
55432,2021-03-22T00:00:00Z,2021,3,1,False,False,9868,76.0,43.0,38.0,38.0,75.0,379,576,695,704.0,577.0,478.0,583.0,555,576,573,624,609,727.0,555,454,368.0,288.0,171.0,106.0
55432,2021-03-23T00:00:00Z,2021,3,2,False,False,10251,45.0,25.0,32.0,31.0,57.0,348,590,707,688.0,604.0,554.0,542.0,519,572,606,627,629,742.0,654,475,430.0,370.0,258.0,146.0
55432,2021-03-17T00:00:00Z,2021,3,3,False,False,11264,59.0,29.0,27.0,37.0,88.0,356,691,775,761.0,623.0,603.0,610.0,606,629,669,720,708,615.0,715,581,434.0,453.0,289.0,186.0
55432,2021-03-11T00:00:00Z,2021,3,4,False,False,11892,86.0,45.0,35.0,47.0,107.0,396,694,782,720.0,700.0,663.0,606.0,638,640,694,716,761,728.0,686,589,522.0,476.0,387.0,174.0
55432,2021-03-03T00:00:00Z,2021,3,3,False,False,11559,140.0,44.0,38.0,32.0,83.0,397,699,753,629.0,579.0,605.0,604.0,664,617,600,750,753,774.0,732,623,539.0,466.0,289.0,149.0
55432,2021-03-13T00:00:00Z,2021,3,6,False,False,12106,181.0,118.0,87.0,66.0,63.0,236,504,538,648.0,794.0,856.0,808.0,685,829,677,789,796,661.0,593,562,454.0,438.0,387.0,336.0
55432,2021-03-05T00:00:00Z,2021,3,5,False,False,11568,122.0,56.0,39.0,43.0,104.0,384,673,633,688.0,664.0,697.0,560.0,636,649,721,661,581,686.0,680,533,509.0,460.0,472.0,317.0
55432,2021-03-18T00:00:00Z,2021,3,4,False,False,10933,102.0,69.0,52.0,64.0,105.0,361,640,717,696.0,610.0,629.0,592.0,575,685,571,718,653,636.0,495,553,473.0,392.0,322.0,223.0
55432,2021-03-02T00:00:00Z,2021,3,2,False,False,11270,,38.0,23.0,46.0,74.0,368,630,733,672.0,619.0,633.0,622.0,611,576,628,625,689,874.0,758,553,516.0,382.0,353.0,247.0
55432,2021-03-20T00:00:00Z,2021,3,6,False,False,9549,232.0,162.0,116.0,91.0,70.0,197,306,313,425.0,509.0,633.0,641.0,586,616,626,568,575,583.0,530,442,365.0,315.0,328.0,320.0
55432,2021-03-24T00:00:00Z,2021,3,3,False,False,11817,65.0,48.0,31.0,35.0,85.0,427,662,730,617.0,681.0,683.0,688.0,653,712,714,697,723,763.0,683,612,529.0,498.0,313.0,168.0
55432,2021-03-26T00:00:00Z,2021,3,5,False,False,12299,93.0,49.0,44.0,39.0,95.0,368,731,663,693.0,682.0,662.0,641.0,671,684,671,795,790,727.0,746,597,530.0,444.0,456.0,428.0
55432,2021-03-10T00:00:00Z,2021,3,3,False,False,11620,63.0,44.0,35.0,38.0,90.0,389,693,691,721.0,607.0,634.0,655.0,588,585,634,665,765,712.0,713,614,552.0,575.0,386.0,171.0
55432,2021-03-21T00:00:00Z,2021,3,7,False,False,9170,260.0,182.0,154.0,87.0,92.0,116,167,214,326.0,504.0,551.0,650.0,659,725,676,713,542,563.0,469,358,454.0,359.0,240.0,109.0
55432,2021-03-09T00:00:00Z,2021,3,2,False,False,10974,53.0,26.0,33.0,41.0,98.0,416,643,720,735.0,610.0,627.0,615.0,589,617,607,669,658,704.0,689,558,484.0,410.0,266.0,106.0
55432,2021-03-14T00:00:00Z,2021,3,7,False,False,9263,274.0,200.0,144.0,96.0,102.0,111,179,250,346.0,494.0,557.0,693.0,649,617,689,699,631,613.0,517,378,345.0,330.0,225.0,124.0
55432,2021-03-01T00:00:00Z,2021,3,1,False,False,10931,75.0,39.0,32.0,43.0,94.0,368,659,725,733.0,632.0,669.0,616.0,693,631,644,726,699,758.0,701,543,509.0,213.0,63.0,66.0
55432,2021-03-08T00:00:00Z,2021,3,1,False,False,10686,57.0,42.0,32.0,46.0,98.0,402,658,685,511.0,597.0,562.0,604.0,623,621,614,702,675,631.0,635,491,423.0,441.0,363.0,173.0
55432,2021-03-30T00:00:00Z,2021,3,2,False,False,11525,62.0,45.0,23.0,41.0,93.0,355,653,725,724.0,676.0,654.0,651.0,649,615,609,691,767,794.0,763,572,524.0,405.0,280.0,154.0
55432,2021-03-31T00:00:00Z,2021,3,3,False,False,11620,72.0,36.0,38.0,41.0,100.0,363,661,774,731.0,648.0,601.0,643.0,673,639,677,681,693,643.0,711,623,509.0,508.0,375.0,180.0
55432,2021-03-16T00:00:00Z,2021,3,2,False,False,10602,58.0,48.0,34.0,46.0,83.0,389,705,690,682.0,659.0,605.0,627.0,574,558,647,681,525,617.0,658,558,441.0,341.0,235.0,141.0
55432,2021-03-29T00:00:00Z,2021,3,1,False,False,11061,81.0,46.0,31.0,39.0,99.0,363,683,743,707.0,622.0,633.0,581.0,617,624,617,671,750,783.0,703,499,470.0,339.0,242.0,118.0
55432,2021-03-27T00:00:00Z,2021,3,6,False,False,11801,224.0,144.0,133.0,81.0,90.0,207,516,524,649.0,756.0,742.0,714.0,685,800,691,696,589,559.0,707,519,503.0,452.0,439.0,381.0
55432,2021-03-25T00:00:00Z,2021,3,4,False,False,12394,77.0,61.0,39.0,41.0,101.0,398,703,743,733.0,644.0,696.0,717.0,737,686,670,770,786,720.0,738,684,534.0,499.0,376.0,241.0
55432,2021-04-26T00:00:00Z,2021,4,1,False,False,10620,63.0,36.0,30.0,37.0,60.0,325,656,765,712.0,628.0,557.0,612.0,557,628,593,695,687,791.0,628,483,443.0,342.0,215.0,77.0
55432,2021-04-19T00:00:00Z,2021,4,1,False,False,10790,57.0,38.0,35.0,30.0,68.0,344,695,737,661.0,609.0,619.0,670.0,611,587,644,712,721,741.0,632,509,460.0,321.0,204.0,85.0
55432,2021-04-28T00:00:00Z,2021,4,3,False,False,11390,61.0,39.0,21.0,41.0,101.0,367,706,744,732.0,624.0,655.0,598.0,607,583,664,664,715,782.0,647,603,477.0,474.0,327.0,158.0
55432,2021-04-20T00:00:00Z,2021,4,2,False,False,11183,71.0,20.0,38.0,33.0,64.0,345,719,730,746.0,655.0,616.0,631.0,606,634,594,722,729,663.0,713,550,482.0,405.0,267.0,150.0
55432,2021-04-10T00:00:00Z,2021,4,6,False,False,12281,204.0,140.0,100.0,79.0,77.0,245,515,488,651.0,797.0,731.0,718.0,763,809,787,738,708,765.0,761,521,473.0,475.0,408.0,328.0
55432,2021-04-05T00:00:00Z,2021,4,1,False,False,9532,142.0,90.0,55.0,51.0,63.0,147,292,373,452.0,722.0,731.0,772.0,819,712,700,589,541,495.0,457,383,366.0,286.0,189.0,105.0
55432,2021-04-14T00:00:00Z,2021,4,3,False,False,11677,68.0,41.0,21.0,28.0,91.0,359,673,699,745.0,742.0,730.0,740.0,721,629,656,706,731,772.0,602,534,448.0,513.0,271.0,157.0
55432,2021-04-09T00:00:00Z,2021,4,5,False,False,12216,93.0,51.0,38.0,49.0,89.0,378,716,714,696.0,781.0,668.0,793.0,730,678,669,735,769,685.0,634,573,489.0,468.0,397.0,323.0
55432,2021-04-18T00:00:00Z,2021,4,7,False,False,10696,318.0,215.0,172.0,130.0,74.0,126,250,313,519.0,684.0,727.0,706.0,819,696,787,741,680,649.0,515,436,404.0,365.0,252.0,118.0
55432,2021-04-24T00:00:00Z,2021,4,6,False,False,12537,216.0,124.0,108.0,94.0,74.0,192,442,606,703.0,874.0,734.0,789.0,763,800,832,774,737,641.0,666,532,511.0,492.0,456.0,377.0
55432,2021-04-25T00:00:00Z,2021,4,7,False,False,10184,283.0,200.0,169.0,118.0,142.0,165,267,357,534.0,732.0,768.0,811.0,620,626,614,639,560,545.0,466,426,412.0,377.0,227.0,126.0
55432,2021-04-17T00:00:00Z,2021,4,6,False,False,12315,223.0,129.0,115.0,81.0,94.0,217,466,444,573.0,777.0,775.0,846.0,764,860,779,791,737,641.0,642,598,477.0,443.0,442.0,401.0
55432,2021-04-03T00:00:00Z,2021,4,6,False,False,10306,144.0,79.0,58.0,38.0,48.0,121,305,363,488.0,639.0,715.0,793.0,801,716,705,656,543,543.0,582,468,434.0,407.0,366.0,294.0
55432,2021-04-16T00:00:00Z,2021,4,5,False,False,12093,95.0,47.0,52.0,54.0,90.0,366,705,680,733.0,773.0,715.0,692.0,673,696,701,685,753,717.0,643,575,467.0,467.0,409.0,305.0
55432,2021-04-01T00:00:00Z,2021,4,4,False,False,12174,96.0,60.0,48.0,44.0,82.0,364,703,745,710.0,710.0,685.0,618.0,656,684,722,709,756,773.0,695,644,529.0,496.0,370.0,275.0
55432,2021-04-30T00:00:00Z,2021,4,5,False,False,11865,107.0,50.0,30.0,46.0,83.0,335,723,797,723.0,659.0,635.0,660.0,630,665,708,638,700,625.0,645,578,547.0,473.0,467.0,341.0
55432,2021-04-23T00:00:00Z,2021,4,5,False,False,12044,88.0,76.0,35.0,50.0,84.0,379,670,780,768.0,678.0,665.0,644.0,623,648,695,649,685,749.0,720,544,502.0,499.0,460.0,353.0
55432,2021-04-06T00:00:00Z,2021,4,2,False,False,10363,42.0,33.0,30.0,29.0,58.0,297,592,616,657.0,621.0,659.0,661.0,621,652,599,658,611,675.0,638,464,409.0,377.0,245.0,119.0
55432,2021-04-08T00:00:00Z,2021,4,4,False,False,11368,58.0,39.0,41.0,40.0,85.0,324,664,675,635.0,681.0,658.0,660.0,656,662,627,679,652,665.0,665,572,445.0,469.0,508.0,208.0
55432,2021-04-27T00:00:00Z,2021,4,2,False,False,11055,44.0,22.0,29.0,29.0,77.0,389,719,739,767.0,617.0,631.0,639.0,587,573,635,675,736,660.0,582,581,469.0,438.0,275.0,142.0
55432,2021-04-11T00:00:00Z,2021,4,7,False,False,10648,247.0,172.0,155.0,133.0,98.0,154,235,373,489.0,719.0,718.0,733.0,792,728,840,761,638,587.0,545,449,405.0,335.0,223.0,119.0
55432,2021-04-22T00:00:00Z,2021,4,4,False,False,11886,114.0,39.0,49.0,51.0,99.0,382,696,757,700.0,612.0,640.0,634.0,640,665,690,706,717,759.0,774,553,515.0,507.0,367.0,220.0
55432,2021-04-29T00:00:00Z,2021,4,4,False,False,11657,88.0,55.0,41.0,49.0,97.0,382,734,742,730.0,646.0,628.0,634.0,667,667,694,716,775,509.0,599,579,565.0,514.0,371.0,175.0
55432,2021-04-02T00:00:00Z,2021,4,5,False,False,10113,196.0,133.0,131.0,99.0,81.0,114,287,300,358.0,649.0,629.0,757.0,757,661,669,626,547,605.0,591,494,383.0,459.0,392.0,195.0
55432,2021-04-13T00:00:00Z,2021,4,2,False,False,11194,51.0,31.0,13.0,38.0,83.0,356,684,653,618.0,709.0,652.0,691.0,651,669,670,692,768,687.0,675,516,493.0,389.0,288.0,117.0
55432,2021-04-12T00:00:00Z,2021,4,1,False,False,10648,65.0,35.0,30.0,35.0,66.0,339,705,648,635.0,675.0,650.0,633.0,599,606,595,681,679,752.0,619,505,433.0,319.0,240.0,104.0
55432,2021-04-07T00:00:00Z,2021,4,3,False,False,10933,62.0,32.0,20.0,39.0,79.0,355,660,712,683.0,669.0,649.0,629.0,670,592,579,655,751,693.0,637,487,412.0,442.0,289.0,137.0
55432,2021-05-14T00:00:00Z,2021,5,5,False,False,11975,89.0,49.0,33.0,44.0,75.0,374,726,752,694.0,641.0,686.0,646.0,673,643,654,738,769,696.0,722,601,460.0,475.0,401.0,334.0
55432,2021-04-15T00:00:00Z,2021,4,4,False,False,11927,91.0,37.0,33.0,40.0,95.0,382,664,669,649.0,741.0,694.0,729.0,689,658,668,778,772,741.0,717,532,505.0,484.0,339.0,220.0
55432,2021-04-21T00:00:00Z,2021,4,3,False,False,11585,72.0,41.0,26.0,34.0,75.0,378,684,716,752.0,669.0,604.0,613.0,643,659,666,698,779,689.0,700,594,477.0,480.0,365.0,171.0
55432,2021-05-15T00:00:00Z,2021,5,6,False,False,11657,202.0,137.0,94.0,74.0,77.0,204,486,562,660.0,748.0,744.0,768.0,680,648,671,736,631,598.0,612,531,457.0,511.0,437.0,389.0
55432,2021-05-10T00:00:00Z,2021,5,1,False,False,10899,56.0,38.0,40.0,28.0,79.0,330,689,768,685.0,634.0,630.0,632.0,652,648,666,664,707,714.0,645,464,478.0,319.0,249.0,84.0
55432,2021-05-22T00:00:00Z,2021,5,6,False,False,12312,187.0,140.0,96.0,92.0,73.0,208,475,560,700.0,751.0,808.0,830.0,772,788,822,776,813,606.0,576,571,446.0,454.0,432.0,336.0
55432,2021-05-17T00:00:00Z,2021,5,1,False,False,10651,48.0,36.0,22.0,53.0,89.0,366,613,693,741.0,678.0,586.0,601.0,614,605,615,606,752,735.0,632,514,435.0,292.0,231.0,94.0
55432,2021-05-19T00:00:00Z,2021,5,3,False,False,11486,68.0,37.0,27.0,48.0,106.0,367,698,775,726.0,647.0,651.0,639.0,665,647,661,657,715,628.0,648,568,548.0,467.0,315.0,178.0
55432,2021-05-12T00:00:00Z,2021,5,3,False,False,11229,61.0,44.0,21.0,40.0,75.0,330,673,775,731.0,657.0,599.0,630.0,684,648,604,721,708,561.0,712,547,503.0,442.0,316.0,147.0
55432,2021-05-08T00:00:00Z,2021,5,6,False,False,11749,189.0,131.0,76.0,67.0,69.0,210,504,519,700.0,772.0,773.0,780.0,771,764,662,696,693,597.0,575,499,446.0,455.0,428.0,373.0
55432,2021-05-29T00:00:00Z,2021,5,6,False,False,12155,215.0,148.0,119.0,95.0,92.0,181,477,536,645.0,746.0,784.0,806.0,802,838,805,711,726,713.0,545,513,469.0,376.0,426.0,387.0
55432,2021-05-07T00:00:00Z,2021,5,5,False,False,11290,80.0,41.0,45.0,49.0,89.0,310,640,703,725.0,654.0,614.0,678.0,597,603,667,674,722,598.0,669,498,444.0,463.0,388.0,339.0
55432,2021-05-31T00:00:00Z,2021,5,1,False,False,10930,66.0,40.0,30.0,36.0,93.0,313,673,747,701.0,652.0,614.0,610.0,607,590,626,625,706,807.0,667,524,430.0,344.0,236.0,193.0
55432,2021-05-24T00:00:00Z,2021,5,1,False,False,10508,62.0,48.0,30.0,49.0,82.0,315,654,642,715.0,631.0,571.0,614.0,553,581,645,644,685,737.0,678,527,424.0,315.0,213.0,93.0
55432,2021-05-03T00:00:00Z,2021,5,1,False,False,10796,51.0,27.0,29.0,37.0,69.0,333,740,780,717.0,694.0,590.0,603.0,597,692,598,676,710,746.0,585,482,431.0,318.0,202.0,89.0
55432,2021-05-06T00:00:00Z,2021,5,4,False,False,11068,87.0,33.0,34.0,39.0,91.0,376,626,707,652.0,624.0,632.0,566.0,595,664,640,688,712,732.0,662,515,417.0,435.0,351.0,190.0
55432,2021-05-01T00:00:00Z,2021,5,6,False,False,12606,213.0,121.0,97.0,72.0,78.0,206,484,586,694.0,850.0,721.0,767.0,808,735,743,832,743,725.0,632,566,483.0,516.0,573.0,361.0
55432,2021-05-30T00:00:00Z,2021,5,7,False,False,10406,270.0,201.0,172.0,113.0,104.0,109,221,322,500.0,625.0,746.0,745.0,847,779,743,734,618,577.0,524,406,365.0,369.0,214.0,102.0
55432,2021-05-20T00:00:00Z,2021,5,4,False,False,11458,80.0,41.0,42.0,51.0,95.0,339,726,752,688.0,646.0,579.0,625.0,641,626,608,751,724,688.0,631,599,503.0,482.0,364.0,177.0
55432,2021-05-23T00:00:00Z,2021,5,7,False,False,10563,303.0,192.0,151.0,127.0,116.0,126,239,326,550.0,631.0,766.0,761.0,791,809,677,691,615,637.0,516,432,354.0,359.0,251.0,143.0
55432,2021-05-25T00:00:00Z,2021,5,2,False,False,11162,42.0,26.0,25.0,35.0,85.0,298,682,745,731.0,666.0,609.0,646.0,571,622,634,668,706,742.0,663,589,492.0,440.0,289.0,156.0
55432,2021-05-26T00:00:00Z,2021,5,3,False,False,11722,80.0,34.0,35.0,49.0,94.0,333,657,760,777.0,710.0,681.0,659.0,638,681,657,716,645,720.0,683,632,518.0,468.0,314.0,181.0
55432,2021-05-05T00:00:00Z,2021,5,3,False,False,11182,66.0,34.0,26.0,41.0,81.0,351,606,761,686.0,682.0,626.0,587.0,634,656,626,711,709,680.0,689,544,439.0,449.0,347.0,151.0
55432,2021-05-21T00:00:00Z,2021,5,5,False,False,11909,111.0,52.0,44.0,41.0,106.0,323,697,777,733.0,658.0,598.0,645.0,667,644,780,698,762,699.0,674,600,490.0,414.0,407.0,289.0
55432,2021-05-27T00:00:00Z,2021,5,4,False,False,11732,84.0,46.0,40.0,39.0,102.0,356,728,748,750.0,708.0,659.0,659.0,686,661,664,741,789,620.0,604,569,495.0,423.0,328.0,233.0
55432,2021-05-11T00:00:00Z,2021,5,2,False,False,10828,64.0,29.0,23.0,49.0,81.0,345,682,771,734.0,642.0,628.0,580.0,647,590,628,727,710,565.0,591,514,433.0,404.0,251.0,140.0
55432,2021-05-13T00:00:00Z,2021,5,4,False,False,11368,75.0,38.0,27.0,34.0,74.0,338,678,728,735.0,648.0,603.0,682.0,689,656,641,698,694,663.0,541,560,512.0,504.0,381.0,169.0
55432,2021-05-02T00:00:00Z,2021,5,7,False,False,11062,291.0,183.0,168.0,94.0,94.0,124,260,401,586.0,753.0,804.0,791.0,787,783,791,710,698,669.0,561,422,396.0,345.0,237.0,114.0
55432,2021-05-28T00:00:00Z,2021,5,5,False,False,11887,124.0,54.0,35.0,42.0,73.0,337,656,708,721.0,618.0,630.0,707.0,672,713,707,736,765,724.0,693,557,463.0,406.0,434.0,312.0
55432,2021-06-12T00:00:00Z,2021,6,6,False,False,10811,224.0,126.0,112.0,106.0,91.0,151,375,378,477.0,636.0,685.0,698.0,737,668,736,699,633,584.0,565,480,445.0,448.0,406.0,351.0
55432,2021-05-04T00:00:00Z,2021,5,2,False,False,10707,54.0,24.0,29.0,38.0,60.0,341,687,788,729.0,643.0,573.0,578.0,578,577,591,645,703,767.0,661,482,431.0,337.0,275.0,116.0
55432,2021-06-25T00:00:00Z,2021,6,5,False,False,10184,67.0,35.0,39.0,51.0,82.0,295,740,695,610.0,562.0,575.0,560.0,598,590,617,646,666,632.0,582,409,312.0,347.0,266.0,208.0
55432,2021-06-18T00:00:00Z,2021,6,5,False,False,11821,98.0,55.0,43.0,65.0,73.0,357,716,802,675.0,706.0,636.0,671.0,653,668,687,732,660,688.0,686,593,446.0,396.0,368.0,347.0
55432,2021-05-09T00:00:00Z,2021,5,7,False,False,9994,245.0,165.0,140.0,81.0,59.0,125,236,290,475.0,622.0,646.0,730.0,662,738,727,721,621,551.0,550,417,451.0,368.0,251.0,123.0
55432,2021-05-18T00:00:00Z,2021,5,2,False,False,11073,52.0,30.0,29.0,40.0,76.0,378,702,768,773.0,715.0,618.0,558.0,598,591,625,633,683,666.0,627,542,518.0,458.0,275.0,118.0
55432,2021-06-02T00:00:00Z,2021,6,3,False,False,11518,64.0,38.0,39.0,51.0,84.0,344,702,701,657.0,710.0,604.0,652.0,679,676,603,751,736,738.0,702,531,501.0,451.0,326.0,178.0
55432,2021-06-01T00:00:00Z,2021,6,2,False,False,11337,88.0,60.0,48.0,42.0,73.0,332,696,775,700.0,678.0,584.0,615.0,602,639,700,709,715,717.0,650,551,508.0,422.0,289.0,144.0
55432,2021-05-16T00:00:00Z,2021,5,7,False,False,10866,264.0,176.0,100.0,98.0,80.0,150,281,365,569.0,739.0,746.0,803.0,809,844,740,738,660,637.0,562,416,424.0,344.0,207.0,114.0
55432,2021-06-17T00:00:00Z,2021,6,4,False,False,11847,91.0,43.0,27.0,42.0,83.0,343,705,733,682.0,648.0,631.0,652.0,676,631,654,732,736,833.0,689,620,620.0,427.0,371.0,178.0
55432,2021-06-14T00:00:00Z,2021,6,1,False,False,9027,209.0,150.0,86.0,60.0,62.0,117,234,261,314.0,505.0,629.0,680.0,755,796,774,631,568,480.0,448,360,361.0,288.0,168.0,91.0
55432,2021-06-13T00:00:00Z,2021,6,7,False,False,9936,267.0,210.0,149.0,95.0,94.0,105,218,270,394.0,555.0,599.0,695.0,677,707,775,593,621,519.0,484,485,421.0,440.0,320.0,243.0
55432,2021-06-22T00:00:00Z,2021,6,2,False,False,10435,63.0,32.0,15.0,40.0,54.0,308,697,655,688.0,608.0,564.0,569.0,552,588,550,638,727,698.0,645,502,483.0,402.0,242.0,115.0
55432,2021-06-04T00:00:00Z,2021,6,5,False,False,12113,113.0,54.0,35.0,53.0,75.0,328,659,746,719.0,707.0,703.0,651.0,688,728,675,690,690,705.0,649,608,498.0,479.0,503.0,357.0
55432,2021-06-19T00:00:00Z,2021,6,6,False,False,10412,199.0,127.0,95.0,79.0,75.0,183,389,429,517.0,616.0,632.0,622.0,669,673,638,622,583,628.0,618,439,427.0,399.0,401.0,352.0
55432,2021-06-23T00:00:00Z,2021,6,3,False,False,10176,48.0,32.0,26.0,44.0,79.0,278,702,672,735.0,545.0,561.0,581.0,567,581,596,636,673,659.0,563,446,380.0,396.0,248.0,128.0
55432,2021-06-20T00:00:00Z,2021,6,7,False,False,8593,239.0,211.0,122.0,109.0,94.0,109,182,222,307.0,466.0,457.0,555.0,619,666,628,655,580,527.0,395,385,349.0,356.0,235.0,125.0
55432,2021-06-21T00:00:00Z,2021,6,1,False,False,9811,46.0,38.0,21.0,29.0,70.0,285,638,677,687.0,517.0,525.0,519.0,565,580,575,651,671,757.0,591,459,359.0,279.0,192.0,80.0
55432,2021-06-16T00:00:00Z,2021,6,3,False,False,11254,45.0,38.0,27.0,41.0,78.0,336,674,745,737.0,636.0,637.0,629.0,615,679,609,652,762,765.0,677,571,447.0,413.0,303.0,138.0
55432,2021-06-10T00:00:00Z,2021,6,4,False,False,11213,78.0,39.0,25.0,52.0,74.0,318,713,780,740.0,636.0,616.0,574.0,591,609,664,705,752,684.0,605,525,456.0,462.0,349.0,166.0
55432,2021-07-03T00:00:00Z,2021,7,6,False,False,7191,52.0,35.0,21.0,30.0,41.0,148,420,371,387.0,439.0,544.0,564.0,561,626,579,539,401,351.0,291,229,194.0,171.0,128.0,69.0
55432,2021-06-03T00:00:00Z,2021,6,4,False,False,11544,83.0,38.0,33.0,36.0,84.0,328,686,776,752.0,701.0,659.0,672.0,596,651,677,700,730,680.0,667,550,477.0,433.0,327.0,208.0
55432,2021-06-15T00:00:00Z,2021,6,2,False,False,10772,42.0,38.0,23.0,31.0,63.0,286,651,769,712.0,645.0,627.0,600.0,577,575,625,722,696,751.0,625,534,455.0,388.0,215.0,122.0
55432,2021-07-05T00:00:00Z,2021,7,1,False,False,7964,23.0,25.0,14.0,27.0,58.0,245,645,566,533.0,521.0,510.0,443.0,509,523,532,533,540,549.0,431,245,191.0,147.0,89.0,65.0
55432,2021-06-09T00:00:00Z,2021,6,3,False,False,11322,57.0,33.0,19.0,52.0,81.0,318,676,752,737.0,707.0,587.0,601.0,601,662,666,688,728,733.0,669,569,455.0,443.0,322.0,166.0
55432,2021-06-08T00:00:00Z,2021,6,2,False,False,11292,96.0,85.0,29.0,42.0,78.0,335,750,777,757.0,584.0,589.0,623.0,655,593,647,701,748,727.0,628,506,466.0,436.0,316.0,124.0
55432,2021-06-11T00:00:00Z,2021,6,5,False,False,12329,107.0,52.0,42.0,55.0,80.0,313,667,739,706.0,657.0,674.0,692.0,676,673,705,763,718,789.0,780,708,462.0,477.0,492.0,302.0
55432,2021-06-24T00:00:00Z,2021,6,4,False,False,9752,59.0,43.0,24.0,45.0,69.0,293,673,682,688.0,514.0,503.0,523.0,555,583,583,597,662,618.0,555,465,350.0,324.0,224.0,120.0
55432,2021-07-17T00:00:00Z,2021,7,6,False,False,6235,30.0,22.0,25.0,26.0,34.0,141,430,322,347.0,423.0,456.0,531.0,351,523,488,518,392,336.0,280,197,136.0,100.0,72.0,55.0
55432,2021-07-02T00:00:00Z,2021,7,5,False,False,8205,38.0,23.0,13.0,37.0,65.0,247,670,563,488.0,479.0,494.0,479.0,503,561,547,542,596,497.0,463,295,209.0,209.0,122.0,65.0
55432,2021-07-12T00:00:00Z,2021,7,1,False,False,7182,19.0,16.0,12.0,29.0,66.0,241,563,576,510.0,464.0,440.0,428.0,448,467,436,497,522,524.0,339,211,147.0,97.0,82.0,48.0
55432,2021-07-15T00:00:00Z,2021,7,4,False,False,7869,33.0,11.0,13.0,37.0,61.0,242,637,643,506.0,510.0,454.0,502.0,508,481,485,524,584,542.0,402,258,179.0,112.0,90.0,55.0
55432,2021-07-21T00:00:00Z,2021,7,3,False,False,6248,19.0,13.0,14.0,30.0,43.0,164,328,439,411.0,385.0,366.0,381.0,424,406,415,419,452,507.0,376,232,180.0,120.0,83.0,41.0
55432,2021-07-22T00:00:00Z,2021,7,4,False,False,6670,24.0,15.0,21.0,30.0,52.0,149,339,481,388.0,459.0,483.0,405.0,437,466,445,466,501,454.0,380,241,189.0,123.0,82.0,40.0
55432,2021-07-10T00:00:00Z,2021,7,6,False,False,4933,37.0,36.0,21.0,27.0,31.0,137,334,265,240.0,332.0,371.0,387.0,397,400,364,288,327,227.0,210,161,101.0,98.0,88.0,54.0
55432,2021-07-16T00:00:00Z,2021,7,5,False,False,8084,36.0,21.0,25.0,26.0,58.0,235,679,608,508.0,519.0,462.0,513.0,527,500,529,540,551,515.0,423,290,198.0,144.0,119.0,58.0
55432,2021-07-18T00:00:00Z,2021,7,7,False,False,4634,31.0,23.0,18.0,29.0,25.0,65,157,194,245.0,330.0,453.0,178.0,206,494,501,429,346,261.0,197,146,100.0,102.0,57.0,47.0
55432,2021-07-13T00:00:00Z,2021,7,2,False,False,7500,22.0,21.0,20.0,30.0,56.0,239,621,622,516.0,486.0,493.0,449.0,416,482,435,531,535,499.0,375,250,168.0,120.0,75.0,39.0
55432,2021-07-25T00:00:00Z,2021,7,7,False,False,5125,34.0,20.0,22.0,21.0,20.0,64,158,192,216.0,357.0,419.0,447.0,470,470,469,428,346,280.0,225,130,119.0,113.0,65.0,40.0
55432,2021-07-24T00:00:00Z,2021,7,6,False,False,6036,34.0,21.0,21.0,30.0,22.0,96,232,220,326.0,423.0,476.0,487.0,526,574,546,506,392,309.0,257,172,128.0,121.0,67.0,50.0
55432,2021-07-11T00:00:00Z,2021,7,7,False,False,4173,29.0,18.0,12.0,24.0,16.0,72,125,149,183.0,257.0,277.0,351.0,358,371,399,336,304,220.0,221,122,119.0,98.0,75.0,37.0
55432,2021-07-06T00:00:00Z,2021,7,2,False,False,8103,33.0,21.0,15.0,27.0,61.0,238,662,565,548.0,521.0,512.0,473.0,494,502,500,525,569,578.0,428,328,216.0,131.0,99.0,57.0
55432,2021-07-30T00:00:00Z,2021,7,5,False,False,7184,26.0,11.0,17.0,23.0,56.0,172,407,494,435.0,469.0,437.0,427.0,494,570,516,487,537,495.0,437,252,164.0,132.0,72.0,54.0
55432,2021-07-26T00:00:00Z,2021,7,1,False,False,6018,24.0,13.0,16.0,25.0,41.0,155,294,406,390.0,414.0,365.0,381.0,400,402,432,447,454,449.0,325,193,144.0,119.0,85.0,44.0
55432,2021-07-14T00:00:00Z,2021,7,3,False,False,7377,24.0,15.0,17.0,29.0,53.0,260,622,636,545.0,473.0,461.0,428.0,453,464,445,468,480,512.0,360,207,160.0,118.0,92.0,55.0
55432,2021-07-09T00:00:00Z,2021,7,5,False,False,7790,36.0,17.0,30.0,36.0,61.0,239,652,528,540.0,520.0,539.0,488.0,476,516,452,535,499,511.0,429,227,184.0,133.0,85.0,57.0
55432,2021-07-29T00:00:00Z,2021,7,4,False,False,6665,26.0,18.0,9.0,22.0,39.0,168,349,444,445.0,465.0,431.0,443.0,437,438,455,496,525,442.0,353,244,148.0,138.0,77.0,53.0
55432,2021-07-31T00:00:00Z,2021,7,6,False,False,6290,22.0,24.0,16.0,19.0,26.0,123,296,288,320.0,468.0,533.0,523.0,533,529,591,473,407,300.0,252,165,129.0,94.0,98.0,61.0
55432,2021-07-28T00:00:00Z,2021,7,3,False,False,6807,30.0,25.0,15.0,21.0,48.0,171,374,494,448.0,406.0,434.0,499.0,513,530,479,460,447,504.0,351,206,132.0,104.0,75.0,41.0
55432,2021-07-08T00:00:00Z,2021,7,4,False,False,8421,34.0,28.0,17.0,37.0,58.0,265,632,597,577.0,552.0,518.0,489.0,548,562,514,588,567,554.0,464,303,222.0,149.0,86.0,60.0
55432,2021-07-07T00:00:00Z,2021,7,3,False,False,8297,36.0,21.0,19.0,33.0,76.0,233,656,618,561.0,505.0,486.0,525.0,500,488,545,522,566,579.0,481,301,225.0,144.0,112.0,65.0
55432,2021-07-19T00:00:00Z,2021,7,1,False,False,5979,21.0,13.0,20.0,19.0,40.0,158,316,433,413.0,374.0,359.0,376.0,384,414,385,444,403,441.0,316,182,188.0,159.0,70.0,51.0
55432,2021-08-26T00:00:00Z,2021,8,4,False,False,7486,21.0,9.0,8.0,32.0,62.0,211,682,626,494.0,481.0,481.0,445.0,479,492,444,488,526,521.0,357,230,153.0,118.0,82.0,44.0
55432,2021-07-01T00:00:00Z,2021,7,4,False,False,7600,33.0,18.0,15.0,34.0,51.0,218,640,549,486.0,515.0,453.0,412.0,519,466,447,521,534,508.0,421,268,184.0,150.0,101.0,57.0
55432,2021-07-23T00:00:00Z,2021,7,5,False,False,6792,24.0,22.0,12.0,32.0,42.0,152,356,440,405.0,429.0,426.0,423.0,486,490,475,512,480,507.0,387,250,167.0,137.0,86.0,52.0
55432,2021-07-27T00:00:00Z,2021,7,2,False,False,6470,22.0,21.0,16.0,20.0,35.0,168,349,460,390.0,455.0,395.0,427.0,450,467,434,445,512,438.0,358,231,158.0,102.0,74.0,43.0
55432,2021-07-20T00:00:00Z,2021,7,2,False,False,6174,15.0,18.0,16.0,24.0,41.0,169,316,426,394.0,386.0,394.0,416.0,409,431,401,425,456,448.0,347,227,161.0,133.0,84.0,37.0
55432,2021-08-18T00:00:00Z,2021,8,3,False,False,6980,27.0,17.0,13.0,34.0,50.0,216,617,553,466.0,410.0,421.0,425.0,452,466,450,456,516,533.0,299,205,131.0,100.0,72.0,51.0
55432,2021-08-02T00:00:00Z,2021,8,1,False,False,7242,15.0,15.0,15.0,19.0,66.0,197,559,540,504.0,470.0,500.0,408.0,447,484,468,539,551,497.0,365,219,152.0,99.0,70.0,43.0
55432,2021-08-19T00:00:00Z,2021,8,4,False,False,7009,,15.0,13.0,30.0,55.0,236,639,503,482.0,432.0,428.0,418.0,460,452,436,489,528,462.0,335,246,132.0,107.0,73.0,38.0
55432,2021-08-12T00:00:00Z,2021,8,4,False,False,7930,26.0,13.0,8.0,22.0,53.0,222,647,599,509.0,477.0,446.0,472.0,512,520,537,617,645,554.0,382,244,176.0,125.0,81.0,43.0
55432,2021-08-14T00:00:00Z,2021,8,6,False,False,6931,32.0,25.0,19.0,16.0,45.0,137,398,325,406.0,486.0,599.0,562.0,541,605,604,515,443,342.0,242,188,133.0,119.0,90.0,59.0
55432,2021-08-05T00:00:00Z,2021,8,4,False,False,7537,20.0,16.0,9.0,25.0,50.0,249,593,513,463.0,512.0,436.0,492.0,437,518,463,542,572,539.0,402,255,169.0,124.0,91.0,47.0
55432,2021-08-31T00:00:00Z,2021,8,2,False,False,7256,22.0,15.0,15.0,17.0,47.0,236,666,542,494.0,431.0,397.0,429.0,421,435,472,491,532,568.0,372,258,140.0,133.0,87.0,36.0
55432,2021-08-28T00:00:00Z,2021,8,6,False,False,5877,25.0,15.0,14.0,28.0,37.0,179,371,286,292.0,404.0,453.0,470.0,477,464,482,429,343,283.0,250,181,146.0,115.0,76.0,57.0
55432,2021-08-20T00:00:00Z,2021,8,5,False,False,7262,24.0,15.0,17.0,25.0,59.0,204,553,525,462.0,508.0,456.0,427.0,490,464,493,549,526,465.0,407,206,145.0,118.0,77.0,47.0
55432,2021-08-13T00:00:00Z,2021,8,5,False,False,8324,12.0,18.0,16.0,25.0,58.0,257,633,558,474.0,533.0,502.0,536.0,571,596,590,580,635,577.0,440,276,152.0,136.0,92.0,57.0
55432,2021-08-23T00:00:00Z,2021,8,1,False,False,6420,14.0,6.0,7.0,20.0,49.0,184,552,516,441.0,469.0,418.0,403.0,403,401,393,461,444,437.0,332,171,117.0,90.0,62.0,30.0
55432,2021-08-04T00:00:00Z,2021,8,3,False,False,7385,17.0,15.0,16.0,31.0,49.0,223,612,528,488.0,487.0,428.0,453.0,496,463,456,494,516,533.0,410,250,171.0,120.0,76.0,53.0
55432,2021-08-30T00:00:00Z,2021,8,1,False,False,6870,18.0,12.0,10.0,21.0,50.0,211,603,516,472.0,455.0,414.0,406.0,425,423,428,420,519,519.0,395,209,139.0,95.0,67.0,43.0
55432,2021-08-16T00:00:00Z,2021,8,1,False,False,6469,10.0,21.0,15.0,27.0,49.0,207,551,531,455.0,427.0,372.0,356.0,405,387,388,450,502,472.0,320,194,129.0,92.0,74.0,35.0
55432,2021-08-29T00:00:00Z,2021,8,7,False,False,4818,34.0,13.0,13.0,13.0,29.0,81,170,193,199.0,368.0,378.0,412.0,376,411,407,368,322,271.0,245,153,128.0,107.0,78.0,49.0
55432,2021-08-06T00:00:00Z,2021,8,5,False,False,8216,24.0,12.0,16.0,31.0,54.0,203,641,578,507.0,509.0,517.0,513.0,559,558,607,572,589,537.0,460,252,171.0,152.0,90.0,64.0
55432,2021-08-07T00:00:00Z,2021,8,6,False,False,7395,30.0,29.0,19.0,25.0,43.0,144,417,330,392.0,492.0,613.0,596.0,648,613,595,536,501,366.0,321,229,139.0,146.0,109.0,62.0
55432,2021-08-27T00:00:00Z,2021,8,5,False,False,7567,17.0,18.0,17.0,24.0,50.0,225,668,569,493.0,473.0,458.0,433.0,489,507,484,523,530,528.0,411,239,154.0,128.0,81.0,48.0
55432,2021-08-08T00:00:00Z,2021,8,7,False,False,4932,48.0,22.0,21.0,14.0,20.0,99,190,198,212.0,283.0,338.0,390.0,413,466,471,386,329,286.0,219,154,112.0,124.0,93.0,44.0
55432,2021-08-25T00:00:00Z,2021,8,3,False,False,6654,13.0,10.0,13.0,24.0,59.0,194,532,496,458.0,404.0,373.0,373.0,410,443,414,470,480,500.0,392,225,147.0,99.0,78.0,47.0
55432,2021-09-17T00:00:00Z,2021,9,5,False,False,8596,22.0,14.0,14.0,24.0,53.0,339,711,572,590.0,539.0,523.0,551.0,511,548,546,598,629,574.0,435,282,203.0,148.0,99.0,71.0
55432,2021-08-24T00:00:00Z,2021,8,2,False,False,5868,32.0,12.0,12.0,24.0,54.0,170,425,469,443.0,369.0,364.0,372.0,354,358,342,382,444,432.0,325,163,118.0,106.0,61.0,37.0
55432,2021-09-06T00:00:00Z,2021,9,1,False,False,7247,,12.0,15.0,24.0,50.0,254,626,613,501.0,490.0,455.0,443.0,394,461,443,528,562,504.0,351,194,131.0,100.0,59.0,37.0
55432,2021-08-10T00:00:00Z,2021,8,2,False,False,7461,34.0,15.0,12.0,31.0,56.0,203,568,503,512.0,461.0,418.0,482.0,528,485,458,550,573,519.0,420,237,163.0,133.0,53.0,47.0
55432,2021-08-17T00:00:00Z,2021,8,2,False,False,6802,28.0,12.0,15.0,21.0,49.0,223,582,532,436.0,455.0,393.0,405.0,387,423,447,499,500,476.0,319,223,143.0,110.0,77.0,47.0
55432,2021-08-09T00:00:00Z,2021,8,1,False,False,7213,25.0,17.0,20.0,20.0,59.0,187,538,536,482.0,478.0,439.0,423.0,467,472,485,492,575,522.0,361,225,158.0,103.0,84.0,45.0
55432,2021-08-11T00:00:00Z,2021,8,3,False,False,8073,21.0,21.0,13.0,28.0,56.0,219,638,561,540.0,482.0,490.0,488.0,559,606,536,554,641,560.0,379,237,169.0,139.0,81.0,55.0
55432,2021-08-01T00:00:00Z,2021,8,7,False,False,5628,27.0,24.0,11.0,19.0,19.0,72,210,226,289.0,412.0,566.0,525.0,525,526,452,384,351,271.0,207,155,128.0,110.0,61.0,58.0
55432,2021-08-22T00:00:00Z,2021,8,7,False,False,4387,28.0,12.0,14.0,23.0,21.0,85,180,177,228.0,297.0,335.0,384.0,365,377,341,375,298,237.0,198,124,104.0,84.0,66.0,34.0
55432,2021-09-01T00:00:00Z,2021,9,3,False,False,7620,22.0,21.0,17.0,24.0,53.0,286,666,570,539.0,492.0,481.0,418.0,459,510,460,521,535,535.0,396,229,146.0,119.0,81.0,40.0
55432,2021-08-03T00:00:00Z,2021,8,2,False,False,6979,23.0,13.0,21.0,26.0,50.0,194,496,501,467.0,421.0,413.0,449.0,423,465,446,514,557,483.0,374,237,164.0,117.0,71.0,54.0
55432,2021-08-15T00:00:00Z,2021,8,7,False,False,5660,21.0,18.0,18.0,21.0,25.0,79,193,248,297.0,402.0,488.0,489.0,485,546,511,438,359,302.0,235,149,107.0,110.0,79.0,40.0
55432,2021-09-12T00:00:00Z,2021,9,7,False,False,5260,25.0,22.0,13.0,25.0,17.0,98,193,241,299.0,402.0,452.0,434.0,465,411,389,394,388,296.0,192,158,116.0,120.0,74.0,36.0
55432,2021-09-27T00:00:00Z,2021,9,1,False,False,7862,,18.0,10.0,31.0,54.0,294,669,606,531.0,509.0,471.0,464.0,505,507,529,518,538,553.0,391,231,189.0,110.0,84.0,50.0
55432,2021-09-22T00:00:00Z,2021,9,3,False,False,8202,23.0,10.0,9.0,33.0,53.0,293,723,619,583.0,509.0,496.0,497.0,512,492,504,542,599,608.0,408,258,168.0,123.0,94.0,46.0
55432,2021-09-04T00:00:00Z,2021,9,6,False,False,6018,35.0,18.0,13.0,20.0,33.0,194,415,348,359.0,471.0,502.0,448.0,457,457,452,381,326,271.0,275,179,106.0,115.0,89.0,54.0
55432,2021-09-26T00:00:00Z,2021,9,7,False,False,5520,31.0,23.0,27.0,30.0,32.0,91,185,218,249.0,327.0,395.0,444.0,507,498,483,420,416,349.0,267,176,145.0,95.0,67.0,45.0
55432,2021-09-29T00:00:00Z,2021,9,3,False,False,8097,20.0,16.0,12.0,34.0,65.0,310,708,658,582.0,569.0,515.0,523.0,487,502,452,447,552,541.0,416,237,170.0,133.0,96.0,52.0
55432,2021-09-14T00:00:00Z,2021,9,2,False,False,6972,26.0,13.0,12.0,24.0,43.0,254,615,543,522.0,461.0,452.0,400.0,411,428,384,475,482,486.0,363,204,156.0,107.0,72.0,39.0
55432,2021-09-13T00:00:00Z,2021,9,1,False,False,7250,18.0,14.0,11.0,21.0,48.0,257,661,622,526.0,460.0,444.0,448.0,429,428,429,501,533,503.0,348,223,127.0,99.0,63.0,37.0
55432,2021-09-23T00:00:00Z,2021,9,4,False,False,8303,26.0,15.0,13.0,31.0,56.0,286,768,574,555.0,515.0,513.0,523.0,519,505,530,535,613,585.0,414,245,202.0,137.0,100.0,43.0
55432,2021-09-18T00:00:00Z,2021,9,6,False,False,6737,30.0,23.0,29.0,23.0,37.0,219,467,402,376.0,442.0,492.0,508.0,572,563,466,430,374,311.0,300,237,150.0,132.0,107.0,47.0
55432,2021-09-05T00:00:00Z,2021,9,7,False,False,4907,26.0,10.0,12.0,22.0,24.0,74,180,187,211.0,335.0,404.0,447.0,467,389,432,389,339,271.0,214,156,112.0,96.0,76.0,34.0
55432,2021-09-19T00:00:00Z,2021,9,7,False,False,5890,44.0,23.0,26.0,13.0,25.0,84,209,225,296.0,386.0,397.0,541.0,541,565,492,456,419,333.0,259,187,152.0,112.0,70.0,35.0
55432,2021-09-09T00:00:00Z,2021,9,4,False,False,7914,27.0,22.0,11.0,21.0,65.0,273,674,636,563.0,528.0,459.0,481.0,482,467,461,561,575,582.0,379,237,167.0,129.0,74.0,40.0
55432,2021-09-25T00:00:00Z,2021,9,6,False,False,7420,40.0,24.0,14.0,23.0,40.0,231,443,366,377.0,483.0,562.0,583.0,646,670,606,549,417,360.0,314,212,147.0,130.0,103.0,80.0
55432,2021-09-03T00:00:00Z,2021,9,5,False,False,8057,13.0,15.0,9.0,33.0,54.0,288,725,600,540.0,486.0,494.0,500.0,519,522,491,581,520,567.0,394,250,180.0,133.0,78.0,65.0
55432,2021-09-10T00:00:00Z,2021,9,5,False,False,8183,,20.0,17.0,27.0,58.0,289,651,614,563.0,508.0,499.0,553.0,539,530,538,570,570,518.0,416,271,160.0,131.0,96.0,45.0
55432,2021-09-24T00:00:00Z,2021,9,5,False,False,9008,26.0,11.0,13.0,36.0,50.0,311,720,673,557.0,595.0,598.0,554.0,602,607,534,618,656,590.0,452,264,202.0,158.0,120.0,61.0
55432,2021-09-30T00:00:00Z,2021,9,4,False,False,8406,21.0,18.0,12.0,20.0,66.0,293,699,686,608.0,584.0,525.0,517.0,514,502,490,578,586,631.0,442,279,122.0,96.0,76.0,41.0
55432,2021-09-15T00:00:00Z,2021,9,3,False,False,7905,20.0,17.0,9.0,25.0,68.0,265,715,641,555.0,490.0,480.0,459.0,456,460,499,525,574,576.0,437,235,157.0,115.0,79.0,48.0
55432,2021-09-08T00:00:00Z,2021,9,3,False,False,7637,18.0,13.0,17.0,24.0,57.0,260,748,551,559.0,449.0,419.0,494.0,477,492,434,522,556,562.0,384,225,161.0,96.0,77.0,42.0
55432,2021-09-11T00:00:00Z,2021,9,6,False,False,6419,37.0,28.0,10.0,22.0,35.0,156,388,350,386.0,481.0,538.0,511.0,550,499,449,480,379,310.0,258,178,128.0,107.0,90.0,49.0
55432,2021-09-20T00:00:00Z,2021,9,1,False,False,7657,23.0,11.0,18.0,21.0,51.0,263,610,599,537.0,500.0,466.0,538.0,497,485,475,507,561,550.0,361,198,170.0,106.0,63.0,47.0
55432,2021-09-21T00:00:00Z,2021,9,2,False,False,7557,16.0,13.0,18.0,18.0,45.0,309,669,572,519.0,433.0,475.0,458.0,459,494,433,539,505,532.0,384,276,155.0,114.0,78.0,43.0
55432,2021-09-16T00:00:00Z,2021,9,4,False,False,7747,22.0,18.0,14.0,26.0,60.0,288,702,532,535.0,484.0,482.0,425.0,481,468,465,507,566,580.0,409,261,175.0,128.0,69.0,50.0
55432,2021-09-28T00:00:00Z,2021,9,2,False,False,8410,29.0,16.0,15.0,23.0,52.0,309,710,612,580.0,555.0,513.0,537.0,507,519,502,581,591,602.0,445,238,192.0,149.0,84.0,49.0
55432,2021-09-02T00:00:00Z,2021,9,4,False,False,7335,18.0,13.0,16.0,20.0,60.0,271,667,606,510.0,460.0,393.0,440.0,442,427,452,489,511,522.0,357,277,170.0,119.0,60.0,35.0
55432,2021-10-14T00:00:00Z,2021,10,4,False,False,10412,72.0,34.0,27.0,44.0,70.0,327,679,695,692.0,614.0,595.0,673.0,623,620,601,647,617,680.0,613,448,332.0,314.0,237.0,158.0
55432,2021-09-07T00:00:00Z,2021,9,2,False,False,7484,18.0,14.0,17.0,23.0,57.0,248,691,589,542.0,454.0,440.0,466.0,435,485,454,504,541,505.0,361,264,153.0,114.0,65.0,44.0
55432,2021-10-24T00:00:00Z,2021,10,7,False,False,10004,249.0,179.0,137.0,93.0,71.0,133,245,306,420.0,559.0,661.0,727.0,773,846,771,773,638,602.0,479,363,357.0,308.0,201.0,113.0
55432,2021-10-23T00:00:00Z,2021,10,6,False,False,12201,206.0,118.0,102.0,75.0,75.0,278,526,552,683.0,821.0,864.0,805.0,672,756,698,763,738,742.0,644,468,462.0,410.0,385.0,358.0
55432,2021-10-07T00:00:00Z,2021,10,4,False,False,8953,23.0,20.0,11.0,22.0,67.0,330,740,688,630.0,544.0,510.0,534.0,520,551,492,599,659,698.0,476,329,206.0,162.0,97.0,45.0
55432,2021-10-19T00:00:00Z,2021,10,2,False,False,10239,44.0,28.0,35.0,38.0,66.0,352,736,735,698.0,669.0,585.0,615.0,568,555,593,635,686,733.0,603,385,324.0,258.0,211.0,87.0
55432,2021-10-15T00:00:00Z,2021,10,5,False,False,11208,71.0,43.0,39.0,37.0,70.0,341,690,733,677.0,674.0,632.0,672.0,622,675,618,649,698,750.0,692,469,428.0,332.0,318.0,278.0
55432,2021-10-01T00:00:00Z,2021,10,5,False,False,8819,28.0,14.0,24.0,32.0,62.0,328,742,583,563.0,595.0,549.0,560.0,597,549,570,592,648,561.0,461,271,174.0,131.0,120.0,65.0
55432,2021-10-26T00:00:00Z,2021,10,2,False,False,10691,64.0,26.0,23.0,32.0,83.0,364,696,756,779.0,658.0,574.0,567.0,582,581,624,677,682,803.0,651,446,361.0,301.0,238.0,123.0
55432,2021-10-16T00:00:00Z,2021,10,6,False,False,11824,179.0,129.0,97.0,59.0,71.0,216,504,504,591.0,742.0,755.0,781.0,816,830,777,724,700,675.0,627,525,428.0,373.0,401.0,320.0
55432,2021-10-06T00:00:00Z,2021,10,3,False,False,8829,20.0,19.0,12.0,33.0,55.0,332,744,682,596.0,532.0,509.0,530.0,566,496,500,527,700,700.0,487,308,193.0,146.0,103.0,39.0
55432,2021-10-22T00:00:00Z,2021,10,5,False,False,11889,88.0,40.0,29.0,58.0,78.0,355,737,747,709.0,709.0,668.0,704.0,682,721,694,714,726,701.0,718,523,448.0,388.0,374.0,278.0
55432,2021-10-25T00:00:00Z,2021,10,1,False,False,10459,60.0,22.0,24.0,36.0,70.0,309,696,811,786.0,645.0,635.0,565.0,561,605,624,673,671,689.0,602,459,345.0,277.0,187.0,107.0
55432,2021-10-13T00:00:00Z,2021,10,3,False,False,10011,54.0,45.0,24.0,45.0,83.0,325,679,702,706.0,604.0,540.0,516.0,584,539,585,581,676,709.0,575,432,349.0,297.0,246.0,115.0
55432,2021-10-18T00:00:00Z,2021,10,1,False,False,10361,52.0,39.0,31.0,44.0,57.0,329,701,730,758.0,586.0,625.0,642.0,653,639,594,676,658,763.0,580,379,323.0,250.0,173.0,79.0
55432,2021-10-17T00:00:00Z,2021,10,7,False,False,10445,275.0,235.0,107.0,106.0,63.0,135,301,312,424.0,623.0,753.0,783.0,873,813,768,768,687,624.0,458,369,358.0,304.0,184.0,122.0
55432,2021-10-08T00:00:00Z,2021,10,5,False,False,9437,21.0,26.0,20.0,35.0,69.0,363,695,661,579.0,582.0,546.0,545.0,537,557,563,631,699,685.0,591,384,257.0,190.0,135.0,66.0
55432,2021-10-20T00:00:00Z,2021,10,3,False,False,11010,58.0,44.0,12.0,37.0,76.0,365,687,765,706.0,657.0,592.0,566.0,644,643,644,666,697,729.0,684,477,407.0,383.0,321.0,150.0
55432,2021-10-28T00:00:00Z,2021,10,4,False,False,11821,79.0,43.0,24.0,33.0,58.0,382,784,778,634.0,710.0,665.0,683.0,701,689,694,716,711,776.0,767,538,476.0,392.0,317.0,171.0
55432,2021-10-29T00:00:00Z,2021,10,5,False,False,12420,88.0,37.0,29.0,43.0,84.0,399,752,806,717.0,740.0,696.0,712.0,711,737,713,741,693,754.0,728,605,480.0,441.0,409.0,305.0
55432,2021-10-12T00:00:00Z,2021,10,2,False,False,10702,130.0,74.0,55.0,61.0,86.0,327,739,702,694.0,579.0,598.0,602.0,532,626,572,665,723,809.0,672,480,354.0,305.0,194.0,123.0
55432,2021-10-27T00:00:00Z,2021,10,3,False,False,11083,56.0,26.0,26.0,32.0,72.0,384,708,772,794.0,679.0,635.0,636.0,652,631,650,707,711,653.0,596,461,430.0,365.0,267.0,140.0
55432,2021-10-21T00:00:00Z,2021,10,4,False,False,11183,79.0,44.0,26.0,47.0,71.0,342,748,700,687.0,703.0,600.0,632.0,629,565,711,638,687,823.0,645,539,427.0,391.0,288.0,161.0
55432,2021-10-09T00:00:00Z,2021,10,6,False,False,9008,43.0,28.0,26.0,26.0,44.0,237,505,440,466.0,587.0,619.0,689.0,755,845,643,612,533,489.0,404,311,243.0,204.0,161.0,98.0
55432,2021-10-11T00:00:00Z,2021,10,1,False,False,10617,40.0,16.0,10.0,27.0,65.0,298,612,661,659.0,634.0,605.0,564.0,588,580,671,697,836,672.0,498,558,455.0,407.0,290.0,174.0
55432,2021-10-05T00:00:00Z,2021,10,2,False,False,8099,24.0,11.0,21.0,22.0,53.0,180,618,598,596.0,515.0,505.0,477.0,506,488,490,541,618,629.0,458,274,185.0,144.0,92.0,54.0
55432,2021-11-03T00:00:00Z,2021,11,3,False,False,11295,76.0,40.0,25.0,56.0,73.0,350,705,763,729.0,639.0,590.0,666.0,610,610,652,698,749,802.0,659,512,445.0,418.0,293.0,135.0
55432,2021-10-30T00:00:00Z,2021,10,6,False,False,11905,205.0,137.0,92.0,91.0,80.0,273,567,497,594.0,693.0,722.0,780.0,749,846,752,720,714,669.0,619,524,432.0,427.0,364.0,358.0
55432,2021-11-21T00:00:00Z,2021,11,7,False,False,9332,288.0,230.0,148.0,128.0,101.0,113,183,223,339.0,518.0,529.0,658.0,721,697,654,699,586,562.0,532,366,355.0,300.0,265.0,137.0
55432,2021-11-29T00:00:00Z,2021,11,1,False,False,10984,81.0,47.0,33.0,34.0,70.0,313,734,760,782.0,646.0,623.0,585.0,609,612,649,691,684,782.0,696,452,443.0,305.0,222.0,131.0
55432,2021-11-07T00:00:00Z,2021,11,7,False,False,9519,282.0,191.0,150.0,112.0,80.0,127,229,310,406.0,547.0,601.0,699.0,743,680,691,636,562,590.0,489,392,367.0,325.0,214.0,96.0
55432,2021-11-13T00:00:00Z,2021,11,6,False,False,11780,232.0,118.0,124.0,97.0,69.0,252,512,513,607.0,690.0,711.0,864.0,721,713,742,708,631,681.0,660,497,428.0,446.0,385.0,379.0
55432,2021-11-26T00:00:00Z,2021,11,5,False,False,11599,104.0,48.0,36.0,55.0,75.0,320,661,683,741.0,715.0,609.0,642.0,635,634,724,697,678,670.0,709,558,462.0,443.0,392.0,308.0
55432,2021-11-19T00:00:00Z,2021,11,5,False,False,12051,81.0,61.0,43.0,51.0,83.0,344,764,801,686.0,672.0,654.0,652.0,703,726,696,705,735,752.0,713,570,475.0,438.0,346.0,300.0
55432,2021-11-06T00:00:00Z,2021,11,6,False,False,12313,199.0,140.0,106.0,74.0,82.0,240,559,523,627.0,756.0,711.0,845.0,832,805,803,753,731,685.0,639,540,498.0,408.0,414.0,343.0
55432,2021-11-17T00:00:00Z,2021,11,3,False,False,11507,62.0,29.0,35.0,39.0,85.0,365,759,797,734.0,683.0,637.0,638.0,662,602,643,708,639,708.0,745,566,432.0,455.0,319.0,165.0
55432,2021-11-23T00:00:00Z,2021,11,2,False,False,11270,78.0,22.0,22.0,31.0,58.0,338,705,773,770.0,700.0,616.0,597.0,609,659,656,662,674,780.0,751,579,417.0,355.0,285.0,133.0
55432,2021-11-15T00:00:00Z,2021,11,1,False,False,10760,73.0,42.0,24.0,39.0,68.0,337,724,755,762.0,682.0,618.0,592.0,568,610,607,635,691,808.0,639,465,420.0,283.0,219.0,99.0
55432,2021-11-30T00:00:00Z,2021,11,2,False,False,11341,77.0,34.0,20.0,39.0,81.0,316,720,757,784.0,475.0,631.0,610.0,645,673,646,670,748,758.0,741,583,464.0,429.0,295.0,145.0
55432,2021-11-20T00:00:00Z,2021,11,6,False,False,12236,231.0,145.0,121.0,119.0,82.0,243,535,530,613.0,774.0,698.0,738.0,794,819,784,752,723,667.0,643,573,477.0,396.0,415.0,364.0
55432,2021-11-01T00:00:00Z,2021,11,1,False,False,10441,74.0,52.0,27.0,41.0,75.0,309,720,772,760.0,627.0,569.0,577.0,580,610,591,661,690,747.0,623,440,366.0,256.0,195.0,79.0
55432,2021-11-10T00:00:00Z,2021,11,3,False,False,10922,67.0,38.0,23.0,40.0,78.0,358,737,747,728.0,680.0,588.0,597.0,593,581,625,680,635,807.0,692,446,412.0,347.0,284.0,139.0
55432,2021-11-24T00:00:00Z,2021,11,3,False,False,11888,73.0,42.0,26.0,44.0,96.0,366,730,776,798.0,690.0,657.0,587.0,672,664,676,720,755,801.0,750,585,450.0,439.0,322.0,169.0
55432,2021-11-16T00:00:00Z,2021,11,2,False,False,11327,59.0,28.0,21.0,43.0,73.0,340,724,788,772.0,653.0,662.0,649.0,571,629,638,690,760,849.0,684,507,388.0,392.0,276.0,131.0
55432,2021-11-05T00:00:00Z,2021,11,5,False,False,11635,98.0,35.0,28.0,38.0,61.0,315,723,719,742.0,679.0,600.0,597.0,660,684,703,720,747,711.0,672,507,496.0,438.0,372.0,290.0
55432,2021-11-12T00:00:00Z,2021,11,5,False,False,12041,82.0,63.0,33.0,45.0,76.0,314,679,725,710.0,665.0,641.0,625.0,674,699,683,725,772,754.0,772,583,497.0,445.0,423.0,356.0
55432,2021-11-28T00:00:00Z,2021,11,7,False,False,10447,294.0,219.0,171.0,105.0,119.0,113,266,297,406.0,597.0,631.0,718.0,829,734,795,709,666,634.0,578,423,387.0,347.0,251.0,158.0
55432,2021-11-18T00:00:00Z,2021,11,4,False,False,12125,163.0,44.0,33.0,56.0,73.0,405,775,831,638.0,708.0,745.0,665.0,681,649,652,682,721,769.0,756,597,490.0,439.0,342.0,211.0
55432,2021-11-25T00:00:00Z,2021,11,4,False,False,11796,92.0,44.0,40.0,47.0,77.0,337,733,787,721.0,684.0,613.0,645.0,637,673,679,735,762,774.0,660,572,451.0,449.0,375.0,209.0
55432,2021-11-09T00:00:00Z,2021,11,2,False,False,11139,66.0,29.0,18.0,41.0,82.0,351,715,768,743.0,683.0,635.0,632.0,582,607,678,623,677,820.0,708,503,416.0,387.0,244.0,131.0
55432,2021-11-27T00:00:00Z,2021,11,6,False,False,11620,196.0,143.0,97.0,99.0,75.0,197,428,400,529.0,668.0,698.0,751.0,738,816,799,744,690,659.0,683,532,426.0,441.0,449.0,362.0
55432,2021-11-22T00:00:00Z,2021,11,1,False,False,10594,72.0,32.0,36.0,36.0,67.0,327,715,712,758.0,659.0,530.0,557.0,587,591,588,644,730,746.0,666,437,438.0,333.0,207.0,126.0
55432,2021-11-08T00:00:00Z,2021,11,1,False,False,10270,60.0,40.0,39.0,33.0,71.0,318,654,710,777.0,585.0,574.0,498.0,528,578,609,655,729,761.0,621,426,407.0,291.0,209.0,97.0
55432,2021-11-02T00:00:00Z,2021,11,2,False,False,11343,49.0,29.0,29.0,41.0,68.0,337,746,768,753.0,752.0,682.0,724.0,672,668,640,671,756,785.0,633,421,414.0,344.0,227.0,134.0
55432,2021-11-04T00:00:00Z,2021,11,4,False,False,10772,64.0,41.0,25.0,41.0,75.0,373,737,814,760.0,712.0,615.0,627.0,602,611,629,579,286,574.0,708,607,433.0,425.0,267.0,167.0
55432,2021-12-18T00:00:00Z,2021,12,6,False,False,12043,234.0,140.0,109.0,89.0,101.0,223,531,565,634.0,819.0,817.0,772.0,747,755,746,711,690,649.0,588,498,450.0,393.0,448.0,334.0
55432,2021-11-14T00:00:00Z,2021,11,7,False,False,10723,241.0,173.0,137.0,101.0,105.0,152,279,377,484.0,672.0,708.0,824.0,780,750,803,694,679,569.0,576,427,404.0,381.0,217.0,190.0
55432,2021-11-11T00:00:00Z,2021,11,4,False,False,11571,70.0,30.0,31.0,34.0,69.0,335,736,761,724.0,641.0,622.0,594.0,615,687,683,708,745,807.0,686,595,470.0,430.0,313.0,185.0
55432,2021-12-21T00:00:00Z,2021,12,2,False,False,11856,74.0,55.0,33.0,41.0,72.0,336,741,656,662.0,699.0,712.0,831.0,728,789,684,730,731,805.0,756,484,390.0,358.0,331.0,158.0
55432,2021-12-01T00:00:00Z,2021,12,3,False,False,11980,75.0,34.0,31.0,42.0,83.0,332,693,841,673.0,707.0,675.0,635.0,670,704,721,780,740,677.0,720,596,462.0,508.0,369.0,212.0
55432,2021-12-15T00:00:00Z,2021,12,3,False,False,12337,78.0,57.0,33.0,48.0,82.0,366,739,751,761.0,754.0,757.0,751.0,776,734,687,721,761,723.0,671,614,465.0,452.0,362.0,194.0
55432,2021-12-20T00:00:00Z,2021,12,1,False,False,10811,96.0,44.0,38.0,33.0,63.0,312,657,726,703.0,652.0,635.0,662.0,748,635,622,704,667,701.0,668,419,359.0,299.0,249.0,119.0
55432,2021-12-19T00:00:00Z,2021,12,7,False,False,10276,247.0,190.0,119.0,104.0,86.0,139,286,335,517.0,688.0,770.0,705.0,784,718,670,684,588,591.0,494,399,375.0,371.0,251.0,165.0
55432,2021-12-04T00:00:00Z,2021,12,6,False,False,12532,265.0,174.0,142.0,105.0,109.0,184,450,467,685.0,771.0,746.0,772.0,796,838,819,757,778,712.0,708,561,439.0,406.0,447.0,401.0
55432,2021-12-05T00:00:00Z,2021,12,7,False,False,10421,291.0,252.0,202.0,160.0,125.0,148,283,352,547.0,733.0,614.0,671.0,560,385,569,725,691,663.0,670,488,409.0,390.0,333.0,160.0
55432,2021-12-06T00:00:00Z,2021,12,1,False,False,10721,91.0,46.0,35.0,49.0,61.0,246,599,692,772.0,624.0,567.0,639.0,573,633,650,677,731,758.0,670,471,452.0,353.0,217.0,115.0
55432,2021-12-12T00:00:00Z,2021,12,7,False,False,11114,339.0,253.0,204.0,140.0,114.0,131,269,313,428.0,652.0,715.0,799.0,793,803,789,798,672,627.0,558,432,428.0,400.0,273.0,184.0
55432,2021-12-02T00:00:00Z,2021,12,4,False,False,12563,99.0,46.0,38.0,45.0,83.0,362,796,760,702.0,749.0,688.0,747.0,734,758,739,687,782,689.0,778,648,446.0,497.0,434.0,256.0
55432,2021-12-30T00:00:00Z,2021,12,4,False,False,9307,81.0,62.0,31.0,38.0,63.0,143,368,409,509.0,605.0,696.0,767.0,744,650,632,591,537,583.0,498,355,317.0,266.0,219.0,143.0
55432,2021-12-23T00:00:00Z,2021,12,4,False,False,9491,83.0,59.0,42.0,28.0,80.0,212,506,512,543.0,562.0,600.0,605.0,622,649,599,633,616,582.0,504,431,308.0,290.0,266.0,159.0
55432,2021-12-07T00:00:00Z,2021,12,2,False,False,11401,75.0,42.0,24.0,47.0,65.0,241,666,771,653.0,670.0,620.0,640.0,712,713,755,647,692,660.0,713,617,445.0,435.0,343.0,155.0
55432,2021-12-03T00:00:00Z,2021,12,5,False,False,12647,131.0,75.0,49.0,45.0,92.0,361,770,779,724.0,771.0,758.0,798.0,797,762,746,692,656,666.0,748,599,496.0,427.0,388.0,317.0
55432,2021-12-22T00:00:00Z,2021,12,3,False,False,10596,88.0,49.0,31.0,43.0,71.0,247,631,618,600.0,673.0,673.0,647.0,683,673,681,618,695,686.0,576,450,385.0,340.0,268.0,170.0
55432,2021-12-11T00:00:00Z,2021,12,6,False,False,12321,277.0,156.0,135.0,126.0,88.0,239,505,482,606.0,709.0,802.0,811.0,751,770,796,756,634,768.0,721,505,442.0,456.0,413.0,373.0
55432,2021-12-17T00:00:00Z,2021,12,5,False,False,12461,131.0,68.0,59.0,66.0,79.0,308,732,705,644.0,718.0,678.0,743.0,751,767,746,670,794,743.0,701,642,514.0,421.0,442.0,339.0
55432,2021-12-14T00:00:00Z,2021,12,2,False,False,11774,70.0,35.0,25.0,42.0,77.0,374,675,686,746.0,735.0,718.0,705.0,692,670,649,735,744,745.0,654,570,515.0,425.0,336.0,151.0
55432,2021-12-13T00:00:00Z,2021,12,1,False,False,11186,93.0,49.0,57.0,47.0,65.0,344,719,706,705.0,686.0,599.0,675.0,678,655,680,663,718,732.0,695,479,421.0,342.0,253.0,125.0
55432,2021-12-08T00:00:00Z,2021,12,3,False,False,11453,79.0,49.0,32.0,45.0,68.0,342,675,763,751.0,692.0,665.0,625.0,661,672,692,701,628,672.0,602,592,439.0,434.0,359.0,215.0
55432,2021-12-09T00:00:00Z,2021,12,4,False,False,12164,93.0,58.0,44.0,57.0,79.0,309,714,741,743.0,669.0,659.0,646.0,667,696,724,720,800,730.0,727,662,480.0,495.0,430.0,221.0
55432,2021-12-10T00:00:00Z,2021,12,5,False,False,11650,128.0,85.0,54.0,46.0,82.0,340,690,789,724.0,728.0,660.0,740.0,613,474,523,526,599,717.0,792,605,474.0,453.0,446.0,362.0
55432,2021-12-31T00:00:00Z,2021,12,5,False,False,9010,81.0,38.0,25.0,35.0,64.0,162,296,405,494.0,588.0,648.0,708.0,599,597,583,535,529,526.0,494,364,316.0,336.0,247.0,340.0
55432,2021-12-16T00:00:00Z,2021,12,4,False,False,11880,112.0,54.0,35.0,60.0,86.0,324,662,720,684.0,738.0,688.0,730.0,675,672,643,729,720,807.0,717,561,462.0,409.0,373.0,219.0
55432,2022-03-10T00:00:00Z,2022,3,4,False,False,11762,81.0,45.0,29.0,36.0,88.0,322,692,704,697.0,649.0,677.0,621.0,684,653,679,708,783,794.0,726,618,447.0,440.0,382.0,207.0
55432,2022-02-18T00:00:00Z,2022,2,5,False,False,12520,103.0,54.0,36.0,42.0,94.0,321,745,804,751.0,706.0,721.0,643.0,674,728,779,724,791,781.0,732,658,480.0,440.0,420.0,293.0
55432,2022-02-23T00:00:00Z,2022,2,3,False,False,10514,55.0,40.0,26.0,33.0,85.0,297,550,465,514.0,679.0,598.0,596.0,584,667,677,662,639,715.0,720,518,487.0,426.0,315.0,166.0
55432,2022-03-27T00:00:00Z,2022,3,7,False,False,9662,251.0,179.0,142.0,113.0,96.0,106,211,274,429.0,568.0,666.0,712.0,735,688,706,732,599,550.0,494,371,353.0,317.0,233.0,137.0
55432,2022-03-22T00:00:00Z,2022,3,2,False,False,11119,61.0,39.0,20.0,38.0,67.0,317,701,772,686.0,669.0,664.0,647.0,680,673,657,702,687,646.0,621,526,467.0,401.0,232.0,146.0
55432,2022-02-21T00:00:00Z,2022,2,1,False,False,11304,81.0,50.0,37.0,34.0,81.0,330,712,761,776.0,728.0,714.0,607.0,601,628,643,760,712,742.0,682,536,415.0,355.0,206.0,113.0
55432,2022-03-02T00:00:00Z,2022,3,3,False,False,10084,90.0,41.0,31.0,42.0,80.0,261,587,720,745.0,583.0,500.0,560.0,539,564,558,619,646,727.0,604,476,356.0,362.0,258.0,135.0
55432,2022-03-26T00:00:00Z,2022,3,6,False,False,10883,253.0,126.0,95.0,78.0,65.0,174,412,429,526.0,627.0,692.0,704.0,727,753,732,699,647,577.0,600,432,431.0,418.0,397.0,289.0
55432,2022-03-19T00:00:00Z,2022,3,6,False,False,11720,200.0,146.0,92.0,72.0,77.0,177,405,378,506.0,623.0,652.0,678.0,742,733,771,853,814,672.0,722,579,504.0,541.0,494.0,289.0
55432,2022-02-19T00:00:00Z,2022,2,6,False,False,12371,207.0,148.0,104.0,76.0,87.0,176,522,565,626.0,770.0,779.0,751.0,757,765,814,787,722,703.0,667,578,459.0,431.0,510.0,367.0
55432,2022-03-06T00:00:00Z,2022,3,7,False,False,9882,309.0,250.0,248.0,214.0,173.0,143,215,209,281.0,455.0,565.0,708.0,767,686,710,600,673,619.0,527,439,386.0,342.0,233.0,130.0
55432,2022-03-15T00:00:00Z,2022,3,2,False,False,11145,62.0,34.0,20.0,38.0,79.0,315,698,720,727.0,651.0,593.0,600.0,661,652,658,704,714,764.0,682,506,457.0,418.0,264.0,128.0
55432,2022-01-09T00:00:00Z,2022,1,7,False,False,8507,176.0,104.0,81.0,63.0,46.0,139,251,289,391.0,527.0,656.0,677.0,673,715,524,555,547,500.0,428,387,265.0,231.0,182.0,100.0
55432,2022-03-30T00:00:00Z,2022,3,3,False,False,10776,54.0,37.0,20.0,42.0,81.0,304,625,730,693.0,612.0,616.0,562.0,599,588,588,662,708,712.0,713,522,437.0,448.0,276.0,147.0
55432,2022-03-21T00:00:00Z,2022,3,1,False,False,10405,84.0,45.0,28.0,51.0,69.0,266,680,742,721.0,575.0,571.0,511.0,555,587,621,695,729,744.0,619,470,408.0,344.0,202.0,88.0
55432,2022-02-15T00:00:00Z,2022,2,2,False,False,11791,83.0,41.0,34.0,29.0,73.0,313,769,792,779.0,721.0,714.0,607.0,588,684,645,713,715,821.0,714,573,502.0,474.0,292.0,115.0
55432,2022-02-17T00:00:00Z,2022,2,4,False,False,11847,77.0,41.0,31.0,48.0,90.0,310,692,754,739.0,724.0,648.0,663.0,625,695,678,691,697,855.0,783,601,466.0,434.0,305.0,200.0
55432,2022-01-07T00:00:00Z,2022,1,5,False,False,9759,84.0,59.0,41.0,43.0,91.0,208,484,550,578.0,567.0,617.0,707.0,637,621,612,629,633,614.0,562,393,353.0,250.0,272.0,154.0
55432,2022-03-31T00:00:00Z,2022,3,4,False,False,11206,83.0,63.0,30.0,51.0,71.0,285,691,713,789.0,654.0,628.0,574.0,608,618,640,689,711,692.0,687,523,478.0,428.0,335.0,165.0
55432,2022-03-25T00:00:00Z,2022,3,5,False,False,12281,99.0,61.0,26.0,40.0,72.0,314,641,663,794.0,715.0,642.0,684.0,672,659,676,693,762,805.0,846,731,460.0,395.0,469.0,362.0
55432,2022-01-02T00:00:00Z,2022,1,7,False,False,8572,82.0,51.0,34.0,33.0,26.0,116,214,321,415.0,542.0,697.0,701.0,670,648,653,575,520,499.0,491,360,312.0,291.0,171.0,150.0
55432,2022-03-08T00:00:00Z,2022,3,2,False,False,9853,60.0,51.0,27.0,29.0,61.0,267,596,639,694.0,614.0,625.0,525.0,541,554,558,682,651,696.0,601,447,324.0,284.0,213.0,114.0
55432,2022-03-20T00:00:00Z,2022,3,7,False,False,10802,290.0,222.0,167.0,122.0,96.0,107,258,312,518.0,659.0,722.0,820.0,749,785,793,790,678,605.0,550,484,350.0,327.0,232.0,166.0
55432,2022-03-13T00:00:00Z,2022,3,7,False,False,10458,247.0,247.0,171.0,127.0,130.0,122,227,265,510.0,626.0,683.0,720.0,766,771,765,693,669,622.0,542,443,390.0,318.0,253.0,151.0
55432,2022-02-27T00:00:00Z,2022,2,7,False,False,10063,251.0,203.0,167.0,116.0,95.0,116,219,245,385.0,532.0,646.0,753.0,709,752,728,728,708,646.0,523,438,428.0,332.0,224.0,119.0
55432,2022-01-03T00:00:00Z,2022,1,1,False,False,8874,79.0,50.0,29.0,29.0,43.0,184,282,415,547.0,616.0,626.0,758.0,666,696,647,626,507,515.0,441,313,296.0,207.0,181.0,121.0
55432,2022-02-22T00:00:00Z,2022,2,2,False,False,10603,58.0,31.0,25.0,39.0,76.0,327,676,743,768.0,696.0,608.0,577.0,616,618,603,580,531,568.0,669,529,434.0,387.0,304.0,140.0
55432,2022-03-11T00:00:00Z,2022,3,5,False,False,12473,110.0,49.0,48.0,41.0,83.0,287,655,750,736.0,724.0,652.0,688.0,707,721,723,817,802,783.0,704,645,575.0,398.0,466.0,309.0
55432,2022-01-08T00:00:00Z,2022,1,6,False,False,9864,119.0,69.0,67.0,67.0,58.0,145,349,425,535.0,685.0,730.0,707.0,671,679,671,622,609,542.0,549,419,346.0,306.0,292.0,202.0
55432,2022-02-24T00:00:00Z,2022,2,4,False,False,11401,,45.0,50.0,50.0,81.0,316,674,752,744.0,601.0,605.0,631.0,638,627,658,680,748,733.0,704,545,468.0,457.0,360.0,234.0
55432,2022-01-06T00:00:00Z,2022,1,4,False,False,9457,57.0,55.0,32.0,46.0,67.0,221,498,494,570.0,618.0,547.0,605.0,649,633,609,644,612,619.0,573,388,314.0,287.0,192.0,127.0
55432,2022-03-05T00:00:00Z,2022,3,6,False,False,12779,383.0,173.0,107.0,103.0,116.0,186,416,444,568.0,687.0,788.0,807.0,795,834,875,728,757,730.0,665,559,502.0,601.0,514.0,441.0
55432,2022-01-11T00:00:00Z,2022,1,2,False,False,9360,41.0,23.0,30.0,30.0,56.0,305,606,550,587.0,588.0,542.0,611.0,591,584,509,579,651,657.0,541,387,321.0,259.0,197.0,115.0
55432,2022-03-07T00:00:00Z,2022,3,1,False,False,10373,80.0,51.0,38.0,37.0,73.0,285,578,687,691.0,668.0,628.0,601.0,526,598,640,690,697,799.0,574,432,404.0,294.0,195.0,107.0
55432,2022-03-14T00:00:00Z,2022,3,1,False,False,10746,87.0,48.0,35.0,39.0,72.0,293,645,724,707.0,687.0,582.0,594.0,554,611,623,687,727,795.0,600,507,454.0,315.0,242.0,118.0
55432,2022-02-25T00:00:00Z,2022,2,5,False,False,11588,89.0,49.0,32.0,62.0,83.0,300,642,729,759.0,651.0,592.0,621.0,640,673,679,725,716,751.0,678,559,455.0,417.0,407.0,279.0
55432,2022-03-29T00:00:00Z,2022,3,2,False,False,10356,61.0,33.0,22.0,37.0,66.0,286,574,664,724.0,692.0,578.0,566.0,548,580,579,653,662,776.0,671,501,363.0,342.0,248.0,130.0
55432,2022-02-20T00:00:00Z,2022,2,7,False,False,11508,256.0,188.0,143.0,98.0,80.0,136,258,371,475.0,645.0,777.0,866.0,897,819,705,763,746,718.0,677,582,441.0,409.0,277.0,181.0
55432,2022-01-04T00:00:00Z,2022,1,2,False,False,9033,68.0,39.0,23.0,33.0,40.0,158,361,474,606.0,572.0,625.0,655.0,655,632,660,609,570,593.0,463,347,291.0,268.0,177.0,114.0
55432,2022-02-28T00:00:00Z,2022,2,1,False,False,10432,51.0,39.0,28.0,39.0,75.0,272,637,731,753.0,664.0,545.0,526.0,570,571,597,697,678,801.0,700,449,414.0,289.0,196.0,110.0
55432,2022-03-28T00:00:00Z,2022,3,1,False,False,10142,55.0,34.0,20.0,43.0,63.0,275,616,649,680.0,620.0,571.0,484.0,555,587,621,648,677,739.0,666,483,411.0,338.0,214.0,93.0
55432,2022-01-10T00:00:00Z,2022,1,1,False,False,8982,59.0,33.0,29.0,36.0,60.0,251,510,560,544.0,514.0,552.0,577.0,552,534,606,559,626,695.0,536,370,295.0,202.0,183.0,99.0
55432,2022-03-09T00:00:00Z,2022,3,3,False,False,11075,52.0,36.0,23.0,42.0,85.0,300,599,716,703.0,690.0,588.0,625.0,610,619,626,727,753,778.0,664,498,454.0,426.0,281.0,180.0
55432,2022-03-12T00:00:00Z,2022,3,6,False,False,11916,196.0,158.0,102.0,86.0,80.0,200,482,485,610.0,741.0,800.0,836.0,786,870,731,751,679,651.0,578,525,395.0,425.0,424.0,325.0
55432,2022-01-05T00:00:00Z,2022,1,3,False,False,8933,59.0,35.0,29.0,39.0,77.0,258,533,509,576.0,626.0,555.0,556.0,616,566,519,549,553,535.0,529,395,262.0,247.0,192.0,118.0
55432,2022-03-24T00:00:00Z,2022,3,4,False,False,11224,82.0,41.0,22.0,34.0,78.0,316,628,773,664.0,641.0,625.0,598.0,581,613,638,703,768,776.0,701,471,439.0,442.0,315.0,275.0
55432,2022-03-23T00:00:00Z,2022,3,3,False,False,10900,79.0,38.0,21.0,38.0,71.0,288,670,773,729.0,655.0,650.0,591.0,551,606,630,695,727,710.0,661,490,410.0,404.0,255.0,158.0
55432,2022-02-16T00:00:00Z,2022,2,3,False,False,12004,53.0,40.0,25.0,36.0,84.0,345,759,816,791.0,642.0,649.0,603.0,630,684,667,762,770,715.0,838,609,542.0,459.0,326.0,159.0
55432,2022-04-01T00:00:00Z,2022,4,5,False,False,11280,104.0,49.0,37.0,50.0,74.0,283,679,668,644.0,646.0,616.0,636.0,644,615,647,720,703,715.0,661,536,457.0,425.0,380.0,291.0
55432,2022-03-04T00:00:00Z,2022,3,5,False,False,12592,125.0,82.0,33.0,42.0,89.0,278,650,740,763.0,766.0,669.0,657.0,675,692,734,791,795,794.0,672,701,603.0,534.0,389.0,318.0
55432,2022-03-17T00:00:00Z,2022,3,4,False,False,11658,95.0,58.0,44.0,39.0,83.0,299,675,789,748.0,624.0,648.0,679.0,623,601,670,759,807,761.0,726,576,428.0,429.0,309.0,188.0
55432,2022-03-16T00:00:00Z,2022,3,3,False,False,11076,78.0,46.0,16.0,46.0,83.0,316,668,748,712.0,600.0,595.0,594.0,605,626,601,645,758,774.0,707,566,482.0,417.0,251.0,142.0
55432,2022-03-03T00:00:00Z,2022,3,4,False,False,11047,80.0,44.0,36.0,45.0,74.0,259,619,748,713.0,597.0,582.0,577.0,589,582,598,695,729,788.0,709,535,436.0,432.0,350.0,230.0
55432,2022-03-01T00:00:00Z,2022,3,2,False,False,10613,73.0,45.0,28.0,35.0,76.0,301,673,723,708.0,609.0,575.0,553.0,567,534,565,650,751,782.0,709,485,390.0,384.0,274.0,123.0
55432,2022-01-01T00:00:00Z,2022,1,6,False,False,7932,253.0,359.0,205.0,152.0,119.0,215,176,228,277.0,310.0,455.0,507.0,601,563,557,521,477,466.0,392,315,272.0,223.0,167.0,122.0
55432,2022-02-26T00:00:00Z,2022,2,6,False,False,10878,183.0,148.0,127.0,97.0,80.0,186,411,393,495.0,624.0,663.0,725.0,745,778,718,718,630,678.0,591,447,407.0,385.0,334.0,315.0
55432,2022-03-18T00:00:00Z,2022,3,5,False,False,12591,127.0,92.0,61.0,66.0,104.0,331,699,783,762.0,648.0,664.0,668.0,696,676,697,731,814,777.0,812,713,495.0,466.0,394.0,315.0
55432,2022-04-22T00:00:00Z,2022,4,5,False,False,10663,104.0,44.0,42.0,46.0,75.0,269,641,619,640.0,705.0,600.0,679.0,615,626,625,638,654,648.0,556,440,417.0,366.0,357.0,257.0
55432,2022-04-28T00:00:00Z,2022,4,4,False,False,11075,71.0,52.0,22.0,39.0,70.0,252,658,720,760.0,617.0,630.0,643.0,647,573,594,683,688,674.0,696,569,433.0,416.0,366.0,202.0
55432,2022-04-15T00:00:00Z,2022,4,5,False,False,9446,194.0,115.0,95.0,80.0,78.0,165,307,309,388.0,598.0,705.0,746.0,753,660,637,621,529,506.0,456,355,313.0,330.0,302.0,204.0
55432,2022-04-14T00:00:00Z,2022,4,4,False,False,11286,98.0,48.0,28.0,56.0,80.0,275,671,618,712.0,694.0,650.0,671.0,679,683,636,701,734,693.0,628,533,435.0,362.0,343.0,258.0
55432,2022-04-11T00:00:00Z,2022,4,1,False,False,10812,68.0,42.0,29.0,28.0,70.0,335,680,664,698.0,712.0,679.0,668.0,733,633,677,640,627,648.0,602,462,399.0,331.0,248.0,139.0
55432,2022-04-08T00:00:00Z,2022,4,5,False,False,11387,103.0,58.0,32.0,43.0,79.0,308,659,739,680.0,581.0,597.0,590.0,681,662,622,687,640,712.0,620,631,554.0,429.0,423.0,257.0
55432,2022-04-05T00:00:00Z,2022,4,2,False,False,10945,45.0,33.0,31.0,37.0,88.0,334,695,769,712.0,662.0,662.0,644.0,589,629,650,663,728,760.0,567,515,418.0,355.0,243.0,116.0
55432,2022-04-20T00:00:00Z,2022,4,3,False,False,11307,61.0,38.0,30.0,38.0,82.0,301,667,622,712.0,688.0,650.0,654.0,667,682,652,699,683,709.0,700,542,472.0,433.0,314.0,211.0
55432,2022-04-21T00:00:00Z,2022,4,4,False,False,11138,84.0,38.0,16.0,42.0,62.0,281,629,653,633.0,699.0,654.0,665.0,633,655,596,615,719,711.0,726,574,449.0,385.0,358.0,261.0
55432,2022-04-23T00:00:00Z,2022,4,6,False,False,10779,210.0,133.0,93.0,64.0,60.0,152,373,385,509.0,631.0,683.0,687.0,701,789,747,754,659,609.0,553,471,410.0,388.0,405.0,313.0
55432,2022-04-29T00:00:00Z,2022,4,5,False,False,11951,110.0,43.0,39.0,47.0,98.0,285,729,728,744.0,696.0,631.0,683.0,669,647,637,670,676,713.0,692,722,571.0,413.0,376.0,332.0
55432,2022-04-19T00:00:00Z,2022,4,2,False,False,10438,67.0,32.0,32.0,30.0,63.0,233,555,660,690.0,684.0,649.0,651.0,677,637,601,638,664,739.0,577,449,392.0,333.0,256.0,129.0
55432,2022-04-17T00:00:00Z,2022,4,7,False,False,9146,172.0,134.0,109.0,81.0,75.0,119,228,220,346.0,521.0,594.0,812.0,793,713,565,518,502,461.0,449,431,478.0,369.0,262.0,194.0
55432,2022-04-16T00:00:00Z,2022,4,6,False,False,9619,139.0,84.0,64.0,54.0,44.0,153,306,343,430.0,617.0,711.0,751.0,768,713,693,589,521,533.0,540,395,328.0,318.0,296.0,229.0
55432,2022-04-12T00:00:00Z,2022,4,2,False,False,10828,60.0,39.0,25.0,50.0,91.0,319,659,639,697.0,578.0,657.0,646.0,633,603,605,673,685,754.0,617,480,449.0,413.0,285.0,171.0
55432,2022-04-02T00:00:00Z,2022,4,6,False,False,11667,198.0,132.0,118.0,81.0,64.0,164,412,408,556.0,715.0,783.0,758.0,780,794,778,770,675,682.0,622,490,428.0,443.0,478.0,338.0
55432,2022-05-08T00:00:00Z,2022,5,7,False,False,10396,261.0,185.0,128.0,104.0,97.0,134,263,323,445.0,575.0,743.0,765.0,799,758,767,726,666,536.0,513,467,465.0,331.0,228.0,117.0
55432,2022-04-04T00:00:00Z,2022,4,1,False,False,10846,64.0,43.0,29.0,46.0,72.0,348,736,701,693.0,671.0,615.0,643.0,647,637,659,681,698,733.0,573,496,430.0,320.0,198.0,113.0
55432,2022-04-27T00:00:00Z,2022,4,3,False,False,10644,70.0,12.0,17.0,28.0,69.0,322,684,751,721.0,688.0,552.0,612.0,559,583,618,668,653,653.0,646,480,452.0,377.0,291.0,138.0
55432,2022-04-09T00:00:00Z,2022,4,6,False,False,10719,200.0,129.0,89.0,77.0,88.0,187,412,441,567.0,701.0,739.0,758.0,661,596,686,699,675,635.0,446,416,425.0,417.0,388.0,287.0
55432,2022-04-18T00:00:00Z,2022,4,1,False,False,9610,206.0,224.0,81.0,71.0,57.0,141,258,306,372.0,633.0,733.0,871.0,807,807,702,607,546,479.0,425,360,341.0,256.0,210.0,117.0
55432,2022-04-24T00:00:00Z,2022,4,7,False,False,9846,236.0,166.0,137.0,108.0,89.0,109,248,276,422.0,614.0,716.0,726.0,797,731,582,662,547,530.0,495,423,365.0,329.0,306.0,232.0
55432,2022-04-30T00:00:00Z,2022,4,6,False,False,11579,210.0,122.0,81.0,75.0,58.0,181,415,584,554.0,665.0,663.0,764.0,745,727,771,698,703,669.0,588,522,533.0,431.0,439.0,381.0
55432,2022-04-25T00:00:00Z,2022,4,1,False,False,9227,143.0,92.0,65.0,44.0,93.0,183,230,300,322.0,481.0,659.0,827.0,834,804,700,597,539,487.0,495,319,347.0,302.0,221.0,143.0
55432,2022-04-10T00:00:00Z,2022,4,7,False,False,10135,271.0,200.0,146.0,101.0,90.0,144,230,323,441.0,641.0,751.0,753.0,743,722,684,660,666,545.0,536,369,385.0,336.0,258.0,140.0
55432,2022-04-07T00:00:00Z,2022,4,4,False,False,10476,78.0,33.0,37.0,31.0,80.0,283,614,693,682.0,688.0,541.0,552.0,539,567,573,697,666,728.0,652,464,436.0,365.0,298.0,179.0
55432,2022-04-13T00:00:00Z,2022,4,3,False,False,10793,77.0,38.0,31.0,43.0,96.0,319,704,660,637.0,691.0,631.0,662.0,657,585,646,683,605,682.0,570,472,418.0,383.0,290.0,213.0
55432,2022-04-26T00:00:00Z,2022,4,2,False,False,10217,66.0,43.0,26.0,30.0,71.0,228,606,681,633.0,626.0,593.0,569.0,602,595,592,639,713,705.0,673,474,371.0,330.0,227.0,124.0
55432,2022-05-03T00:00:00Z,2022,5,2,False,False,10857,59.0,45.0,21.0,28.0,61.0,313,733,764,703.0,697.0,600.0,579.0,641,621,624,748,696,647.0,552,518,451.0,411.0,225.0,120.0
55432,2022-04-06T00:00:00Z,2022,4,3,False,False,10610,64.0,43.0,27.0,33.0,78.0,356,666,683,628.0,589.0,597.0,576.0,586,588,586,665,715,684.0,652,495,452.0,362.0,310.0,175.0
55432,2022-05-13T00:00:00Z,2022,5,5,False,False,11361,100.0,46.0,32.0,49.0,75.0,297,702,723,693.0,646.0,631.0,605.0,605,625,673,685,683,706.0,648,503,455.0,469.0,397.0,313.0
55432,2022-05-04T00:00:00Z,2022,5,3,False,False,11137,60.0,44.0,20.0,34.0,71.0,327,739,729,633.0,647.0,639.0,629.0,664,691,632,652,665,741.0,573,490,480.0,485.0,309.0,183.0
55432,2022-05-23T00:00:00Z,2022,5,1,False,False,9895,82.0,43.0,48.0,59.0,72.0,276,650,753,703.0,596.0,534.0,550.0,524,588,548,592,647,632.0,587,435,369.0,333.0,179.0,95.0
55432,2022-05-19T00:00:00Z,2022,5,4,False,False,11438,94.0,43.0,29.0,54.0,82.0,341,716,786,728.0,599.0,642.0,620.0,643,679,642,675,719,668.0,682,535,513.0,417.0,331.0,200.0
55432,2022-05-05T00:00:00Z,2022,5,4,False,False,11427,79.0,37.0,46.0,47.0,82.0,337,729,773,725.0,686.0,563.0,596.0,633,563,653,732,686,730.0,678,552,481.0,447.0,337.0,235.0
55432,2022-05-28T00:00:00Z,2022,5,6,False,False,11966,209.0,140.0,96.0,87.0,77.0,209,464,518,680.0,740.0,816.0,792.0,785,744,777,734,733,587.0,567,523,526.0,381.0,423.0,358.0
55432,2022-05-16T00:00:00Z,2022,5,1,False,False,10826,68.0,54.0,30.0,39.0,84.0,302,756,747,714.0,608.0,592.0,627.0,605,563,606,651,703,789.0,620,510,419.0,370.0,243.0,126.0
55432,2022-05-02T00:00:00Z,2022,5,1,False,False,10471,68.0,48.0,24.0,30.0,67.0,285,701,712,761.0,676.0,602.0,575.0,545,562,580,686,624,790.0,644,441,414.0,334.0,206.0,96.0
55432,2022-05-07T00:00:00Z,2022,5,6,False,False,12005,216.0,146.0,108.0,82.0,97.0,240,535,622,708.0,763.0,775.0,797.0,816,726,735,695,725,438.0,561,508,488.0,425.0,439.0,360.0
55432,2022-05-20T00:00:00Z,2022,5,5,False,False,11272,106.0,71.0,39.0,54.0,82.0,310,726,748,698.0,611.0,606.0,603.0,616,628,651,660,677,638.0,657,518,460.0,416.0,373.0,324.0
55432,2022-05-14T00:00:00Z,2022,5,6,False,False,12733,217.0,129.0,99.0,85.0,93.0,193,528,561,628.0,763.0,777.0,813.0,806,736,847,766,820,716.0,767,605,414.0,491.0,484.0,395.0
55432,2022-05-27T00:00:00Z,2022,5,5,False,False,12515,104.0,64.0,36.0,57.0,77.0,287,799,798,754.0,653.0,659.0,717.0,721,714,719,736,675,752.0,796,682,457.0,399.0,456.0,403.0
55432,2022-05-30T00:00:00Z,2022,5,1,False,False,10038,84.0,45.0,29.0,48.0,84.0,282,680,721,731.0,661.0,571.0,524.0,598,550,580,589,660,707.0,559,423,344.0,282.0,217.0,69.0
55432,2022-05-01T00:00:00Z,2022,5,7,False,False,11258,296.0,299.0,255.0,108.0,106.0,128,279,333,525.0,666.0,741.0,837.0,795,786,894,882,715,562.0,456,516,398.0,339.0,229.0,113.0
55432,2022-05-24T00:00:00Z,2022,5,2,False,False,10583,44.0,43.0,17.0,44.0,63.0,307,704,749,708.0,644.0,580.0,559.0,571,545,627,648,683,749.0,644,477,418.0,370.0,276.0,113.0
55432,2022-05-21T00:00:00Z,2022,5,6,False,False,11340,209.0,117.0,90.0,71.0,66.0,179,385,415,455.0,669.0,639.0,686.0,702,730,730,664,762,701.0,751,564,491.0,450.0,460.0,354.0
55432,2022-05-22T00:00:00Z,2022,5,7,False,False,10194,342.0,246.0,189.0,126.0,116.0,132,199,260,350.0,512.0,558.0,650.0,684,731,676,741,693,623.0,573,529,429.0,339.0,340.0,156.0
55432,2022-05-09T00:00:00Z,2022,5,1,False,False,10227,79.0,38.0,33.0,34.0,65.0,310,643,719,707.0,617.0,571.0,506.0,603,552,608,710,639,679.0,572,457,426.0,353.0,189.0,117.0
55432,2022-05-17T00:00:00Z,2022,5,2,False,False,11035,61.0,40.0,35.0,47.0,84.0,311,748,784,678.0,625.0,598.0,592.0,608,628,637,702,721,742.0,696,474,444.0,404.0,246.0,130.0
55432,2022-05-18T00:00:00Z,2022,5,3,False,False,11223,82.0,31.0,35.0,46.0,78.0,337,740,762,714.0,677.0,628.0,600.0,620,619,623,633,684,724.0,625,511,476.0,483.0,349.0,146.0
55432,2022-05-06T00:00:00Z,2022,5,5,False,False,11879,98.0,49.0,43.0,59.0,78.0,292,806,769,725.0,676.0,614.0,661.0,662,730,664,773,693,715.0,628,501,506.0,456.0,362.0,319.0
55432,2022-05-10T00:00:00Z,2022,5,2,False,False,11038,60.0,21.0,34.0,31.0,70.0,283,693,724,716.0,675.0,586.0,610.0,584,633,611,729,785,709.0,609,529,485.0,432.0,305.0,124.0
55432,2022-05-25T00:00:00Z,2022,5,3,False,False,11601,76.0,35.0,27.0,43.0,85.0,313,639,697,711.0,712.0,652.0,611.0,635,589,613,682,720,765.0,703,654,556.0,450.0,361.0,272.0
55432,2022-06-14T00:00:00Z,2022,6,2,False,False,10199,50.0,37.0,28.0,32.0,60.0,229,656,674,681.0,694.0,548.0,559.0,559,579,574,694,647,749.0,638,474,375.0,304.0,238.0,120.0
55432,2022-05-29T00:00:00Z,2022,5,7,False,False,9946,249.0,200.0,155.0,120.0,82.0,101,165,257,340.0,576.0,702.0,810.0,811,818,770,663,689,575.0,506,382,347.0,292.0,212.0,124.0
55432,2022-06-26T00:00:00Z,2022,6,7,False,False,10052,254.0,186.0,157.0,125.0,106.0,118,259,355,466.0,631.0,662.0,745.0,747,767,712,654,628,621.0,511,392,318.0,296.0,247.0,95.0
55432,2022-05-15T00:00:00Z,2022,5,7,False,False,10424,256.0,206.0,183.0,143.0,110.0,128,265,325,437.0,682.0,785.0,786.0,783,775,745,650,594,570.0,512,389,418.0,335.0,223.0,124.0
55432,2022-05-26T00:00:00Z,2022,5,4,False,False,11492,106.0,72.0,37.0,51.0,71.0,316,720,771,768.0,674.0,600.0,659.0,643,740,608,662,641,665.0,585,522,482.0,463.0,393.0,243.0
55432,2022-05-31T00:00:00Z,2022,5,2,False,False,10734,49.0,29.0,34.0,36.0,77.0,311,744,768,743.0,673.0,570.0,576.0,574,571,601,688,697,714.0,668,509,412.0,357.0,236.0,97.0
55432,2022-06-24T00:00:00Z,2022,6,5,False,False,11198,103.0,42.0,33.0,45.0,80.0,266,756,702,740.0,675.0,609.0,587.0,617,628,649,679,687,703.0,578,480,456.0,428.0,357.0,298.0
55432,2022-06-04T00:00:00Z,2022,6,6,False,False,11750,204.0,110.0,73.0,64.0,69.0,197,482,561,713.0,745.0,812.0,763.0,734,724,793,739,674,582.0,527,536,468.0,428.0,404.0,348.0
55432,2022-05-11T00:00:00Z,2022,5,3,False,False,10500,77.0,45.0,33.0,39.0,72.0,301,656,704,657.0,683.0,598.0,551.0,574,595,612,608,634,629.0,630,505,428.0,407.0,307.0,155.0
55432,2022-05-12T00:00:00Z,2022,5,4,False,False,10974,77.0,54.0,43.0,53.0,69.0,302,668,719,677.0,659.0,583.0,600.0,612,547,628,663,693,670.0,696,497,462.0,419.0,383.0,200.0
55432,2022-06-21T00:00:00Z,2022,6,2,False,False,10499,64.0,36.0,24.0,35.0,85.0,302,698,661,705.0,642.0,618.0,558.0,562,591,589,622,640,709.0,667,497,437.0,355.0,285.0,117.0
55432,2022-06-05T00:00:00Z,2022,6,7,False,False,10036,254.0,199.0,154.0,121.0,93.0,127,238,334,522.0,736.0,762.0,734.0,760,736,711,647,630,532.0,472,356,339.0,271.0,206.0,102.0
55432,2022-06-03T00:00:00Z,2022,6,5,False,False,11312,92.0,51.0,36.0,53.0,78.0,296,715,821,801.0,701.0,637.0,611.0,645,676,623,674,647,688.0,586,479,419.0,355.0,374.0,254.0
55432,2022-06-29T00:00:00Z,2022,6,3,False,False,10845,86.0,33.0,30.0,41.0,75.0,286,692,695,703.0,730.0,609.0,570.0,612,647,587,660,687,699.0,592,484,457.0,405.0,324.0,141.0
55432,2022-06-30T00:00:00Z,2022,6,4,False,False,11179,100.0,37.0,33.0,41.0,82.0,288,764,656,662.0,650.0,632.0,652.0,579,652,631,631,671,760.0,705,534,474.0,421.0,341.0,183.0
55432,2022-06-16T00:00:00Z,2022,6,4,False,False,11417,67.0,40.0,37.0,58.0,69.0,312,744,761,700.0,681.0,566.0,678.0,620,657,610,657,667,696.0,678,638,509.0,405.0,327.0,240.0
55432,2022-06-07T00:00:00Z,2022,6,2,False,False,10875,55.0,33.0,21.0,40.0,82.0,295,751,737,727.0,670.0,647.0,624.0,592,590,625,661,695,674.0,579,563,441.0,358.0,259.0,156.0
55432,2022-06-19T00:00:00Z,2022,6,7,False,False,9918,252.0,192.0,158.0,127.0,80.0,117,254,280,412.0,607.0,762.0,704.0,696,772,742,734,664,512.0,501,353,359.0,280.0,242.0,118.0
55432,2022-06-06T00:00:00Z,2022,6,1,False,False,10125,78.0,42.0,43.0,53.0,81.0,282,698,716,674.0,626.0,605.0,513.0,561,551,606,671,641,676.0,589,426,416.0,294.0,188.0,95.0
55432,2022-06-08T00:00:00Z,2022,6,3,False,False,10824,66.0,38.0,21.0,35.0,79.0,317,752,727,766.0,662.0,569.0,572.0,634,585,646,657,644,672.0,586,487,360.0,331.0,348.0,270.0
55432,2022-06-15T00:00:00Z,2022,6,3,False,False,10904,111.0,90.0,69.0,58.0,85.0,305,675,703,688.0,683.0,659.0,613.0,567,591,587,632,705,743.0,630,473,413.0,405.0,286.0,133.0
55432,2022-06-22T00:00:00Z,2022,6,3,False,False,10791,47.0,40.0,18.0,29.0,89.0,311,728,724,720.0,670.0,573.0,598.0,598,610,656,618,702,738.0,620,489,403.0,382.0,277.0,151.0
55432,2022-06-18T00:00:00Z,2022,6,6,False,False,11656,218.0,115.0,78.0,74.0,64.0,191,486,525,622.0,817.0,759.0,780.0,749,765,773,644,737,634.0,539,473,426.0,419.0,399.0,369.0
55432,2022-06-17T00:00:00Z,2022,6,5,False,False,11508,104.0,58.0,22.0,45.0,74.0,285,719,714,706.0,668.0,624.0,629.0,619,630,631,672,680,693.0,685,581,541.0,464.0,369.0,295.0
55432,2022-06-12T00:00:00Z,2022,6,7,False,False,9555,240.0,165.0,145.0,118.0,73.0,99,187,253,365.0,534.0,484.0,553.0,619,707,706,575,605,539.0,584,500,489.0,385.0,328.0,302.0
55432,2022-06-23T00:00:00Z,2022,6,4,False,False,11527,85.0,38.0,32.0,47.0,69.0,303,751,667,735.0,661.0,646.0,611.0,627,679,632,670,706,809.0,747,540,519.0,433.0,328.0,192.0
55432,2022-06-11T00:00:00Z,2022,6,6,False,False,11084,191.0,107.0,83.0,65.0,61.0,158,340,425,506.0,668.0,669.0,773.0,708,750,708,762,746,633.0,562,608,422.0,426.0,376.0,337.0
55432,2022-06-25T00:00:00Z,2022,6,6,False,False,12293,199.0,126.0,91.0,73.0,68.0,181,481,484,571.0,702.0,742.0,741.0,836,793,823,747,817,746.0,758,567,453.0,475.0,467.0,352.0
55432,2022-07-20T00:00:00Z,2022,7,3,False,False,10635,69.0,47.0,39.0,36.0,71.0,316,690,690,747.0,630.0,581.0,557.0,573,570,624,697,666,714.0,665,472,389.0,356.0,293.0,143.0
55432,2022-06-20T00:00:00Z,2022,6,1,False,False,10176,71.0,44.0,33.0,40.0,66.0,293,678,706,732.0,637.0,557.0,561.0,473,543,548,684,658,744.0,580,449,415.0,336.0,208.0,120.0
55432,2022-06-01T00:00:00Z,2022,6,3,False,False,10666,63.0,41.0,31.0,42.0,86.0,298,720,769,719.0,652.0,576.0,565.0,611,618,584,659,688,688.0,581,452,399.0,412.0,274.0,138.0
55432,2022-06-10T00:00:00Z,2022,6,5,False,False,10996,96.0,58.0,33.0,53.0,81.0,283,703,738,738.0,634.0,588.0,636.0,676,646,610,724,623,648.0,597,437,387.0,363.0,395.0,249.0
55432,2022-06-28T00:00:00Z,2022,6,2,False,False,10455,41.0,34.0,20.0,40.0,71.0,264,726,676,736.0,664.0,678.0,550.0,608,629,603,610,623,693.0,599,459,382.0,370.0,256.0,123.0
55432,2022-07-15T00:00:00Z,2022,7,5,False,False,11461,82.0,30.0,37.0,44.0,74.0,283,677,697,645.0,654.0,667.0,679.0,694,681,627,632,645,654.0,619,566,598.0,407.0,423.0,346.0
55432,2022-06-13T00:00:00Z,2022,6,1,False,False,8472,172.0,111.0,64.0,57.0,51.0,100,213,250,330.0,463.0,562.0,668.0,741,684,628,659,554,514.0,433,344,313.0,268.0,192.0,101.0
55432,2022-06-27T00:00:00Z,2022,6,1,False,False,10121,80.0,52.0,29.0,44.0,69.0,269,673,675,727.0,627.0,588.0,537.0,523,557,615,593,684,690.0,634,413,386.0,303.0,234.0,119.0
55432,2022-06-02T00:00:00Z,2022,6,4,False,False,11290,70.0,42.0,41.0,50.0,77.0,335,735,826,792.0,673.0,630.0,571.0,653,647,617,735,698,613.0,601,556,436.0,417.0,326.0,149.0
55432,2022-06-09T00:00:00Z,2022,6,4,False,False,11171,126.0,71.0,45.0,47.0,84.0,304,731,778,708.0,666.0,626.0,571.0,621,598,638,651,696,715.0,603,522,471.0,410.0,311.0,178.0
55432,2022-07-10T00:00:00Z,2022,7,7,False,False,8195,238.0,173.0,138.0,120.0,76.0,109,187,215,244.0,376.0,487.0,569.0,601,620,694,621,561,490.0,419,338,317.0,298.0,198.0,106.0
55432,2022-07-02T00:00:00Z,2022,7,6,False,False,9712,205.0,112.0,76.0,81.0,64.0,183,332,350,418.0,572.0,635.0,655.0,661,722,649,591,593,530.0,526,405,362.0,326.0,364.0,300.0
55432,2022-07-19T00:00:00Z,2022,7,2,False,False,9983,57.0,31.0,28.0,37.0,79.0,273,694,670,703.0,623.0,525.0,600.0,522,578,560,623,632,699.0,583,394,381.0,351.0,213.0,127.0
55432,2022-07-01T00:00:00Z,2022,7,5,False,False,10292,93.0,50.0,42.0,57.0,67.0,262,654,648,703.0,613.0,599.0,587.0,615,569,601,593,587,647.0,542,470,367.0,343.0,332.0,251.0
55432,2022-07-23T00:00:00Z,2022,7,6,False,False,11373,192.0,128.0,73.0,85.0,74.0,157,417,438,571.0,648.0,736.0,761.0,803,710,638,680,725,668.0,698,481,410.0,402.0,440.0,438.0
55432,2022-07-18T00:00:00Z,2022,7,1,False,False,10005,61.0,40.0,42.0,60.0,81.0,293,664,651,627.0,660.0,618.0,575.0,571,563,526,603,655,703.0,615,457,374.0,292.0,179.0,95.0
55432,2022-07-22T00:00:00Z,2022,7,5,False,False,11236,100.0,54.0,34.0,56.0,90.0,278,715,722,734.0,665.0,571.0,638.0,628,630,628,699,668,711.0,618,498,446.0,360.0,366.0,327.0
55432,2022-08-17T00:00:00Z,2022,8,3,False,False,10892,68.0,40.0,35.0,34.0,90.0,273,720,713,780.0,686.0,585.0,582.0,618,606,634,640,659,735.0,645,509,435.0,411.0,279.0,115.0
55432,2022-07-06T00:00:00Z,2022,7,3,False,False,10042,74.0,45.0,21.0,38.0,78.0,262,620,585,616.0,698.0,540.0,549.0,511,551,616,603,647,715.0,608,455,396.0,363.0,280.0,171.0
55432,2022-07-05T00:00:00Z,2022,7,2,False,False,9353,69.0,37.0,22.0,40.0,83.0,255,571,523,585.0,646.0,521.0,488.0,580,509,545,620,563,667.0,603,415,364.0,315.0,206.0,126.0
55432,2022-07-13T00:00:00Z,2022,7,3,False,False,10117,68.0,29.0,38.0,40.0,77.0,276,681,688,679.0,657.0,619.0,590.0,615,606,563,645,525,636.0,587,424,334.0,250.0,335.0,155.0
55432,2022-07-17T00:00:00Z,2022,7,7,False,False,10430,260.0,192.0,171.0,113.0,103.0,106,246,263,438.0,600.0,689.0,726.0,812,818,734,709,662,546.0,555,449,497.0,302.0,304.0,135.0
55432,2022-07-14T00:00:00Z,2022,7,4,False,False,10710,85.0,42.0,33.0,47.0,64.0,281,658,600,684.0,640.0,627.0,647.0,578,629,600,630,706,703.0,648,492,423.0,391.0,325.0,177.0
55432,2022-07-03T00:00:00Z,2022,7,7,False,False,8117,193.0,180.0,128.0,112.0,93.0,112,159,210,321.0,443.0,483.0,620.0,642,602,581,592,507,473.0,461,338,290.0,277.0,176.0,124.0
55432,2022-07-09T00:00:00Z,2022,7,6,False,False,11360,211.0,119.0,83.0,89.0,86.0,187,418,432,532.0,633.0,720.0,739.0,791,773,771,708,665,624.0,566,520,550.0,382.0,386.0,375.0
55432,2022-07-07T00:00:00Z,2022,7,4,False,False,10404,83.0,36.0,40.0,43.0,78.0,288,599,599,646.0,664.0,586.0,642.0,570,563,627,575,700,676.0,617,500,429.0,384.0,270.0,189.0
55432,2022-07-21T00:00:00Z,2022,7,4,False,False,10718,91.0,42.0,35.0,52.0,91.0,306,674,696,743.0,665.0,620.0,561.0,600,536,596,653,638,726.0,609,500,424.0,370.0,308.0,182.0
55432,2022-07-16T00:00:00Z,2022,7,6,False,False,11845,201.0,120.0,89.0,95.0,78.0,169,439,433,547.0,645.0,692.0,711.0,768,716,797,716,766,750.0,768,561,564.0,428.0,464.0,328.0
55432,2022-07-11T00:00:00Z,2022,7,1,False,False,9552,62.0,40.0,32.0,41.0,70.0,283,634,612,646.0,602.0,475.0,523.0,581,566,547,638,585,688.0,550,420,389.0,302.0,179.0,87.0
55432,2022-07-04T00:00:00Z,2022,7,1,False,False,8778,49.0,38.0,31.0,24.0,72.0,260,572,558,608.0,565.0,496.0,499.0,532,527,517,546,601,614.0,526,341,270.0,257.0,171.0,104.0
55432,2022-08-16T00:00:00Z,2022,8,2,False,False,10592,50.0,33.0,32.0,36.0,67.0,278,733,712,667.0,615.0,587.0,599.0,606,650,566,665,651,749.0,621,533,406.0,365.0,262.0,109.0
55432,2022-08-28T00:00:00Z,2022,8,7,False,False,11169,252.0,180.0,136.0,96.0,100.0,129,271,405,546.0,700.0,790.0,779.0,859,861,902,752,725,725.0,494,425,386.0,317.0,219.0,120.0
55432,2022-07-08T00:00:00Z,2022,7,5,False,False,11628,96.0,43.0,31.0,39.0,91.0,310,629,641,631.0,667.0,648.0,651.0,625,678,598,671,675,735.0,798,577,524.0,430.0,526.0,314.0
55432,2022-07-12T00:00:00Z,2022,7,2,False,False,10427,63.0,25.0,34.0,31.0,94.0,306,687,649,675.0,671.0,582.0,571.0,630,622,615,637,606,712.0,669,440,374.0,335.0,275.0,124.0
55432,2022-08-05T00:00:00Z,2022,8,5,False,False,11077,96.0,55.0,36.0,38.0,92.0,273,666,687,812.0,613.0,595.0,627.0,601,671,634,664,691,658.0,582,512,433.0,327.0,395.0,319.0
55432,2022-08-30T00:00:00Z,2022,8,2,False,False,11016,62.0,33.0,25.0,35.0,67.0,289,736,762,727.0,712.0,623.0,596.0,598,575,632,666,700,744.0,674,512,438.0,419.0,276.0,115.0
55432,2022-08-31T00:00:00Z,2022,8,3,False,False,11059,68.0,38.0,32.0,46.0,64.0,284,708,804,701.0,642.0,650.0,633.0,533,632,541,701,735,704.0,677,503,436.0,432.0,314.0,181.0
55432,2022-08-22T00:00:00Z,2022,8,1,False,False,10447,82.0,48.0,24.0,39.0,78.0,277,655,731,750.0,672.0,580.0,596.0,588,549,629,660,672,767.0,608,451,352.0,289.0,223.0,127.0
55432,2022-08-26T00:00:00Z,2022,8,5,False,False,10879,103.0,69.0,45.0,49.0,82.0,274,690,759,737.0,613.0,587.0,624.0,623,645,608,609,608,667.0,575,481,416.0,393.0,373.0,249.0
55432,2022-08-18T00:00:00Z,2022,8,4,False,False,11292,73.0,54.0,37.0,32.0,79.0,273,686,771,770.0,688.0,600.0,599.0,631,582,675,659,788,664.0,663,557,459.0,418.0,357.0,177.0
55432,2022-08-07T00:00:00Z,2022,8,7,False,False,10257,277.0,163.0,139.0,95.0,82.0,118,257,321,534.0,687.0,758.0,818.0,809,774,732,657,616,589.0,460,376,337.0,316.0,212.0,130.0
55432,2022-08-10T00:00:00Z,2022,8,3,False,False,10822,79.0,39.0,26.0,26.0,66.0,260,692,710,740.0,629.0,573.0,604.0,603,632,615,682,716,723.0,621,482,419.0,410.0,299.0,176.0
55432,2022-08-14T00:00:00Z,2022,8,7,False,False,10275,219.0,149.0,126.0,110.0,93.0,185,314,415,532.0,734.0,761.0,815.0,784,869,577,472,574,605.0,521,393,349.0,343.0,210.0,125.0
55432,2022-08-13T00:00:00Z,2022,8,6,False,False,11058,223.0,140.0,106.0,76.0,72.0,148,423,484,624.0,746.0,698.0,618.0,663,630,667,679,676,664.0,615,488,432.0,405.0,448.0,333.0
55432,2022-08-29T00:00:00Z,2022,8,1,False,False,10273,58.0,42.0,32.0,44.0,65.0,253,680,779,728.0,586.0,595.0,596.0,589,598,589,715,665,668.0,587,436,378.0,302.0,197.0,91.0
55432,2022-08-01T00:00:00Z,2022,8,1,False,False,10158,81.0,49.0,49.0,42.0,78.0,270,650,645,795.0,635.0,572.0,539.0,574,570,640,643,629,704.0,572,462,353.0,310.0,192.0,104.0
55432,2022-08-12T00:00:00Z,2022,8,5,False,False,11768,109.0,52.0,33.0,46.0,92.0,277,684,748,788.0,649.0,646.0,675.0,664,682,669,723,690,731.0,706,534,445.0,399.0,384.0,342.0
55432,2022-08-06T00:00:00Z,2022,8,6,False,False,11723,180.0,99.0,90.0,63.0,77.0,156,455,579,737.0,873.0,801.0,804.0,747,792,725,795,642,622.0,554,435,399.0,394.0,398.0,306.0
55432,2022-08-02T00:00:00Z,2022,8,2,False,False,10494,51.0,34.0,23.0,37.0,70.0,243,674,695,717.0,659.0,621.0,543.0,603,555,596,567,685,740.0,630,445,405.0,356.0,348.0,197.0
55432,2022-08-08T00:00:00Z,2022,8,1,False,False,10063,52.0,35.0,32.0,35.0,54.0,258,652,762,693.0,603.0,543.0,530.0,541,588,588,671,702,714.0,604,466,379.0,291.0,180.0,90.0
55432,2022-08-04T00:00:00Z,2022,8,4,False,False,11143,87.0,45.0,35.0,40.0,70.0,261,635,738,728.0,628.0,547.0,596.0,601,601,606,641,664,765.0,675,620,449.0,501.0,375.0,235.0
55432,2022-08-24T00:00:00Z,2022,8,3,False,False,10737,62.0,18.0,31.0,42.0,72.0,243,668,745,711.0,674.0,569.0,622.0,564,606,588,662,711,728.0,645,496,462.0,397.0,293.0,128.0
55432,2022-08-15T00:00:00Z,2022,8,1,False,False,10367,70.0,38.0,31.0,31.0,67.0,254,737,756,764.0,603.0,566.0,566.0,621,611,612,680,626,722.0,588,461,364.0,272.0,219.0,108.0
55432,2022-08-03T00:00:00Z,2022,8,3,False,False,10678,92.0,29.0,35.0,33.0,70.0,263,668,773,717.0,679.0,592.0,579.0,654,647,571,647,658,677.0,560,480,367.0,362.0,314.0,211.0
55432,2022-08-19T00:00:00Z,2022,8,5,False,False,11116,92.0,55.0,37.0,34.0,83.0,260,743,747,675.0,630.0,624.0,618.0,622,606,624,680,681,656.0,612,539,471.0,433.0,325.0,269.0
55432,2022-08-20T00:00:00Z,2022,8,6,False,False,11966,192.0,123.0,106.0,69.0,77.0,170,455,506,593.0,794.0,782.0,776.0,791,790,726,735,696,675.0,787,479,426.0,490.0,388.0,340.0
55432,2022-08-23T00:00:00Z,2022,8,2,False,False,10740,70.0,34.0,25.0,40.0,70.0,275,692,824,775.0,650.0,584.0,631.0,570,569,628,652,608,667.0,650,514,409.0,373.0,302.0,128.0
55432,2022-08-27T00:00:00Z,2022,8,6,False,False,10713,195.0,122.0,93.0,76.0,98.0,182,431,424,534.0,691.0,672.0,688.0,671,700,729,671,653,564.0,536,452,418.0,400.0,419.0,294.0
55432,2022-08-11T00:00:00Z,2022,8,4,False,False,11090,73.0,31.0,36.0,37.0,77.0,273,706,779,700.0,688.0,576.0,582.0,714,616,519,636,740,695.0,707,515,436.0,435.0,339.0,180.0
55432,2022-08-21T00:00:00Z,2022,8,7,False,False,10770,264.0,205.0,176.0,117.0,109.0,117,225,292,472.0,719.0,841.0,786.0,820,853,818,730,653,576.0,563,386,405.0,304.0,190.0,149.0
55432,2022-08-25T00:00:00Z,2022,8,4,False,False,11004,80.0,47.0,35.0,36.0,81.0,266,717,729,717.0,670.0,608.0,600.0,551,578,636,680,658,631.0,691,514,419.0,451.0,391.0,218.0
55432,2022-08-09T00:00:00Z,2022,8,2,False,False,10402,58.0,40.0,27.0,35.0,69.0,252,610,761,690.0,687.0,558.0,559.0,505,551,576,682,711,727.0,696,483,373.0,372.0,261.0,119.0
55432,2022-09-03T00:00:00Z,2022,9,6,False,False,11701,181.0,106.0,100.0,65.0,78.0,151,398,424,529.0,688.0,664.0,767.0,765,781,718,734,743,767.0,636,510,521.0,562.0,420.0,393.0
55432,2022-09-25T00:00:00Z,2022,9,7,False,False,10676,279.0,203.0,162.0,132.0,112.0,156,235,311,464.0,637.0,755.0,764.0,836,879,750,715,674,577.0,580,403,358.0,336.0,227.0,131.0
55432,2022-09-02T00:00:00Z,2022,9,5,False,False,12043,85.0,45.0,37.0,46.0,73.0,270,708,720,732.0,647.0,649.0,674.0,671,661,599,756,869,790.0,769,561,478.0,433.0,477.0,293.0
55432,2022-09-23T00:00:00Z,2022,9,5,False,False,11513,97.0,45.0,33.0,33.0,80.0,285,650,747,775.0,642.0,675.0,624.0,719,624,684,690,705,685.0,640,553,432.0,413.0,367.0,315.0
55432,2022-09-06T00:00:00Z,2022,9,2,False,False,11344,64.0,42.0,17.0,38.0,55.0,323,692,733,736.0,686.0,584.0,626.0,572,586,630,714,715,793.0,733,638,413.0,468.0,335.0,151.0
55432,2022-09-22T00:00:00Z,2022,9,4,False,False,9567,155.0,116.0,91.0,82.0,81.0,156,280,349,403.0,521.0,609.0,694.0,725,737,639,668,603,550.0,522,377,402.0,345.0,284.0,178.0
55432,2022-09-18T00:00:00Z,2022,9,7,False,False,12299,287.0,204.0,175.0,143.0,156.0,256,478,605,744.0,891.0,1019.0,978.0,790,797,764,771,668,648.0,502,438,371.0,317.0,183.0,114.0
55432,2022-09-15T00:00:00Z,2022,9,4,False,False,11737,102.0,53.0,29.0,34.0,88.0,272,663,745,804.0,704.0,656.0,610.0,617,665,675,619,684,782.0,717,653,431.0,460.0,396.0,278.0
55432,2022-09-04T00:00:00Z,2022,9,7,False,False,9458,304.0,189.0,178.0,122.0,97.0,116,194,225,384.0,575.0,679.0,702.0,685,717,664,591,591,576.0,482,418,353.0,307.0,210.0,99.0
55432,2022-09-21T00:00:00Z,2022,9,3,False,False,11429,77.0,55.0,24.0,45.0,67.0,298,695,732,763.0,685.0,634.0,637.0,599,647,614,680,727,709.0,641,509,483.0,448.0,393.0,267.0
55432,2022-09-09T00:00:00Z,2022,9,5,False,False,11312,92.0,56.0,31.0,36.0,77.0,279,649,683,753.0,607.0,596.0,564.0,638,630,668,677,699,743.0,623,525,500.0,464.0,416.0,306.0
55432,2022-09-13T00:00:00Z,2022,9,2,False,False,11083,56.0,34.0,21.0,24.0,74.0,298,688,762,736.0,759.0,592.0,592.0,564,626,642,724,667,733.0,687,525,445.0,369.0,269.0,196.0
55432,2022-09-19T00:00:00Z,2022,9,1,False,False,10655,67.0,40.0,31.0,38.0,68.0,280,675,746,756.0,659.0,638.0,605.0,584,656,607,627,674,746.0,659,431,372.0,336.0,220.0,140.0
55432,2022-09-01T00:00:00Z,2022,9,4,False,False,11405,83.0,54.0,27.0,45.0,86.0,277,735,790,724.0,695.0,613.0,613.0,628,628,636,683,738,744.0,665,530,432.0,454.0,337.0,188.0
55432,2022-09-16T00:00:00Z,2022,9,5,False,False,12050,118.0,57.0,31.0,49.0,77.0,294,704,753,782.0,707.0,644.0,704.0,744,754,706,754,734,737.0,617,504,452.0,414.0,411.0,303.0
55432,2022-09-10T00:00:00Z,2022,9,6,False,False,11566,191.0,122.0,98.0,70.0,70.0,205,480,530,606.0,708.0,722.0,759.0,798,830,752,733,675,641.0,533,441,417.0,426.0,406.0,353.0
55432,2022-09-20T00:00:00Z,2022,9,2,False,False,11606,65.0,37.0,28.0,43.0,75.0,335,713,711,755.0,738.0,650.0,600.0,626,676,641,772,748,828.0,703,526,412.0,395.0,319.0,210.0
55432,2022-09-05T00:00:00Z,2022,9,1,False,False,10618,72.0,37.0,20.0,44.0,69.0,276,664,728,761.0,603.0,560.0,601.0,559,594,606,651,680,766.0,696,539,407.0,330.0,248.0,107.0
55432,2022-09-11T00:00:00Z,2022,9,7,False,False,10318,265.0,189.0,154.0,128.0,86.0,123,252,382,463.0,674.0,785.0,816.0,817,649,712,652,617,552.0,555,407,341.0,318.0,239.0,142.0
55432,2022-09-14T00:00:00Z,2022,9,3,False,False,11336,94.0,33.0,28.0,34.0,81.0,321,707,742,715.0,713.0,641.0,651.0,661,615,668,669,680,751.0,629,525,470.0,438.0,264.0,206.0
55432,2022-09-12T00:00:00Z,2022,9,1,False,False,10656,84.0,47.0,31.0,38.0,70.0,297,663,708,758.0,665.0,580.0,576.0,612,611,633,685,684,785.0,659,470,349.0,329.0,230.0,92.0
55432,2022-09-17T00:00:00Z,2022,9,6,False,False,12515,197.0,127.0,101.0,93.0,90.0,198,433,553,665.0,799.0,760.0,783.0,743,768,859,843,761,705.0,687,547,487.0,463.0,475.0,378.0
55432,2022-10-14T00:00:00Z,2022,10,5,False,False,12153,146.0,54.0,49.0,32.0,81.0,263,691,711,780.0,697.0,581.0,699.0,643,680,704,730,802,798.0,581,529,461.0,450.0,615.0,376.0
55432,2022-09-08T00:00:00Z,2022,9,4,False,False,11728,70.0,51.0,37.0,52.0,83.0,301,695,768,783.0,798.0,624.0,600.0,627,638,662,750,676,709.0,655,555,539.0,588.0,327.0,140.0
55432,2022-09-07T00:00:00Z,2022,9,3,False,False,10970,50.0,49.0,29.0,38.0,74.0,284,655,740,738.0,655.0,599.0,600.0,577,599,654,744,746,637.0,610,563,465.0,421.0,302.0,141.0
55432,2022-10-08T00:00:00Z,2022,10,6,False,False,10827,215.0,130.0,97.0,92.0,63.0,133,387,410,491.0,672.0,700.0,661.0,559,625,626,685,669,670.0,824,532,458.0,371.0,443.0,314.0
55432,2022-10-03T00:00:00Z,2022,10,1,False,False,9668,217.0,117.0,80.0,60.0,58.0,105,283,254,320.0,520.0,706.0,752.0,739,770,689,638,689,666.0,571,384,358.0,335.0,229.0,128.0
55432,2022-09-24T00:00:00Z,2022,9,6,False,False,10579,215.0,119.0,67.0,75.0,75.0,187,410,430,554.0,612.0,653.0,697.0,731,694,689,617,583,616.0,500,474,374.0,382.0,450.0,375.0
55432,2022-10-19T00:00:00Z,2022,10,3,False,False,11162,55.0,34.0,21.0,30.0,81.0,281,699,732,704.0,689.0,665.0,657.0,607,607,611,683,694,821.0,724,540,464.0,377.0,265.0,121.0
55432,2022-10-06T00:00:00Z,2022,10,4,False,False,9726,88.0,42.0,28.0,41.0,67.0,264,621,602,608.0,647.0,604.0,584.0,551,458,426,484,599,481.0,612,499,429.0,436.0,350.0,205.0
55432,2022-10-18T00:00:00Z,2022,10,2,False,False,10663,67.0,20.0,19.0,34.0,91.0,278,695,677,686.0,687.0,594.0,564.0,509,618,566,643,689,844.0,687,510,413.0,364.0,269.0,139.0
55432,2022-10-07T00:00:00Z,2022,10,5,False,False,10906,89.0,46.0,33.0,52.0,64.0,270,686,667,599.0,657.0,636.0,643.0,647,681,629,624,588,633.0,605,495,454.0,383.0,425.0,300.0
55432,2022-10-12T00:00:00Z,2022,10,3,False,False,11428,76.0,34.0,15.0,40.0,85.0,277,668,821,807.0,656.0,596.0,652.0,578,638,644,680,673,755.0,721,556,471.0,451.0,361.0,173.0
55432,2022-10-17T00:00:00Z,2022,10,1,False,False,10145,88.0,57.0,33.0,43.0,75.0,248,553,694,647.0,599.0,558.0,564.0,564,594,560,641,740,750.0,646,459,417.0,312.0,203.0,100.0
55432,2022-10-02T00:00:00Z,2022,10,7,False,False,8914,258.0,168.0,,164.0,136.0,144,190,226,266.0,403.0,512.0,604.0,627,646,654,605,586,530.0,447,385,312.0,347.0,430.0,274.0
55432,2022-10-11T00:00:00Z,2022,10,2,False,False,10975,72.0,33.0,28.0,33.0,72.0,269,656,717,683.0,685.0,627.0,598.0,574,603,604,647,716,684.0,718,583,461.0,424.0,318.0,170.0
55432,2022-10-21T00:00:00Z,2022,10,5,False,False,11864,156.0,63.0,41.0,42.0,90.0,282,684,797,751.0,736.0,604.0,601.0,619,677,632,709,685,691.0,701,637,517.0,435.0,438.0,276.0
55432,2022-10-10T00:00:00Z,2022,10,1,False,False,10289,67.0,46.0,25.0,39.0,65.0,254,661,703,690.0,697.0,579.0,600.0,560,574,552,658,687,745.0,598,500,366.0,293.0,229.0,101.0
55432,2022-10-09T00:00:00Z,2022,10,7,False,False,8828,222.0,154.0,106.0,111.0,68.0,101,169,235,297.0,446.0,561.0,626.0,637,628,648,679,595,549.0,492,448,392.0,316.0,231.0,117.0
55432,2022-10-04T00:00:00Z,2022,10,2,False,False,10609,60.0,36.0,21.0,33.0,61.0,246,660,638,637.0,642.0,676.0,669.0,668,643,632,599,694,791.0,641,450,390.0,369.0,259.0,94.0
55432,2022-10-20T00:00:00Z,2022,10,4,False,False,11455,86.0,39.0,28.0,56.0,84.0,301,634,788,791.0,651.0,609.0,568.0,648,628,641,700,721,745.0,721,553,477.0,427.0,311.0,248.0
55432,2022-10-15T00:00:00Z,2022,10,6,False,False,13051,243.0,129.0,99.0,84.0,80.0,231,545,615,675.0,886.0,839.0,818.0,712,774,803,784,752,789.0,648,512,457.0,527.0,646.0,403.0
55432,2022-10-13T00:00:00Z,2022,10,4,False,False,11766,102.0,52.0,31.0,50.0,91.0,313,669,722,808.0,657.0,662.0,639.0,609,631,674,643,747,756.0,723,537,518.0,469.0,391.0,272.0
55432,2022-10-25T00:00:00Z,2022,10,2,False,False,10868,51.0,27.0,20.0,25.0,67.0,289,642,700,752.0,704.0,593.0,621.0,598,586,652,713,757,728.0,667,486,393.0,400.0,259.0,138.0
55432,2022-10-23T00:00:00Z,2022,10,7,False,False,9841,270.0,208.0,201.0,136.0,119.0,130,231,335,447.0,581.0,628.0,663.0,719,805,756,612,640,537.0,443,376,375.0,305.0,207.0,117.0
55432,2022-10-05T00:00:00Z,2022,10,3,False,False,9883,66.0,28.0,32.0,37.0,63.0,285,632,621,616.0,679.0,576.0,549.0,515,536,531,541,649,613.0,664,492,360.0,344.0,303.0,151.0
55432,2022-10-16T00:00:00Z,2022,10,7,False,False,10673,204.0,233.0,160.0,146.0,97.0,137,283,379,517.0,672.0,843.0,787.0,734,780,657,699,666,611.0,523,454,399.0,324.0,226.0,142.0
55432,2022-10-24T00:00:00Z,2022,10,1,False,False,10080,76.0,47.0,32.0,44.0,73.0,256,605,727,736.0,554.0,516.0,522.0,521,569,550,691,639,781.0,677,448,408.0,309.0,206.0,93.0
55432,2022-10-01T00:00:00Z,2022,10,6,False,False,11373,185.0,106.0,76.0,69.0,81.0,167,373,436,479.0,635.0,686.0,791.0,642,776,705,810,634,621.0,596,463,541.0,617.0,528.0,356.0
55432,2022-10-22T00:00:00Z,2022,10,6,False,False,11746,205.0,155.0,119.0,76.0,59.0,159,451,501,667.0,682.0,665.0,751.0,821,740,759,771,680,586.0,584,550,434.0,597.0,429.0,305.0
55432,2022-11-04T00:00:00Z,2022,11,5,False,False,12083,128.0,56.0,49.0,55.0,76.0,339,787,799,750.0,666.0,642.0,683.0,695,683,666,722,721,817.0,670,523,438.0,452.0,396.0,270.0
55432,2022-11-07T00:00:00Z,2022,11,1,False,False,10614,64.0,36.0,39.0,43.0,67.0,321,697,773,710.0,643.0,627.0,586.0,617,620,589,683,646,802.0,605,438,375.0,336.0,195.0,102.0
55432,2022-11-09T00:00:00Z,2022,11,3,False,False,11166,86.0,42.0,28.0,40.0,82.0,306,697,715,675.0,674.0,636.0,581.0,634,632,641,711,778,669.0,338,488,524.0,420.0,422.0,347.0
55432,2022-11-08T00:00:00Z,2022,11,2,False,False,10937,52.0,39.0,29.0,34.0,75.0,315,695,700,714.0,716.0,590.0,604.0,621,605,593,666,656,796.0,728,471,388.0,366.0,286.0,198.0
55432,2022-11-30T00:00:00Z,2022,11,3,False,False,11424,32.0,45.0,28.0,42.0,84.0,331,723,742,770.0,706.0,635.0,608.0,696,578,578,736,702,751.0,681,539,440.0,462.0,363.0,152.0
55432,2022-11-26T00:00:00Z,2022,11,6,False,False,11948,,130.0,143.0,141.0,93.0,216,527,539,671.0,740.0,697.0,729.0,740,740,784,674,688,663.0,589,545,571.0,404.0,537.0,387.0
55432,2022-11-23T00:00:00Z,2022,11,3,False,False,11108,29.0,34.0,32.0,35.0,80.0,335,704,678,724.0,726.0,631.0,619.0,612,626,574,718,722,736.0,632,517,441.0,415.0,309.0,179.0
55432,2022-11-16T00:00:00Z,2022,11,3,False,False,11190,59.0,32.0,28.0,47.0,86.0,305,694,738,692.0,657.0,644.0,642.0,645,635,562,627,680,801.0,668,599,526.0,468.0,210.0,145.0
55432,2022-11-17T00:00:00Z,2022,11,4,False,False,11998,97.0,52.0,27.0,36.0,87.0,325,712,740,739.0,652.0,587.0,617.0,614,620,601,682,699,885.0,839,673,582.0,497.0,366.0,269.0
55432,2022-11-21T00:00:00Z,2022,11,1,False,False,10523,113.0,47.0,38.0,42.0,62.0,294,693,751,695.0,639.0,545.0,595.0,580,571,580,644,670,748.0,632,482,420.0,305.0,248.0,129.0
55432,2022-11-27T00:00:00Z,2022,11,7,False,False,11696,288.0,253.0,187.0,152.0,111.0,170,278,413,605.0,679.0,798.0,777.0,817,796,726,687,631,629.0,619,547,485.0,360.0,409.0,279.0
55432,2022-11-02T00:00:00Z,2022,11,3,False,False,11030,69.0,47.0,37.0,51.0,74.0,293,660,810,725.0,730.0,665.0,562.0,599,589,635,667,691,796.0,657,476,400.0,383.0,263.0,151.0
55432,2022-11-25T00:00:00Z,2022,11,5,False,False,11585,41.0,54.0,58.0,34.0,101.0,322,706,765,704.0,649.0,647.0,638.0,722,680,652,672,741,642.0,682,474,465.0,441.0,388.0,307.0
55432,2022-11-01T00:00:00Z,2022,11,2,False,False,11160,108.0,47.0,30.0,30.0,72.0,308,694,730,737.0,745.0,581.0,696.0,632,642,667,675,660,784.0,604,500,422.0,385.0,257.0,154.0
55432,2022-11-14T00:00:00Z,2022,11,1,False,False,10602,79.0,37.0,36.0,34.0,68.0,261,662,769,687.0,676.0,629.0,584.0,608,581,609,683,674,716.0,638,472,411.0,321.0,250.0,117.0
55432,2022-11-24T00:00:00Z,2022,11,4,False,False,11621,25.0,58.0,44.0,45.0,82.0,326,629,687,731.0,706.0,644.0,653.0,670,656,665,722,737,845.0,646,562,494.0,411.0,329.0,254.0
55432,2022-11-15T00:00:00Z,2022,11,2,False,False,10720,70.0,23.0,31.0,29.0,78.0,316,669,779,669.0,727.0,670.0,593.0,559,573,580,645,683,779.0,624,482,436.0,359.0,220.0,126.0
55432,2022-11-13T00:00:00Z,2022,11,7,False,False,9752,292.0,232.0,166.0,133.0,123.0,131,288,357,438.0,564.0,574.0,676.0,661,663,646,589,677,579.0,476,419,360.0,359.0,200.0,149.0
55432,2022-11-05T00:00:00Z,2022,11,6,False,False,12070,201.0,129.0,79.0,71.0,100.0,236,482,547,699.0,765.0,743.0,768.0,773,718,773,724,701,685.0,501,516,482.0,485.0,533.0,359.0
55432,2022-11-03T00:00:00Z,2022,11,4,False,False,11805,89.0,52.0,39.0,41.0,74.0,356,675,771,735.0,717.0,680.0,659.0,618,659,619,703,760,857.0,562,568,461.0,502.0,308.0,300.0
55432,2022-11-28T00:00:00Z,2022,11,1,False,False,10779,40.0,33.0,41.0,34.0,92.0,273,684,715,710.0,631.0,526.0,558.0,568,535,575,668,669,781.0,706,600,458.0,367.0,328.0,187.0
55432,2022-11-10T00:00:00Z,2022,11,4,False,False,11720,112.0,44.0,39.0,42.0,75.0,325,722,716,748.0,666.0,632.0,634.0,642,588,633,666,712,729.0,821,607,617.0,357.0,334.0,259.0
55432,2022-11-20T00:00:00Z,2022,11,7,False,False,10528,295.0,207.0,179.0,117.0,89.0,130,255,398,486.0,688.0,760.0,785.0,718,762,716,653,657,556.0,569,451,347.0,329.0,224.0,157.0
55432,2022-11-29T00:00:00Z,2022,11,2,False,False,10973,16.0,23.0,23.0,30.0,80.0,328,658,732,676.0,720.0,633.0,603.0,584,621,590,630,725,833.0,663,531,448.0,386.0,292.0,148.0
55432,2022-12-15T00:00:00Z,2022,12,4,False,False,11746,114.0,62.0,46.0,49.0,89.0,350,670,713,647.0,689.0,640.0,721.0,618,665,643,700,687,827.0,639,533,426.0,520.0,432.0,266.0
55432,2022-11-12T00:00:00Z,2022,11,6,False,False,12565,210.0,147.0,93.0,77.0,75.0,210,521,617,698.0,825.0,765.0,851.0,784,792,766,801,705,747.0,725,492,452.0,423.0,444.0,345.0
55432,2022-11-11T00:00:00Z,2022,11,5,False,False,11691,124.0,54.0,43.0,45.0,85.0,317,726,757,711.0,709.0,718.0,635.0,633,707,657,714,691,711.0,653,496,443.0,409.0,379.0,274.0
55432,2022-11-18T00:00:00Z,2022,11,5,False,False,12224,133.0,69.0,35.0,54.0,98.0,295,704,742,730.0,661.0,626.0,648.0,682,708,693,713,738,710.0,729,619,529.0,469.0,514.0,325.0
55432,2022-12-09T00:00:00Z,2022,12,5,False,False,11807,57.0,94.0,44.0,62.0,114.0,297,658,747,685.0,592.0,673.0,634.0,647,671,699,770,692,747.0,726,553,474.0,427.0,417.0,327.0
55432,2022-11-19T00:00:00Z,2022,11,6,False,False,12067,250.0,119.0,93.0,84.0,99.0,231,493,549,679.0,749.0,774.0,754.0,780,830,816,674,651,605.0,569,470,480.0,487.0,425.0,406.0
55432,2022-11-06T00:00:00Z,2022,11,7,False,False,10951,289.0,195.0,142.0,143.0,113.0,164,317,415,566.0,732.0,793.0,804.0,794,832,738,758,664,612.0,517,358,331.0,332.0,207.0,135.0
55432,2022-12-20T00:00:00Z,2022,12,2,False,False,10572,70.0,56.0,76.0,45.0,71.0,264,651,585,687.0,626.0,638.0,638.0,614,675,574,626,654,743.0,633,499,386.0,348.0,259.0,154.0
55432,2022-11-22T00:00:00Z,2022,11,2,False,False,10554,52.0,39.0,26.0,36.0,55.0,300,704,684,648.0,670.0,620.0,614.0,588,587,609,618,640,751.0,645,509,378.0,342.0,283.0,156.0
55432,2022-12-17T00:00:00Z,2022,12,6,False,False,10894,118.0,258.0,117.0,98.0,99.0,178,446,466,541.0,593.0,679.0,742.0,742,704,672,674,607,560.0,591,454,405.0,413.0,385.0,352.0
55432,2022-12-14T00:00:00Z,2022,12,3,False,False,11310,34.0,52.0,24.0,43.0,94.0,312,679,653,686.0,709.0,625.0,672.0,662,649,602,641,699,765.0,719,569,425.0,423.0,377.0,196.0
55432,2022-12-23T00:00:00Z,2022,12,5,False,False,10652,132.0,68.0,45.0,57.0,96.0,207,499,517,577.0,658.0,667.0,719.0,746,703,674,663,606,613.0,536,449,389.0,400.0,359.0,272.0
55432,2022-12-28T00:00:00Z,2022,12,3,False,False,10124,29.0,52.0,43.0,24.0,68.0,171,334,411,546.0,669.0,769.0,781.0,768,707,628,644,640,620.0,633,452,321.0,328.0,319.0,167.0
55432,2022-12-02T00:00:00Z,2022,12,5,False,False,11588,41.0,63.0,64.0,63.0,111.0,322,698,689,673.0,670.0,646.0,656.0,650,646,717,679,663,711.0,696,496,470.0,454.0,395.0,315.0
55432,2022-12-05T00:00:00Z,2022,12,1,False,False,10959,32.0,56.0,42.0,43.0,89.0,278,737,705,696.0,658.0,731.0,695.0,619,647,622,695,702,739.0,632,460,390.0,332.0,230.0,129.0
55432,2022-12-19T00:00:00Z,2022,12,1,False,False,10499,32.0,97.0,65.0,51.0,97.0,302,599,625,620.0,578.0,580.0,621.0,637,613,592,664,646,742.0,613,434,358.0,349.0,278.0,306.0
55432,2022-12-04T00:00:00Z,2022,12,7,False,False,11106,385.0,226.0,167.0,108.0,139.0,195,293,351,581.0,700.0,734.0,719.0,854,809,752,728,663,604.0,540,433,386.0,350.0,239.0,150.0
55432,2022-12-07T00:00:00Z,2022,12,3,False,False,11867,25.0,44.0,28.0,32.0,69.0,319,668,724,715.0,689.0,648.0,645.0,690,651,616,663,691,799.0,668,516,489.0,513.0,659.0,306.0
55432,2022-12-30T00:00:00Z,2022,12,5,False,False,9128,92.0,58.0,47.0,48.0,81.0,140,311,317,412.0,510.0,568.0,677.0,624,626,642,601,596,569.0,543,425,376.0,367.0,285.0,213.0
55432,2022-12-01T00:00:00Z,2022,12,4,False,False,11581,90.0,71.0,38.0,41.0,115.0,338,707,765,737.0,634.0,630.0,653.0,612,594,648,694,724,777.0,644,524,452.0,472.0,370.0,251.0
55432,2022-12-27T00:00:00Z,2022,12,2,False,False,9226,123.0,77.0,65.0,59.0,59.0,110,277,335,435.0,640.0,723.0,726.0,781,664,609,543,519,500.0,493,428,353.0,313.0,258.0,136.0
55432,2022-12-13T00:00:00Z,2022,12,2,False,False,11426,70.0,33.0,24.0,31.0,64.0,336,681,671,715.0,724.0,736.0,751.0,659,641,590,684,666,743.0,696,512,429.0,415.0,338.0,217.0
55432,2022-12-11T00:00:00Z,2022,12,7,False,False,11264,55.0,265.0,204.0,138.0,138.0,206,278,341,544.0,708.0,748.0,808.0,735,842,737,699,676,682.0,680,527,403.0,366.0,328.0,156.0
55432,2022-12-08T00:00:00Z,2022,12,4,False,False,12044,176.0,116.0,75.0,65.0,88.0,327,698,710,702.0,712.0,631.0,686.0,656,636,639,683,735,790.0,753,561,488.0,484.0,365.0,268.0
55432,2022-12-06T00:00:00Z,2022,12,2,False,False,10760,21.0,45.0,23.0,35.0,70.0,299,693,685,680.0,601.0,660.0,558.0,572,601,621,682,664,804.0,743,500,438.0,374.0,243.0,148.0
55432,2022-12-12T00:00:00Z,2022,12,1,False,False,10487,49.0,39.0,41.0,39.0,83.0,258,709,680,699.0,613.0,541.0,550.0,518,600,559,633,706,834.0,692,481,404.0,316.0,305.0,138.0
55432,2022-12-31T00:00:00Z,2022,12,6,False,False,9414,130.0,104.0,78.0,54.0,78.0,126,314,293,370.0,532.0,640.0,634.0,634,623,597,543,501,514.0,506,470,396.0,429.0,377.0,471.0
55432,2022-12-22T00:00:00Z,2022,12,4,False,False,10757,25.0,55.0,50.0,58.0,65.0,278,613,580,626.0,649.0,613.0,685.0,633,667,630,643,723,711.0,671,436,403.0,388.0,346.0,209.0
55432,2022-12-10T00:00:00Z,2022,12,6,False,False,12165,61.0,202.0,119.0,89.0,88.0,202,477,473,563.0,678.0,737.0,792.0,701,775,714,728,812,642.0,756,638,449.0,496.0,564.0,409.0
55432,2022-12-26T00:00:00Z,2022,12,1,False,False,8830,139.0,69.0,50.0,33.0,48.0,112,209,246,303.0,486.0,587.0,696.0,776,718,626,610,648,541.0,463,387,316.0,346.0,232.0,189.0
55432,2022-12-24T00:00:00Z,2022,12,6,False,False,8887,52.0,157.0,98.0,88.0,102.0,178,332,394,474.0,529.0,595.0,585.0,633,598,581,560,584,473.0,453,340,276.0,298.0,294.0,213.0
55432,2022-12-21T00:00:00Z,2022,12,3,False,False,10916,26.0,36.0,35.0,33.0,70.0,285,637,616,615.0,653.0,659.0,653.0,677,703,610,687,647,682.0,631,538,456.0,420.0,350.0,197.0
55432,2022-12-16T00:00:00Z,2022,12,5,False,False,12116,159.0,88.0,44.0,52.0,87.0,294,657,699,717.0,724.0,656.0,683.0,647,700,672,685,649,679.0,641,623,628.0,533.0,456.0,343.0
55432,2022-12-29T00:00:00Z,2022,12,4,False,False,9240,35.0,74.0,56.0,55.0,66.0,186,344,380,464.0,544.0,626.0,683.0,647,664,613,577,579,552.0,532,391,371.0,341.0,267.0,193.0
55432,2022-12-03T00:00:00Z,2022,12,6,False,False,12476,77.0,169.0,157.0,125.0,119.0,269,523,506,668.0,734.0,749.0,794.0,755,758,819,775,670,614.0,543,609,517.0,556.0,598.0,372.0
55432,2022-12-18T00:00:00Z,2022,12,7,False,False,9439,296.0,232.0,179.0,134.0,131.0,114,219,242,365.0,504.0,547.0,585.0,648,654,664,606,609,565.0,511,483,369.0,351.0,267.0,164.0
55432,2023-01-09T00:00:00Z,2023,1,1,False,False,10287,98.0,32.0,31.0,32.0,62.0,269,542,591,646.0,620.0,677.0,696.0,657,618,625,615,674,793.0,612,421,367.0,310.0,202.0,97.0
55432,2023-01-22T00:00:00Z,2023,1,7,False,False,9188,333.0,208.0,201.0,149.0,143.0,158,236,259,354.0,446.0,498.0,584.0,620,612,612,648,590,578.0,487,389,341.0,363.0,227.0,152.0
55432,2023-01-01T00:00:00Z,2023,1,7,False,False,9160,353.0,442.0,411.0,228.0,203.0,288,178,181,256.0,303.0,438.0,516.0,632,628,616,605,572,553.0,429,395,296.0,262.0,202.0,173.0
55432,2023-01-08T00:00:00Z,2023,1,7,False,False,10400,216.0,147.0,122.0,99.0,97.0,166,264,327,470.0,653.0,710.0,803.0,827,810,778,708,604,573.0,497,459,385.0,305.0,225.0,155.0
55432,2023-01-02T00:00:00Z,2023,1,1,False,False,9364,145.0,81.0,40.0,52.0,47.0,138,214,337,451.0,646.0,749.0,791.0,764,779,699,632,571,540.0,410,350,295.0,274.0,217.0,142.0
55432,2023-01-13T00:00:00Z,2023,1,5,False,False,11388,81.0,,35.0,41.0,65.0,280,656,617,625.0,682.0,681.0,700.0,713,687,667,689,662,773.0,613,555,444.0,415.0,406.0,301.0
55432,2023-01-03T00:00:00Z,2023,1,2,False,False,10060,80.0,42.0,35.0,46.0,75.0,175,393,537,582.0,681.0,741.0,775.0,695,721,688,614,595,661.0,534,401,339.0,307.0,212.0,131.0
55432,2023-01-18T00:00:00Z,2023,1,3,False,False,11847,40.0,38.0,26.0,29.0,84.0,321,641,638,771.0,764.0,743.0,726.0,670,703,660,758,730,750.0,579,441,406.0,488.0,537.0,304.0
55432,2023-01-14T00:00:00Z,2023,1,6,False,False,11002,161.0,113.0,72.0,77.0,92.0,202,453,494,484.0,587.0,681.0,641.0,683,776,735,680,710,624.0,669,437,437.0,446.0,394.0,354.0
55432,2023-01-07T00:00:00Z,2023,1,6,False,False,10102,178.0,106.0,110.0,69.0,67.0,163,347,375,484.0,575.0,577.0,622.0,614,715,665,713,659,574.0,540,459,407.0,389.0,386.0,308.0
55432,2023-01-12T00:00:00Z,2023,1,4,False,False,11118,90.0,39.0,34.0,40.0,76.0,291,596,576,631.0,668.0,610.0,622.0,615,605,589,584,734,812.0,789,595,474.0,443.0,355.0,250.0
55432,2023-01-27T00:00:00Z,2023,1,5,False,False,10900,119.0,84.0,55.0,64.0,64.0,217,561,653,656.0,619.0,586.0,613.0,685,670,662,673,650,694.0,628,485,474.0,410.0,327.0,251.0
55432,2023-01-21T00:00:00Z,2023,1,6,False,False,11288,192.0,131.0,79.0,85.0,90.0,219,473,526,543.0,654.0,703.0,707.0,755,716,705,720,777,675.0,412,362,380.0,467.0,583.0,334.0
55432,2023-01-16T00:00:00Z,2023,1,1,False,False,10156,88.0,49.0,38.0,29.0,63.0,268,601,614,675.0,629.0,655.0,623.0,587,571,555,590,674,766.0,610,482,372.0,298.0,218.0,101.0
55432,2023-01-15T00:00:00Z,2023,1,7,False,False,11739,241.0,191.0,218.0,130.0,132.0,174,296,417,554.0,707.0,868.0,845.0,766,839,786,706,707,716.0,648,510,430.0,369.0,325.0,164.0
55432,2023-01-10T00:00:00Z,2023,1,2,False,False,10498,23.0,42.0,25.0,35.0,65.0,288,569,619,639.0,726.0,608.0,620.0,628,607,637,662,617,778.0,606,485,395.0,359.0,274.0,191.0
55432,2023-01-05T00:00:00Z,2023,1,4,False,False,9928,85.0,54.0,35.0,50.0,97.0,244,490,541,556.0,670.0,540.0,660.0,628,657,603,654,595,702.0,475,431,389.0,367.0,246.0,159.0
55432,2023-01-26T00:00:00Z,2023,1,4,False,False,9909,161.0,85.0,84.0,86.0,93.0,203,361,533,593.0,741.0,678.0,793.0,625,642,638,596,518,482.0,467,410,377.0,297.0,290.0,156.0
55432,2023-01-11T00:00:00Z,2023,1,3,False,False,10410,24.0,59.0,23.0,27.0,81.0,287,562,581,650.0,664.0,660.0,637.0,557,586,573,642,653,772.0,637,483,425.0,415.0,274.0,138.0
55432,2023-01-23T00:00:00Z,2023,1,1,False,False,10235,76.0,42.0,32.0,45.0,71.0,264,642,654,628.0,608.0,554.0,584.0,588,582,588,578,676,786.0,652,502,379.0,346.0,242.0,116.0
55432,2023-01-06T00:00:00Z,2023,1,5,False,False,9631,102.0,48.0,39.0,43.0,70.0,217,492,524,590.0,585.0,503.0,596.0,614,574,597,589,602,585.0,536,394,385.0,415.0,322.0,209.0
55432,2023-01-25T00:00:00Z,2023,1,3,False,False,12243,81.0,30.0,20.0,35.0,86.0,286,667,647,675.0,727.0,677.0,659.0,649,626,659,679,762,839.0,807,743,655.0,463.0,478.0,293.0
55432,2023-01-20T00:00:00Z,2023,1,5,False,False,10789,,37.0,42.0,48.0,73.0,263,583,589,638.0,640.0,559.0,619.0,629,640,598,688,693,719.0,602,508,446.0,474.0,399.0,302.0
55432,2023-01-04T00:00:00Z,2023,1,3,False,False,10191,84.0,45.0,57.0,34.0,81.0,268,561,554,620.0,569.0,530.0,606.0,611,555,597,537,650,705.0,581,607,445.0,333.0,388.0,173.0
55432,2023-01-24T00:00:00Z,2023,1,2,False,False,11041,65.0,32.0,23.0,35.0,82.0,310,688,646,662.0,668.0,675.0,694.0,702,633,578,657,688,855.0,703,494,430.0,380.0,220.0,121.0
55432,2023-01-17T00:00:00Z,2023,1,2,False,False,11182,58.0,37.0,27.0,31.0,74.0,285,653,658,617.0,656.0,729.0,610.0,620,667,625,747,773,810.0,551,508,420.0,421.0,425.0,180.0
55432,2023-05-11T00:00:00Z,2023,5,4,False,False,11598,76.0,55.0,45.0,33.0,79.0,284,666,754,755.0,643.0,576.0,635.0,607,595,643,688,760,774.0,664,553,508.0,518.0,439.0,248.0
55432,2023-05-03T00:00:00Z,2023,5,3,False,False,11473,56.0,39.0,25.0,31.0,90.0,286,707,743,768.0,676.0,599.0,628.0,603,658,613,701,758,740.0,725,540,482.0,510.0,339.0,156.0
55432,2023-01-31T00:00:00Z,2023,1,2,False,False,10770,52.0,33.0,32.0,22.0,70.0,305,623,664,743.0,629.0,577.0,581.0,590,575,577,628,716,826.0,705,524,441.0,498.0,251.0,108.0
55432,2023-05-08T00:00:00Z,2023,5,1,False,False,10578,77.0,40.0,32.0,39.0,86.0,239,614,695,749.0,657.0,552.0,617.0,560,589,599,676,738,806.0,654,474,475.0,314.0,196.0,100.0
55432,2023-05-05T00:00:00Z,2023,5,5,False,False,11975,100.0,43.0,42.0,49.0,99.0,303,751,739,603.0,630.0,628.0,637.0,662,650,668,735,740,785.0,683,550,494.0,580.0,483.0,321.0
55432,2023-01-28T00:00:00Z,2023,1,6,False,False,12293,165.0,100.0,61.0,54.0,67.0,190,475,536,676.0,794.0,819.0,774.0,858,822,756,750,631,614.0,604,573,613.0,510.0,449.0,402.0
55432,2023-05-02T00:00:00Z,2023,5,2,False,False,11251,64.0,29.0,18.0,27.0,106.0,254,722,760,747.0,677.0,637.0,627.0,625,627,632,679,751,830.0,599,529,496.0,393.0,272.0,150.0
55432,2023-05-09T00:00:00Z,2023,5,2,False,False,10895,72.0,31.0,24.0,42.0,76.0,270,690,707,736.0,704.0,589.0,608.0,569,641,628,673,720,812.0,634,494,428.0,385.0,249.0,113.0
55432,2023-05-04T00:00:00Z,2023,5,4,False,False,11774,85.0,56.0,28.0,40.0,100.0,311,714,757,803.0,685.0,652.0,588.0,654,682,640,694,766,734.0,723,570,480.0,515.0,323.0,174.0
55432,2023-05-07T00:00:00Z,2023,5,7,False,False,10699,336.0,207.0,193.0,148.0,120.0,132,283,350,615.0,668.0,729.0,649.0,778,761,734,649,695,572.0,473,483,421.0,338.0,237.0,128.0
55432,2023-05-06T00:00:00Z,2023,5,6,False,False,12629,228.0,137.0,109.0,89.0,130.0,245,569,761,816.0,767.0,760.0,792.0,738,799,784,722,643,631.0,600,542,457.0,484.0,454.0,372.0
55432,2023-05-12T00:00:00Z,2023,5,5,False,False,12430,138.0,84.0,79.0,77.0,142.0,259,683,756,746.0,644.0,615.0,704.0,647,648,706,727,717,800.0,721,694,550.0,496.0,466.0,331.0
55432,2023-01-29T00:00:00Z,2023,1,7,False,False,11008,372.0,216.0,189.0,107.0,91.0,166,313,425,541.0,605.0,719.0,712.0,825,790,817,742,694,557.0,537,451,355.0,399.0,249.0,136.0
55432,2023-01-30T00:00:00Z,2023,1,1,False,False,9892,94.0,71.0,37.0,29.0,81.0,285,557,700,713.0,608.0,596.0,548.0,504,571,540,667,652,700.0,602,423,308.0,276.0,206.0,124.0
55432,2023-02-28T00:00:00Z,2023,2,2,False,False,11153,25.0,43.0,30.0,38.0,75.0,249,657,793,704.0,699.0,646.0,602.0,568,624,648,678,756,791.0,685,587,478.0,379.0,249.0,149.0
55432,2023-03-24T00:00:00Z,2023,3,5,False,False,11983,89.0,57.0,33.0,61.0,92.0,325,654,787,741.0,670.0,639.0,670.0,657,632,716,732,732,726.0,688,578,491.0,450.0,414.0,349.0
55432,2023-04-03T00:00:00Z,2023,4,1,False,False,10711,73.0,40.0,29.0,35.0,92.0,267,571,754,759.0,638.0,546.0,579.0,597,618,582,693,718,818.0,639,536,417.0,368.0,210.0,132.0
55432,2023-05-10T00:00:00Z,2023,5,3,False,False,11142,78.0,29.0,33.0,30.0,87.0,284,632,748,784.0,666.0,559.0,631.0,633,627,612,710,743,799.0,619,522,482.0,417.0,264.0,153.0
55432,2023-05-13T00:00:00Z,2023,5,6,False,False,12155,208.0,151.0,127.0,101.0,91.0,208,527,515,726.0,762.0,756.0,733.0,736,751,713,657,721,623.0,643,514,492.0,472.0,502.0,426.0
55432,2023-05-01T00:00:00Z,2023,5,1,False,False,10881,77.0,48.0,40.0,46.0,67.0,270,624,768,817.0,633.0,596.0,589.0,637,645,601,687,740,789.0,655,487,460.0,322.0,200.0,83.0
55432,2023-04-30T00:00:00Z,2023,4,7,False,False,10287,283.0,250.0,190.0,130.0,112.0,119,241,311,469.0,600.0,664.0,720.0,719,750,756,694,705,593.0,477,417,438.0,334.0,197.0,118.0
55432,2023-03-15T00:00:00Z,2023,3,3,False,False,11282,53.0,32.0,28.0,37.0,73.0,250,679,735,748.0,624.0,625.0,628.0,587,639,613,725,749,771.0,688,589,504.0,424.0,344.0,137.0
55432,2023-03-20T00:00:00Z,2023,3,1,False,False,10658,105.0,67.0,26.0,51.0,84.0,232,666,703,721.0,640.0,572.0,582.0,552,616,642,661,693,772.0,644,498,414.0,346.0,253.0,118.0
55432,2023-03-03T00:00:00Z,2023,3,5,False,False,11904,136.0,66.0,47.0,65.0,102.0,302,698,736,760.0,691.0,595.0,610.0,633,632,679,704,745,743.0,654,580,486.0,431.0,428.0,381.0
55432,2023-04-27T00:00:00Z,2023,4,4,False,False,11580,64.0,43.0,41.0,41.0,98.0,298,675,718,685.0,638.0,638.0,615.0,598,597,662,727,752,764.0,742,606,602.0,447.0,369.0,160.0
55432,2023-04-16T00:00:00Z,2023,4,7,False,False,10517,272.0,197.0,183.0,134.0,95.0,159,239,377,452.0,586.0,707.0,738.0,813,777,821,647,642,577.0,494,417,378.0,325.0,332.0,155.0
55432,2023-03-29T00:00:00Z,2023,3,3,False,False,11416,87.0,41.0,29.0,48.0,79.0,271,669,668,720.0,686.0,638.0,596.0,613,649,601,629,765,799.0,693,565,542.0,413.0,411.0,204.0
55432,2023-02-10T00:00:00Z,2023,2,5,False,False,11867,92.0,58.0,51.0,27.0,82.0,303,679,742,736.0,716.0,681.0,660.0,666,643,668,625,699,671.0,799,647,522.0,426.0,400.0,274.0
55432,2023-04-08T00:00:00Z,2023,4,6,False,False,10831,121.0,62.0,53.0,43.0,66.0,155,377,371,506.0,691.0,778.0,733.0,765,759,727,628,675,631.0,644,470,422.0,403.0,493.0,258.0
55432,2023-02-26T00:00:00Z,2023,2,7,False,False,13493,,781.0,624.0,508.0,348.0,315,455,532,609.0,722.0,751.0,847.0,878,837,787,692,760,656.0,588,488,507.0,389.0,271.0,148.0
55432,2023-03-06T00:00:00Z,2023,3,1,False,False,11614,31.0,73.0,41.0,51.0,102.0,251,663,741,752.0,762.0,617.0,680.0,658,673,681,668,716,859.0,769,653,445.0,363.0,249.0,116.0
55432,2023-02-09T00:00:00Z,2023,2,4,False,False,10972,220.0,58.0,33.0,44.0,93.0,274,621,701,766.0,719.0,553.0,597.0,591,591,551,658,748,676.0,648,544,432.0,414.0,292.0,148.0
55432,2023-03-18T00:00:00Z,2023,3,6,False,False,13176,271.0,189.0,137.0,120.0,113.0,210,503,637,744.0,797.0,740.0,801.0,796,862,790,837,761,766.0,727,507,448.0,575.0,487.0,358.0
55432,2023-03-12T00:00:00Z,2023,3,7,False,False,10353,240.0,206.0,164.0,115.0,92.0,151,323,366,535.0,658.0,691.0,745.0,605,672,772,663,658,656.0,477,427,387.0,364.0,225.0,161.0
55432,2023-02-23T00:00:00Z,2023,2,4,False,False,12428,102.0,67.0,43.0,39.0,79.0,286,677,746,672.0,673.0,748.0,857.0,845,716,699,702,715,767.0,679,625,534.0,555.0,365.0,237.0
55432,2023-02-25T00:00:00Z,2023,2,6,False,False,15235,284.0,189.0,186.0,80.0,91.0,190,503,651,779.0,737.0,794.0,818.0,774,770,829,745,909,911.0,854,779,785.0,873.0,794.0,910.0
55432,2023-02-22T00:00:00Z,2023,2,3,False,False,11262,89.0,43.0,30.0,47.0,87.0,284,623,728,734.0,661.0,614.0,606.0,605,634,615,695,740,747.0,751,541,461.0,437.0,317.0,173.0
55432,2023-02-11T00:00:00Z,2023,2,6,False,False,12380,174.0,124.0,93.0,84.0,80.0,202,490,613,790.0,853.0,759.0,828.0,727,791,838,749,737,624.0,673,516,427.0,433.0,424.0,351.0
55432,2023-04-01T00:00:00Z,2023,4,6,False,False,11858,223.0,160.0,117.0,100.0,80.0,171,455,587,752.0,735.0,687.0,696.0,737,737,660,667,640,698.0,588,534,497.0,475.0,477.0,385.0
55432,2023-02-17T00:00:00Z,2023,2,5,False,False,12480,100.0,60.0,41.0,46.0,73.0,323,730,784,763.0,723.0,657.0,711.0,662,686,744,740,737,860.0,727,566,518.0,471.0,448.0,310.0
55432,2023-03-08T00:00:00Z,2023,3,3,False,False,11339,29.0,32.0,27.0,42.0,87.0,265,674,738,799.0,683.0,685.0,647.0,659,626,636,703,678,616.0,717,567,536.0,450.0,284.0,159.0
55432,2023-02-01T00:00:00Z,2023,2,3,False,False,11322,59.0,31.0,28.0,37.0,76.0,311,623,727,798.0,675.0,629.0,601.0,639,620,617,718,681,813.0,709,554,494.0,441.0,291.0,150.0
55432,2023-03-19T00:00:00Z,2023,3,7,False,False,11420,269.0,215.0,174.0,119.0,117.0,140,358,419,607.0,706.0,707.0,818.0,806,762,783,760,733,653.0,575,497,415.0,373.0,245.0,169.0
55432,2023-03-17T00:00:00Z,2023,3,5,False,False,12653,119.0,51.0,39.0,41.0,100.0,278,676,706,767.0,635.0,632.0,708.0,687,678,683,723,803,876.0,806,690,524.0,489.0,553.0,389.0
55432,2023-03-28T00:00:00Z,2023,3,2,False,False,10998,55.0,49.0,22.0,35.0,82.0,290,661,717,733.0,698.0,669.0,621.0,590,581,605,674,717,744.0,663,473,405.0,386.0,383.0,145.0
55432,2023-03-21T00:00:00Z,2023,3,2,False,False,11105,61.0,34.0,30.0,26.0,87.0,269,693,723,716.0,658.0,626.0,622.0,577,598,685,676,686,785.0,678,591,455.0,400.0,303.0,126.0
55432,2023-02-04T00:00:00Z,2023,2,6,False,False,12291,168.0,126.0,100.0,104.0,81.0,218,415,582,713.0,750.0,747.0,820.0,794,877,804,791,777,646.0,610,470,444.0,454.0,426.0,374.0
55432,2023-04-23T00:00:00Z,2023,4,7,False,False,10377,311.0,308.0,166.0,138.0,114.0,164,252,327,472.0,552.0,712.0,739.0,677,725,729,705,665,609.0,497,423,372.0,344.0,242.0,134.0
55432,2023-04-17T00:00:00Z,2023,4,1,False,False,10598,119.0,58.0,39.0,33.0,88.0,277,630,593,683.0,664.0,650.0,643.0,606,597,597,640,663,777.0,625,474,364.0,361.0,293.0,124.0
55432,2023-04-18T00:00:00Z,2023,4,2,False,False,11467,93.0,42.0,37.0,43.0,79.0,295,695,705,716.0,682.0,668.0,624.0,656,611,598,698,769,803.0,727,563,483.0,430.0,306.0,144.0
55432,2023-04-22T00:00:00Z,2023,4,6,False,False,11734,235.0,138.0,92.0,96.0,89.0,212,470,452,548.0,685.0,759.0,733.0,743,724,749,691,644,647.0,601,567,559.0,528.0,401.0,371.0
55432,2023-02-15T00:00:00Z,2023,2,3,False,False,11666,129.0,65.0,43.0,61.0,126.0,302,661,749,732.0,692.0,646.0,581.0,638,604,610,686,719,847.0,715,556,469.0,484.0,372.0,179.0
55432,2023-03-10T00:00:00Z,2023,3,5,False,False,12699,103.0,46.0,35.0,51.0,93.0,294,702,824,718.0,782.0,703.0,623.0,669,678,629,723,806,852.0,742,622,628.0,509.0,568.0,299.0
55432,2023-02-16T00:00:00Z,2023,2,4,False,False,11957,86.0,42.0,44.0,37.0,71.0,328,682,766,795.0,719.0,652.0,638.0,625,628,630,769,770,751.0,652,620,536.0,510.0,372.0,234.0
55432,2023-02-19T00:00:00Z,2023,2,7,False,False,11333,267.0,198.0,143.0,112.0,84.0,122,290,399,547.0,665.0,717.0,715.0,752,687,752,748,727,680.0,693,636,523.0,401.0,270.0,205.0
55432,2023-03-31T00:00:00Z,2023,3,5,False,False,12452,112.0,72.0,48.0,55.0,88.0,296,720,771,803.0,707.0,675.0,701.0,683,658,720,787,767,748.0,709,552,488.0,505.0,453.0,334.0
55432,2023-03-01T00:00:00Z,2023,3,3,False,False,11149,79.0,24.0,28.0,39.0,74.0,263,670,751,738.0,703.0,686.0,588.0,591,606,591,642,689,777.0,647,516,492.0,447.0,320.0,188.0
55432,2023-04-13T00:00:00Z,2023,4,4,False,False,10953,78.0,56.0,48.0,41.0,93.0,278,659,660,681.0,730.0,620.0,634.0,570,587,634,710,722,749.0,598,466,404.0,410.0,336.0,189.0
55432,2023-02-05T00:00:00Z,2023,2,7,False,False,11077,334.0,204.0,170.0,146.0,93.0,210,335,440,588.0,655.0,772.0,727.0,790,795,676,707,742,567.0,499,444,399.0,316.0,264.0,204.0
55432,2023-04-15T00:00:00Z,2023,4,6,False,False,11731,205.0,135.0,113.0,82.0,101.0,195,462,509,612.0,729.0,716.0,762.0,721,753,707,706,750,666.0,590,484,464.0,501.0,405.0,363.0
55432,2023-04-04T00:00:00Z,2023,4,2,False,False,11276,50.0,35.0,24.0,36.0,83.0,319,655,765,753.0,695.0,632.0,605.0,562,633,610,652,741,804.0,673,542,501.0,445.0,305.0,156.0
55432,2023-02-08T00:00:00Z,2023,2,3,False,False,11630,100.0,67.0,24.0,41.0,64.0,314,697,737,684.0,674.0,612.0,572.0,590,638,615,711,722,773.0,767,677,642.0,448.0,277.0,184.0
55432,2023-02-18T00:00:00Z,2023,2,6,False,False,12973,223.0,107.0,123.0,75.0,101.0,209,541,703,824.0,850.0,750.0,883.0,771,774,820,793,787,715.0,639,498,499.0,438.0,455.0,395.0
55432,2023-04-05T00:00:00Z,2023,4,3,False,False,11430,81.0,44.0,32.0,33.0,105.0,302,659,736,772.0,670.0,652.0,622.0,644,660,576,691,688,829.0,671,504,468.0,425.0,344.0,222.0
55432,2023-04-21T00:00:00Z,2023,4,5,False,False,11987,167.0,104.0,62.0,90.0,98.0,253,653,702,696.0,647.0,690.0,661.0,669,687,639,706,727,710.0,734,563,538.0,472.0,458.0,261.0
55432,2023-03-11T00:00:00Z,2023,3,6,False,False,12139,48.0,173.0,125.0,92.0,109.0,203,453,636,681.0,732.0,882.0,718.0,825,886,753,668,645,652.0,568,508,470.0,454.0,451.0,407.0
55432,2023-02-27T00:00:00Z,2023,2,1,False,False,10965,20.0,49.0,53.0,56.0,83.0,263,650,716,728.0,691.0,598.0,607.0,576,598,597,711,699,781.0,692,486,402.0,392.0,373.0,144.0
55432,2023-03-02T00:00:00Z,2023,3,4,False,False,11559,27.0,50.0,37.0,43.0,84.0,289,641,710,734.0,682.0,623.0,619.0,601,623,656,700,718,778.0,723,541,522.0,452.0,415.0,291.0
55432,2023-04-29T00:00:00Z,2023,4,6,False,False,11612,199.0,123.0,119.0,81.0,91.0,177,511,566,690.0,708.0,699.0,795.0,683,623,669,758,737,460.0,531,533,491.0,514.0,448.0,406.0
55432,2023-02-13T00:00:00Z,2023,2,1,False,False,10556,66.0,38.0,35.0,37.0,86.0,254,595,784,786.0,695.0,554.0,541.0,575,573,552,697,663,813.0,669,484,403.0,330.0,206.0,120.0
55432,2023-03-05T00:00:00Z,2023,3,7,False,False,12394,102.0,299.0,190.0,169.0,129.0,162,381,403,637.0,798.0,919.0,949.0,850,886,778,819,786,663.0,600,476,491.0,427.0,293.0,187.0
55432,2023-02-21T00:00:00Z,2023,2,2,False,False,11414,59.0,35.0,23.0,51.0,88.0,315,679,738,753.0,757.0,675.0,651.0,609,623,623,674,710,758.0,738,517,423.0,445.0,285.0,185.0
55432,2023-02-12T00:00:00Z,2023,2,7,False,False,11421,256.0,203.0,157.0,97.0,80.0,165,356,476,625.0,833.0,761.0,743.0,788,797,772,703,690,692.0,575,514,420.0,384.0,232.0,102.0
55432,2023-02-02T00:00:00Z,2023,2,4,False,False,11877,55.0,45.0,32.0,48.0,82.0,296,664,745,764.0,691.0,649.0,664.0,640,658,639,704,789,815.0,817,530,491.0,478.0,337.0,244.0
55432,2023-03-27T00:00:00Z,2023,3,1,False,False,10532,111.0,56.0,46.0,50.0,68.0,291,607,691,692.0,636.0,614.0,540.0,571,599,626,664,669,779.0,647,516,419.0,306.0,227.0,107.0
55432,2023-02-03T00:00:00Z,2023,2,5,False,False,12064,215.0,84.0,37.0,64.0,95.0,310,667,738,747.0,691.0,627.0,688.0,657,697,729,763,710,768.0,654,544,494.0,431.0,379.0,275.0
55432,2023-03-09T00:00:00Z,2023,3,4,False,False,11507,32.0,41.0,37.0,49.0,73.0,263,672,759,731.0,668.0,661.0,646.0,638,615,631,682,749,803.0,687,592,516.0,451.0,333.0,178.0
55432,2023-03-16T00:00:00Z,2023,3,4,False,False,12021,40.0,54.0,45.0,51.0,78.0,265,648,748,735.0,702.0,648.0,676.0,663,653,656,754,747,844.0,740,645,504.0,490.0,377.0,258.0
55432,2023-04-06T00:00:00Z,2023,4,4,False,False,11575,123.0,69.0,56.0,52.0,93.0,309,654,724,692.0,626.0,669.0,627.0,618,697,658,702,736,763.0,640,550,453.0,422.0,415.0,227.0
55432,2023-04-20T00:00:00Z,2023,4,4,False,False,10973,106.0,45.0,41.0,52.0,85.0,267,628,643,690.0,643.0,610.0,659.0,662,593,574,666,722,745.0,654,499,428.0,430.0,312.0,219.0
55432,2023-03-07T00:00:00Z,2023,3,2,False,False,11475,20.0,47.0,21.0,37.0,67.0,284,659,811,698.0,728.0,645.0,614.0,583,595,606,658,897,809.0,744,594,493.0,456.0,268.0,141.0
55432,2023-04-24T00:00:00Z,2023,4,1,False,False,10926,90.0,58.0,43.0,49.0,68.0,209,612,670,650.0,627.0,552.0,632.0,625,678,602,628,727,746.0,627,563,559.0,399.0,301.0,211.0
55432,2023-04-19T00:00:00Z,2023,4,3,False,False,11731,112.0,59.0,43.0,32.0,95.0,289,672,681,674.0,695.0,641.0,630.0,642,678,605,712,775,852.0,726,558,497.0,487.0,370.0,206.0
55432,2023-03-13T00:00:00Z,2023,3,1,False,False,10559,,49.0,42.0,45.0,86.0,232,615,700,714.0,644.0,577.0,562.0,585,589,640,673,726,800.0,664,498,415.0,318.0,199.0,186.0
55432,2023-03-25T00:00:00Z,2023,3,6,False,False,12107,244.0,145.0,105.0,78.0,70.0,174,493,501,666.0,802.0,781.0,656.0,677,742,774,658,672,639.0,529,532,486.0,661.0,593.0,429.0
55432,2023-03-04T00:00:00Z,2023,3,6,False,False,14178,321.0,54.0,136.0,121.0,117.0,171,492,677,800.0,823.0,856.0,903.0,842,899,865,800,830,802.0,780,639,530.0,612.0,548.0,560.0
55432,2023-02-07T00:00:00Z,2023,2,2,False,False,11163,63.0,45.0,22.0,34.0,73.0,297,650,756,748.0,694.0,621.0,572.0,535,560,615,681,698,818.0,766,555,485.0,378.0,265.0,232.0
55432,2023-04-26T00:00:00Z,2023,4,3,False,False,11366,72.0,45.0,31.0,44.0,87.0,265,682,800,699.0,645.0,634.0,558.0,575,588,582,697,728,796.0,666,639,582.0,483.0,350.0,118.0
55432,2023-03-26T00:00:00Z,2023,3,7,False,False,10485,260.0,208.0,187.0,159.0,88.0,152,290,419,586.0,734.0,760.0,868.0,569,586,666,684,626,613.0,505,417,449.0,321.0,205.0,133.0
55432,2023-04-14T00:00:00Z,2023,4,5,False,False,10911,99.0,62.0,45.0,44.0,79.0,231,594,685,632.0,734.0,588.0,603.0,626,671,618,639,703,692.0,541,470,454.0,361.0,409.0,331.0
55432,2023-02-14T00:00:00Z,2023,2,2,False,False,11243,57.0,41.0,19.0,36.0,76.0,288,685,781,766.0,677.0,571.0,570.0,627,620,598,663,703,821.0,736,538,440.0,387.0,297.0,246.0
55432,2023-04-11T00:00:00Z,2023,4,2,False,False,10474,58.0,34.0,29.0,56.0,102.0,304,621,654,687.0,663.0,679.0,626.0,575,595,594,645,657,738.0,630,441,364.0,359.0,229.0,134.0
55432,2023-04-12T00:00:00Z,2023,4,3,False,False,11011,67.0,37.0,21.0,47.0,101.0,307,690,701,726.0,716.0,618.0,658.0,639,592,627,667,703,757.0,606,491,415.0,380.0,289.0,156.0
55432,2023-02-20T00:00:00Z,2023,2,1,False,False,11020,98.0,51.0,40.0,34.0,66.0,280,660,755,728.0,667.0,581.0,640.0,630,609,608,675,679,784.0,679,560,447.0,401.0,220.0,128.0
55432,2023-04-28T00:00:00Z,2023,4,5,False,False,12563,121.0,54.0,39.0,58.0,105.0,319,664,760,768.0,659.0,656.0,675.0,675,683,681,778,807,737.0,779,678,517.0,535.0,465.0,350.0
55432,2023-04-10T00:00:00Z,2023,4,1,False,False,9099,266.0,178.0,81.0,76.0,82.0,145,277,285,345.0,598.0,728.0,660.0,712,732,656,630,519,444.0,410,368,346.0,261.0,191.0,109.0
55432,2023-03-14T00:00:00Z,2023,3,2,False,False,10478,70.0,,25.0,34.0,70.0,232,591,692,738.0,636.0,537.0,550.0,546,592,551,632,721,833.0,653,542,469.0,385.0,230.0,149.0
55432,2023-02-06T00:00:00Z,2023,2,1,False,False,11330,143.0,115.0,37.0,39.0,77.0,266,640,736,675.0,657.0,600.0,615.0,603,586,653,660,722,800.0,733,615,506.0,347.0,360.0,145.0
55432,2023-02-24T00:00:00Z,2023,2,5,False,False,12563,97.0,64.0,46.0,48.0,98.0,266,644,804,778.0,709.0,622.0,656.0,671,675,699,748,710,805.0,782,691,517.0,539.0,493.0,401.0
55432,2023-03-23T00:00:00Z,2023,3,4,False,False,11375,103.0,64.0,40.0,44.0,81.0,247,656,722,708.0,671.0,621.0,627.0,658,626,682,711,739,753.0,669,545,430.0,401.0,348.0,229.0
55432,2023-04-25T00:00:00Z,2023,4,2,False,False,10107,173.0,92.0,69.0,64.0,119.0,238,313,406,442.0,589.0,811.0,855.0,784,674,724,674,513,486.0,504,453,412.0,311.0,273.0,128.0
55432,2023-03-30T00:00:00Z,2023,3,4,False,False,11879,83.0,56.0,39.0,40.0,87.0,273,628,784,739.0,671.0,647.0,643.0,616,666,703,723,758,774.0,777,641,460.0,496.0,375.0,200.0
55432,2023-03-22T00:00:00Z,2023,3,3,False,False,11213,104.0,32.0,23.0,53.0,71.0,263,675,721,750.0,646.0,586.0,617.0,595,659,572,702,758,796.0,657,551,498.0,419.0,287.0,178.0
55432,2023-04-09T00:00:00Z,2023,4,7,False,False,9636,233.0,189.0,160.0,138.0,98.0,158,208,309,391.0,531.0,602.0,645.0,745,661,568,536,505,515.0,509,499,511.0,369.0,301.0,255.0
